"","starch_umol_Glc_m2.12.comps"
"(Intercept)",-1.35372275385254
"Wave_500",23.1791283208934
"Wave_501",28.6229027669697
"Wave_502",28.1155737911164
"Wave_503",22.06042100637
"Wave_504",20.3256449234334
"Wave_505",24.4378881158746
"Wave_506",26.0491989545146
"Wave_507",27.6780044401409
"Wave_508",28.8043452739813
"Wave_509",25.5684138886432
"Wave_510",23.5677159240722
"Wave_511",26.2696564509742
"Wave_512",29.9041909092962
"Wave_513",31.1736462863077
"Wave_514",28.7071229520674
"Wave_515",24.8679476246736
"Wave_516",20.9622265049234
"Wave_517",16.025772460021
"Wave_518",14.1570939380973
"Wave_519",12.1230125441653
"Wave_520",11.7004790962111
"Wave_521",9.55818307231232
"Wave_522",4.64135885926643
"Wave_523",2.13964421369801
"Wave_524",-4.71697938037151
"Wave_525",-9.38246850592891
"Wave_526",-12.5118853865296
"Wave_527",-12.5349483937496
"Wave_528",-13.7484049522945
"Wave_529",-13.6829207385443
"Wave_530",-12.5262310314483
"Wave_531",-12.9665439052806
"Wave_532",-14.0526387827929
"Wave_533",-13.2624385536239
"Wave_534",-10.6077316026206
"Wave_535",-8.91290749699389
"Wave_536",-6.17963763787087
"Wave_537",-4.98242180575788
"Wave_538",-3.82933251031699
"Wave_539",0.420502048310136
"Wave_540",-0.143982854885381
"Wave_541",-1.07950545693043
"Wave_542",0.144601272578869
"Wave_543",4.04760840302969
"Wave_544",5.49928123088578
"Wave_545",6.91724019876107
"Wave_546",3.88714150849283
"Wave_547",2.4789144692064
"Wave_548",2.08538501667876
"Wave_549",2.8646355649418
"Wave_550",4.38410191046027
"Wave_551",9.81378747604036
"Wave_552",11.6471950417306
"Wave_553",6.80537933433886
"Wave_554",4.01996688293677
"Wave_555",3.15821129489749
"Wave_556",0.716161585672726
"Wave_557",2.7246803536958
"Wave_558",2.87047324606444
"Wave_559",2.48298809522018
"Wave_560",3.37472281809758
"Wave_561",7.49985958139754
"Wave_562",3.87978235543864
"Wave_563",-0.546659780983505
"Wave_564",-1.46657613996772
"Wave_565",0.225152662564725
"Wave_566",1.47820187068987
"Wave_567",1.83250583609065
"Wave_568",1.27719195705231
"Wave_569",0.382183390829997
"Wave_570",0.124733345199586
"Wave_571",-2.63337010072599
"Wave_572",-2.38456486857113
"Wave_573",-1.70755438573299
"Wave_574",-0.792849173737935
"Wave_575",0.447093811518521
"Wave_576",2.15386355361045
"Wave_577",3.10374461108858
"Wave_578",4.49468738994396
"Wave_579",3.79625520727463
"Wave_580",1.31992557209869
"Wave_581",1.98169949079499
"Wave_582",4.06801526849346
"Wave_583",5.67486055851508
"Wave_584",3.77525533153764
"Wave_585",1.26861644386004
"Wave_586",0.400700215847408
"Wave_587",0.048897688855611
"Wave_588",0.362791323628262
"Wave_589",-0.397776098608241
"Wave_590",-0.49719701600318
"Wave_591",-0.956248615087209
"Wave_592",-2.32476620774215
"Wave_593",-3.57182733324209
"Wave_594",-9.01543491413395
"Wave_595",-12.0854022127872
"Wave_596",-9.58404988954738
"Wave_597",-9.5036058281989
"Wave_598",-10.7546194074157
"Wave_599",-12.8052182622447
"Wave_600",-14.3738894034938
"Wave_601",-16.5877499688188
"Wave_602",-18.5954499783375
"Wave_603",-15.6794807809878
"Wave_604",-15.8624203053816
"Wave_605",-17.1906749936167
"Wave_606",-17.2756330278203
"Wave_607",-15.9138762096359
"Wave_608",-13.981979111903
"Wave_609",-12.1690527089526
"Wave_610",-10.1945511794028
"Wave_611",-6.92786993160565
"Wave_612",-6.51391669275547
"Wave_613",-6.24682463855634
"Wave_614",-4.19175461431176
"Wave_615",0.514787670016664
"Wave_616",1.98884589668043
"Wave_617",2.54269241160002
"Wave_618",4.58616793656877
"Wave_619",5.1596499240506
"Wave_620",7.03637495589497
"Wave_621",9.58605002990162
"Wave_622",9.54066082889942
"Wave_623",11.0052943028294
"Wave_624",11.3227723483864
"Wave_625",11.7700147194705
"Wave_626",10.3685581919293
"Wave_627",10.7470241325194
"Wave_628",12.848276658204
"Wave_629",12.4779615588658
"Wave_630",10.7546202361909
"Wave_631",8.35877113358862
"Wave_632",6.54995340436705
"Wave_633",4.80029528990939
"Wave_634",0.17462975307748
"Wave_635",-2.69403797744411
"Wave_636",-3.31984374594811
"Wave_637",-4.95156081293018
"Wave_638",-8.02373858556296
"Wave_639",-12.4289039050394
"Wave_640",-15.6961631592731
"Wave_641",-18.5697978304532
"Wave_642",-21.5025687701048
"Wave_643",-24.6178097062347
"Wave_644",-27.1280066590472
"Wave_645",-27.0554326360354
"Wave_646",-27.7465880800447
"Wave_647",-31.0019143180834
"Wave_648",-31.662695399237
"Wave_649",-32.7477789803297
"Wave_650",-33.138570827777
"Wave_651",-30.2763244419677
"Wave_652",-28.8502359383493
"Wave_653",-29.8343977219205
"Wave_654",-31.0164149949237
"Wave_655",-28.8720659230781
"Wave_656",-23.9338974727334
"Wave_657",-18.6541070916374
"Wave_658",-13.3280609026946
"Wave_659",-10.2283448296044
"Wave_660",-8.28797695868768
"Wave_661",-5.04264836984287
"Wave_662",-2.23550858833383
"Wave_663",2.11090733798083
"Wave_664",8.07385933879558
"Wave_665",12.4765565802722
"Wave_666",14.5448269744021
"Wave_667",13.1380097995722
"Wave_668",13.9348449210478
"Wave_669",14.838627996007
"Wave_670",16.0624162808102
"Wave_671",15.8863012151362
"Wave_672",15.4682186147029
"Wave_673",16.5131565859345
"Wave_674",16.8858918002128
"Wave_675",13.1875623012821
"Wave_676",11.21385913124
"Wave_677",8.40816659810184
"Wave_678",5.85063233640614
"Wave_679",2.42264704027046
"Wave_680",0.50802960993972
"Wave_681",-3.09558005113678
"Wave_682",-7.83108208959988
"Wave_683",-8.68409902371826
"Wave_684",-10.7299297919799
"Wave_685",-13.7557056702627
"Wave_686",-15.594049968954
"Wave_687",-12.4925141849283
"Wave_688",-10.9963986623082
"Wave_689",-10.9950490727688
"Wave_690",-7.08930702697876
"Wave_691",-3.98148933770795
"Wave_692",-2.43863264900832
"Wave_693",2.31598097259586
"Wave_694",6.3165718368573
"Wave_695",6.366221362354
"Wave_696",6.03329012414099
"Wave_697",7.81974255741788
"Wave_698",7.41020413977011
"Wave_699",3.7683819611524
"Wave_700",4.73936110216845
"Wave_701",1.84279206744404
"Wave_702",-1.85877678837529
"Wave_703",-2.09716889776889
"Wave_704",0.913063545439547
"Wave_705",-0.395950966632447
"Wave_706",0.738689784759801
"Wave_707",2.78375979044595
"Wave_708",5.99387299556479
"Wave_709",6.71162526290933
"Wave_710",6.97803586473132
"Wave_711",9.85103112001756
"Wave_712",12.8242012669317
"Wave_713",12.4148942081436
"Wave_714",13.9424334153355
"Wave_715",13.0792941719168
"Wave_716",13.8956298551814
"Wave_717",14.0430531566199
"Wave_718",14.3215291639528
"Wave_719",16.620742352023
"Wave_720",16.4859468116825
"Wave_721",17.8158430486564
"Wave_722",19.7098505755323
"Wave_723",20.6570650650106
"Wave_724",20.7774323723791
"Wave_725",20.2318841662324
"Wave_726",19.4568943195448
"Wave_727",19.9917195482897
"Wave_728",14.6649408615127
"Wave_729",8.30246089581161
"Wave_730",-0.840406481336386
"Wave_731",-3.76695819411322
"Wave_732",-7.27226148522398
"Wave_733",-12.0498094718592
"Wave_734",-19.0095338745936
"Wave_735",-29.9141407363859
"Wave_736",-40.9850332033736
"Wave_737",-50.2391467876435
"Wave_738",-53.6672039334344
"Wave_739",-57.9753890679214
"Wave_740",-57.816887798754
"Wave_741",-58.8974291987058
"Wave_742",-63.9423259598584
"Wave_743",-66.471834215303
"Wave_744",-68.5911744687033
"Wave_745",-65.9440267281351
"Wave_746",-61.3661560410769
"Wave_747",-59.548937300961
"Wave_748",-56.4824027337024
"Wave_749",-56.221836842879
"Wave_750",-56.7065862417414
"Wave_751",-56.2936481390528
"Wave_752",-57.381766691869
"Wave_753",-52.7163769775685
"Wave_754",-47.3350023159453
"Wave_755",-43.1267308411225
"Wave_756",-42.1176486841708
"Wave_757",-41.0402674645754
"Wave_758",-41.5625288323495
"Wave_759",-37.9549698911486
"Wave_760",-31.7625011388368
"Wave_761",-28.081701117899
"Wave_762",-23.064746840955
"Wave_763",-21.5406348935117
"Wave_764",-22.1110697913172
"Wave_765",-18.9047994493195
"Wave_766",-16.3488884245619
"Wave_767",-13.8181050724142
"Wave_768",-11.6157373478552
"Wave_769",-7.41023839557529
"Wave_770",-6.10639755854379
"Wave_771",-0.953248147847245
"Wave_772",-1.81597721042457
"Wave_773",-2.33708887220055
"Wave_774",0.234617315576335
"Wave_775",3.11188107177178
"Wave_776",7.93343528686488
"Wave_777",8.81508857293776
"Wave_778",7.58251588505197
"Wave_779",11.0322725390025
"Wave_780",15.9201121102698
"Wave_781",16.6774269277662
"Wave_782",15.1251556816723
"Wave_783",17.0053446561088
"Wave_784",16.7654456033227
"Wave_785",19.2359062356101
"Wave_786",17.0056290744017
"Wave_787",18.0526214038491
"Wave_788",21.3588712609839
"Wave_789",23.526711961547
"Wave_790",24.0834200072566
"Wave_791",26.9536852940144
"Wave_792",25.1152170115308
"Wave_793",25.2709064707851
"Wave_794",26.4637468550736
"Wave_795",25.0157191314174
"Wave_796",24.4484255534252
"Wave_797",25.1104796761951
"Wave_798",28.0270372273276
"Wave_799",28.7920643331478
"Wave_800",27.5110996893008
"Wave_801",23.8990746966004
"Wave_802",24.7464000043387
"Wave_803",28.1226118078588
"Wave_804",30.1995031486523
"Wave_805",33.1125746418961
"Wave_806",35.9338011612454
"Wave_807",32.7165125447619
"Wave_808",31.1348147482316
"Wave_809",28.5342056120038
"Wave_810",29.9739043127107
"Wave_811",29.2320301146263
"Wave_812",32.6127272161101
"Wave_813",32.1088605615775
"Wave_814",27.5616475908763
"Wave_815",27.4763823195303
"Wave_816",26.7106131893631
"Wave_817",22.8482868558947
"Wave_818",25.6539612726056
"Wave_819",27.5542786237476
"Wave_820",27.2883983425778
"Wave_821",28.5949186193713
"Wave_822",29.5735168815591
"Wave_823",29.8471164417723
"Wave_824",27.8242711819326
"Wave_825",27.3941517225097
"Wave_826",28.0988939303851
"Wave_827",27.0116329005116
"Wave_828",28.2500674915683
"Wave_829",25.8645389758234
"Wave_830",22.0478737859321
"Wave_831",23.9140759881952
"Wave_832",25.3596753660943
"Wave_833",21.5532655051851
"Wave_834",21.9797456404443
"Wave_835",19.7181905418844
"Wave_836",22.4206343757607
"Wave_837",21.0193735319264
"Wave_838",22.8110741892165
"Wave_839",23.0146831143869
"Wave_840",18.9782322251024
"Wave_841",21.0642695607982
"Wave_842",26.7495030369022
"Wave_843",18.4475111170999
"Wave_844",15.7440979723388
"Wave_845",27.4861215966236
"Wave_846",24.0391585391953
"Wave_847",24.8127493592403
"Wave_848",20.847335198319
"Wave_849",14.4425919893089
"Wave_850",12.0878814298825
"Wave_851",11.2007103050389
"Wave_852",14.7312635503277
"Wave_853",18.5068387669637
"Wave_854",13.3174728680172
"Wave_855",15.7789713700604
"Wave_856",16.9642949785781
"Wave_857",16.2926325340412
"Wave_858",14.6169800078799
"Wave_859",11.2618086115576
"Wave_860",11.0619170562962
"Wave_861",11.2019114490395
"Wave_862",8.94904333621798
"Wave_863",9.27603089265636
"Wave_864",8.77801460514789
"Wave_865",13.0080757993055
"Wave_866",16.3856314039834
"Wave_867",17.6674257139357
"Wave_868",13.9129404527561
"Wave_869",10.9187016072244
"Wave_870",6.11332420886155
"Wave_871",5.37265571636926
"Wave_872",8.51555625036433
"Wave_873",20.2124211955278
"Wave_874",15.1777540864584
"Wave_875",8.94051724307277
"Wave_876",6.15071649243745
"Wave_877",6.07601268194957
"Wave_878",13.4914066306151
"Wave_879",7.73463769211676
"Wave_880",13.4371984215261
"Wave_881",13.2727736819214
"Wave_882",4.76444260756742
"Wave_883",19.0116634397465
"Wave_884",9.47538029944041
"Wave_885",5.7194447998222
"Wave_886",5.27649690374985
"Wave_887",5.40528271005719
"Wave_888",6.81072455738522
"Wave_889",14.1164950540811
"Wave_890",3.72545243476959
"Wave_891",10.0972876189071
"Wave_892",3.66214064116527
"Wave_893",2.57303953242431
"Wave_894",6.65878652612765
"Wave_895",13.40592074591
"Wave_896",5.38342919140651
"Wave_897",3.21488163117951
"Wave_898",1.11958718823777
"Wave_899",-1.92692552346217
"Wave_900",-1.65456352006834
"Wave_901",3.25634179443956
"Wave_902",6.89761864705921
"Wave_903",2.61527556671027
"Wave_904",-3.50797115987242
"Wave_905",-4.39036916895375
"Wave_906",-1.31005259270837
"Wave_907",-2.28953863389162
"Wave_908",-5.30184691628383
"Wave_909",7.2513949479527
"Wave_910",-2.33925505931301
"Wave_911",-6.19126946413095
"Wave_912",-3.00413685233751
"Wave_913",-1.63843501594988
"Wave_914",-3.70213029948069
"Wave_915",-5.09481553988619
"Wave_916",-7.81431827670646
"Wave_917",-11.3040075530226
"Wave_918",-15.9818052953377
"Wave_919",-16.5715257836066
"Wave_920",-6.15518957527982
"Wave_921",1.53206812131001
"Wave_922",-7.86986895046673
"Wave_923",-18.7610492375208
"Wave_924",-20.4925658729395
"Wave_925",-14.3152097352168
"Wave_926",-5.07827439250559
"Wave_927",2.66215359092696
"Wave_928",0.702905496013076
"Wave_929",-15.4288153811513
"Wave_930",-21.432386701243
"Wave_931",-22.7912620492159
"Wave_932",-15.1068369783953
"Wave_933",-0.840449137235198
"Wave_934",-4.62703184735393
"Wave_935",-26.8782942074432
"Wave_936",-29.1095166981876
"Wave_937",-12.2114484788382
"Wave_938",-4.0458646980621
"Wave_939",-2.04830137822284
"Wave_940",-0.663736099504295
"Wave_941",-17.1257635343641
"Wave_942",-26.5205176062051
"Wave_943",-21.6880756895453
"Wave_944",-10.7743787439605
"Wave_945",-14.2428472365061
"Wave_946",-26.1900906398582
"Wave_947",-26.2895882201096
"Wave_948",-11.573669376359
"Wave_949",-9.65275466319908
"Wave_950",2.84175426339969
"Wave_951",-13.650202721296
"Wave_952",-22.3937645101387
"Wave_953",-23.5239776153959
"Wave_954",-28.8905428762325
"Wave_955",-23.4743063566832
"Wave_956",-7.38730882896139
"Wave_957",-31.0478218878828
"Wave_958",-12.911505229801
"Wave_959",-5.96076227567828
"Wave_960",-18.6397118230531
"Wave_961",-27.9857676112697
"Wave_962",-22.8408673289457
"Wave_963",-21.4781496960738
"Wave_964",-25.0534099963104
"Wave_965",-20.1875364745395
"Wave_966",-24.0111744628023
"Wave_967",-26.8054165932917
"Wave_968",-23.6895320407954
"Wave_969",-20.1473402138037
"Wave_970",-23.4557227429167
"Wave_971",-19.3920520471575
"Wave_972",-20.2284980523048
"Wave_973",-22.5453010160609
"Wave_974",-24.8621068025259
"Wave_975",-24.31088717682
"Wave_976",-23.5545022254356
"Wave_977",-23.5658749627611
"Wave_978",-23.5772495251087
"Wave_979",-19.6762002362476
"Wave_980",-14.460864338877
"Wave_981",-8.65914702213275
"Wave_982",-3.55833433124134
"Wave_983",-4.7656913451152
"Wave_984",-6.97041415350249
"Wave_985",-9.42447710136878
"Wave_986",-11.2612123197354
"Wave_987",-10.6286357142184
"Wave_988",-4.77932930520802
"Wave_989",1.06997703371357
"Wave_990",7.1725374771705
"Wave_991",13.3292762410214
"Wave_992",18.1831829509102
"Wave_993",23.0370921882972
"Wave_994",25.623535643236
"Wave_995",26.6681308219226
"Wave_996",27.6422404318656
"Wave_997",28.6163513601925
"Wave_998",27.9458283183265
"Wave_999",26.1222652508993
"Wave_1000",23.8505075806481
"Wave_1001",21.5787526887847
"Wave_1002",23.208841097373
"Wave_1003",24.3615379679775
"Wave_1004",25.1238364717308
"Wave_1005",25.7752212992743
"Wave_1006",25.4283656072537
"Wave_1007",27.5811707196175
"Wave_1008",30.0117146956037
"Wave_1009",31.494959809012
"Wave_1010",29.1114317759775
"Wave_1011",26.0296359977443
"Wave_1012",22.9478400401791
"Wave_1013",20.0207213198984
"Wave_1014",16.9288041828997
"Wave_1015",12.9109819362093
"Wave_1016",8.89315853081016
"Wave_1017",5.44804827265276
"Wave_1018",1.96230515763735
"Wave_1019",-1.94587981828781
"Wave_1020",-5.85406705509832
"Wave_1021",-9.91305980252312
"Wave_1022",-13.0477037941868
"Wave_1023",-15.7584985184017
"Wave_1024",-18.4692933361294
"Wave_1025",-20.6118423129248
"Wave_1026",-21.5638533526973
"Wave_1027",-22.3905975405121
"Wave_1028",-23.1272722736775
"Wave_1029",-23.1162264110054
"Wave_1030",-23.6712782947045
"Wave_1031",-24.226332207117
"Wave_1032",-24.6261280649223
"Wave_1033",-24.2444844386308
"Wave_1034",-23.4885219562664
"Wave_1035",-22.7325597971042
"Wave_1036",-22.2526636626206
"Wave_1037",-21.5966895794021
"Wave_1038",-20.3505385453568
"Wave_1039",-19.1043862576793
"Wave_1040",-17.7852433960182
"Wave_1041",-17.7586187821804
"Wave_1042",-18.3067822992938
"Wave_1043",-18.85494812987
"Wave_1044",-19.1910765829437
"Wave_1045",-18.4495352279727
"Wave_1046",-17.5941432103816
"Wave_1047",-16.7387512708732
"Wave_1048",-16.2274009867066
"Wave_1049",-16.9051592861784
"Wave_1050",-17.5829179964286
"Wave_1051",-18.2340175977494
"Wave_1052",-18.4144157809754
"Wave_1053",-18.0563899935235
"Wave_1054",-17.6983627354836
"Wave_1055",-17.3898202269479
"Wave_1056",-17.5586337568901
"Wave_1057",-18.0893430829648
"Wave_1058",-18.6200531532063
"Wave_1059",-18.981856391856
"Wave_1060",-19.1694156959472
"Wave_1061",-19.3546851091995
"Wave_1062",-19.5399561371997
"Wave_1063",-19.6580730505321
"Wave_1064",-19.6373455739625
"Wave_1065",-19.6043880618585
"Wave_1066",-19.571430522281
"Wave_1067",-19.3677733783031
"Wave_1068",-18.5873226350305
"Wave_1069",-17.8068697452886
"Wave_1070",-17.0264190375978
"Wave_1071",-16.4022046932478
"Wave_1072",-16.0868039715826
"Wave_1073",-15.7714000940767
"Wave_1074",-15.3107860097586
"Wave_1075",-15.0277937779593
"Wave_1076",-15.5032701703644
"Wave_1077",-15.9787456470519
"Wave_1078",-16.8903428738362
"Wave_1079",-17.8075772512961
"Wave_1080",-18.4468622348421
"Wave_1081",-19.086144141615
"Wave_1082",-19.3368376871445
"Wave_1083",-19.918943452478
"Wave_1084",-20.5666580857365
"Wave_1085",-21.2143722903332
"Wave_1086",-21.1311888110761
"Wave_1087",-20.3184775444028
"Wave_1088",-19.5057672717267
"Wave_1089",-18.6930557313473
"Wave_1090",-18.1883848798314
"Wave_1091",-16.8820869259442
"Wave_1092",-15.5757883418602
"Wave_1093",-14.1285268936919
"Wave_1094",-12.1123108468469
"Wave_1095",-10.0926951587136
"Wave_1096",-8.0730794362461
"Wave_1097",-6.13083240516298
"Wave_1098",-5.22092842606272
"Wave_1099",-4.52397730236738
"Wave_1100",-3.82702879603512
"Wave_1101",-3.03325210051481
"Wave_1102",-2.41812637010455
"Wave_1103",-1.80300365604887
"Wave_1104",-1.18787914420437
"Wave_1105",-0.902410809282002
"Wave_1106",-0.932372250132685
"Wave_1107",-0.962332260254495
"Wave_1108",-0.992294932366687
"Wave_1109",-0.901550703922947
"Wave_1110",-0.936187831596658
"Wave_1111",-0.970823815475568
"Wave_1112",-0.889480463845192
"Wave_1113",-0.00905165025738697
"Wave_1114",0.708214356420592
"Wave_1115",1.42548076510531
"Wave_1116",1.83562188014026
"Wave_1117",2.19474653091798
"Wave_1118",2.72027285826498
"Wave_1119",3.24579912572254
"Wave_1120",4.09482378820257
"Wave_1121",3.99835031836863
"Wave_1122",3.90187900343676
"Wave_1123",3.805403903554
"Wave_1124",4.35023241297468
"Wave_1125",4.75360921239012
"Wave_1126",5.1569883591441
"Wave_1127",5.56036721404736
"Wave_1128",6.26051767071299
"Wave_1129",6.40091441190899
"Wave_1130",6.54131092902939
"Wave_1131",6.81102141635049
"Wave_1132",7.24835969760337
"Wave_1133",7.25874976409079
"Wave_1134",7.26914020054661
"Wave_1135",7.34547041053712
"Wave_1136",6.79968113853926
"Wave_1137",6.16767287502508
"Wave_1138",5.5356639216332
"Wave_1139",4.89547078440492
"Wave_1140",3.76958169987675
"Wave_1141",2.64369365371498
"Wave_1142",1.51780270152844
"Wave_1143",-0.198487745976025
"Wave_1144",-1.38136878892849
"Wave_1145",-2.56424901247232
"Wave_1146",-3.74713139246819
"Wave_1147",-4.88952638049166
"Wave_1148",-5.64371598514404
"Wave_1149",-6.39790799787626
"Wave_1150",-7.15962541908626
"Wave_1151",-7.43869142325534
"Wave_1152",-7.58015556717172
"Wave_1153",-7.72162265116788
"Wave_1154",-8.71933939919001
"Wave_1155",-8.27512322171995
"Wave_1156",-7.83090513672977
"Wave_1157",-7.38669040739568
"Wave_1158",-6.52612957905155
"Wave_1159",-5.21219485039093
"Wave_1160",-3.89825768635011
"Wave_1161",-2.58432362676839
"Wave_1162",-1.94856109599128
"Wave_1163",-1.53659913374341
"Wave_1164",-1.12463729399003
"Wave_1165",-0.7126746291538
"Wave_1166",-0.385978525544451
"Wave_1167",-0.118855775311474
"Wave_1168",0.148265142329669
"Wave_1169",0.387922201038605
"Wave_1170",-0.00664549477056156
"Wave_1171",-0.459476463991079
"Wave_1172",-0.912307486356313
"Wave_1173",-1.19576095287826
"Wave_1174",-1.29386535090141
"Wave_1175",-1.39197139091828
"Wave_1176",-1.49007696485346
"Wave_1177",-1.63618802486238
"Wave_1178",-1.79306263052479
"Wave_1179",-1.94994003268806
"Wave_1180",-2.10681414742842
"Wave_1181",-2.24055487045037
"Wave_1182",-2.39689451816623
"Wave_1183",-2.55323790822831
"Wave_1184",-2.7095777327358
"Wave_1185",-2.75578612815993
"Wave_1186",-2.70025966159784
"Wave_1187",-2.64473413589231
"Wave_1188",-2.53469999789854
"Wave_1189",-2.62265045455151
"Wave_1190",-2.71060494628868
"Wave_1191",-2.79855712541788
"Wave_1192",-3.25822049197901
"Wave_1193",-3.52093504856307
"Wave_1194",-3.78364966413328
"Wave_1195",-4.04636638077521
"Wave_1196",-3.98678535591871
"Wave_1197",-3.87755165612072
"Wave_1198",-3.76831804927637
"Wave_1199",-3.65908430188033
"Wave_1200",-3.68867322641387
"Wave_1201",-3.82531685920873
"Wave_1202",-3.96195914411966
"Wave_1203",-4.1371369538928
"Wave_1204",-4.14242661129675
"Wave_1205",-4.09030604873967
"Wave_1206",-4.03818605099797
"Wave_1207",-3.87858870990275
"Wave_1208",-3.51188452842258
"Wave_1209",-3.14518007282238
"Wave_1210",-2.77847343703618
"Wave_1211",-2.42801056675164
"Wave_1212",-1.99607817639384
"Wave_1213",-1.56414667492825
"Wave_1214",-1.13221260434106
"Wave_1215",-0.330139568483911
"Wave_1216",0.593035692343293
"Wave_1217",1.51621087836778
"Wave_1218",2.4393848776347
"Wave_1219",3.32717847895422
"Wave_1220",4.25327658888306
"Wave_1221",5.17937686537805
"Wave_1222",6.11120799249248
"Wave_1223",7.1885063313943
"Wave_1224",8.26580602636272
"Wave_1225",9.34310555390167
"Wave_1226",10.2221880154949
"Wave_1227",10.5838314585701
"Wave_1228",10.9454750581991
"Wave_1229",11.3071172802292
"Wave_1230",11.6316712047795
"Wave_1231",11.9597035239532
"Wave_1232",12.2877360265258
"Wave_1233",12.615769086207
"Wave_1234",13.1031778303869
"Wave_1235",13.5786345018576
"Wave_1236",14.0540887321963
"Wave_1237",14.4963149712387
"Wave_1238",14.9455609893833
"Wave_1239",15.3948061807301
"Wave_1240",15.8440538488116
"Wave_1241",16.1597177731092
"Wave_1242",16.1636328875591
"Wave_1243",16.1675462945132
"Wave_1244",16.171461169646
"Wave_1245",16.1067719659571
"Wave_1246",15.9906436256279
"Wave_1247",15.874515184713
"Wave_1248",15.7583874934397
"Wave_1249",15.8863352694488
"Wave_1250",16.0656242913298
"Wave_1251",16.2449141013876
"Wave_1252",16.4200012665243
"Wave_1253",16.2187094623653
"Wave_1254",16.0174190271638
"Wave_1255",15.8161283463238
"Wave_1256",15.5847858126402
"Wave_1257",15.2833277944516
"Wave_1258",14.9818675995225
"Wave_1259",14.6804099989122
"Wave_1260",14.3279466074029
"Wave_1261",13.8959514821432
"Wave_1262",13.463958378133
"Wave_1263",13.031962401447
"Wave_1264",12.4435074573144
"Wave_1265",11.8159349427137
"Wave_1266",11.188362671587
"Wave_1267",10.5819769297523
"Wave_1268",10.4222305557796
"Wave_1269",10.2624843252627
"Wave_1270",10.1027382559154
"Wave_1271",10.0757922763334
"Wave_1272",10.4485443296135
"Wave_1273",10.8212965521812
"Wave_1274",11.1940497744958
"Wave_1275",11.812081536845
"Wave_1276",12.445512132544
"Wave_1277",13.0789406338339
"Wave_1278",13.7123724508996
"Wave_1279",14.3151461026381
"Wave_1280",14.9401088316458
"Wave_1281",15.565074672135
"Wave_1282",16.1900355027431
"Wave_1283",16.3957836949052
"Wave_1284",16.6015298623989
"Wave_1285",16.8072767410015
"Wave_1286",16.9600617581483
"Wave_1287",16.7644427347805
"Wave_1288",16.5688228395798
"Wave_1289",16.3732027209253
"Wave_1290",16.3126661214563
"Wave_1291",16.3872117895488
"Wave_1292",16.4617586365662
"Wave_1293",16.5363061604758
"Wave_1294",16.373938054923
"Wave_1295",16.1523414493903
"Wave_1296",15.9307434436357
"Wave_1297",15.7091460348534
"Wave_1298",15.5440200939465
"Wave_1299",15.3788946582765
"Wave_1300",15.2137688179695
"Wave_1301",15.1471705666292
"Wave_1302",15.3104688381889
"Wave_1303",15.4737680292514
"Wave_1304",15.6370675991972
"Wave_1305",15.9378096379276
"Wave_1306",16.3572502203096
"Wave_1307",16.7766879504963
"Wave_1308",17.1961261257961
"Wave_1309",17.6483668430873
"Wave_1310",18.1088082830211
"Wave_1311",18.5692490546352
"Wave_1312",18.9204168543706
"Wave_1313",19.5152275330378
"Wave_1314",20.1100379426672
"Wave_1315",20.7048478401916
"Wave_1316",21.0480087893625
"Wave_1317",20.8039826971889
"Wave_1318",20.5599576037929
"Wave_1319",20.3159309144065
"Wave_1320",20.2360991839441
"Wave_1321",20.2657273958929
"Wave_1322",20.2953540806534
"Wave_1323",20.3249813240935
"Wave_1324",19.9780746367711
"Wave_1325",19.5370355196949
"Wave_1326",19.0959942463264
"Wave_1327",18.6534056795047
"Wave_1328",18.1968930073098
"Wave_1329",17.7403809763969
"Wave_1330",17.2838660455144
"Wave_1331",16.7741666759518
"Wave_1332",16.1750870626232
"Wave_1333",15.5760061619232
"Wave_1334",14.9769267433508
"Wave_1335",14.3089206291541
"Wave_1336",13.5949639012894
"Wave_1337",12.8810061733875
"Wave_1338",12.1670494101288
"Wave_1339",11.424014839569
"Wave_1340",10.6777478976166
"Wave_1341",9.9314816075935
"Wave_1342",9.29444597562136
"Wave_1343",9.09433617837997
"Wave_1344",8.89422519471544
"Wave_1345",8.69411376319547
"Wave_1346",8.088276863751
"Wave_1347",6.87384781441807
"Wave_1348",5.65941650802438
"Wave_1349",4.44499024839093
"Wave_1350",2.9426772821575
"Wave_1351",1.3169887694205
"Wave_1352",-0.308698599851734
"Wave_1353",-1.93438831179063
"Wave_1354",-2.92002305029723
"Wave_1355",-3.90566065753428
"Wave_1356",-4.89129679853591
"Wave_1357",-5.84307028931543
"Wave_1358",-6.65940235926168
"Wave_1359",-7.4757357873749
"Wave_1360",-8.29206549826557
"Wave_1361",-9.10597278557857
"Wave_1362",-9.91745453399245
"Wave_1363",-10.7289364058347
"Wave_1364",-11.5404174632935
"Wave_1365",-12.1650645880145
"Wave_1366",-12.7430026163748
"Wave_1367",-13.3209402370166
"Wave_1368",-13.8732192308181
"Wave_1369",-14.1945520691327
"Wave_1370",-14.5158852540609
"Wave_1371",-14.8372184579531
"Wave_1372",-15.2819466883968
"Wave_1373",-16.0145949096705
"Wave_1374",-16.7472424694304
"Wave_1375",-17.4798899940769
"Wave_1376",-17.4844315082521
"Wave_1377",-17.0035681413443
"Wave_1378",-16.522704900619
"Wave_1379",-16.0418430511
"Wave_1380",-13.9820998854803
"Wave_1381",-11.7469281728864
"Wave_1382",-9.51175511224656
"Wave_1383",-7.44570968261518
"Wave_1384",-6.05618101218603
"Wave_1385",-4.66665160109404
"Wave_1386",-3.27712141862748
"Wave_1387",-2.62255580526595
"Wave_1388",-2.70295324213416
"Wave_1389",-2.78335071609414
"Wave_1390",-2.86375001379519
"Wave_1391",-2.01864536794614
"Wave_1392",-0.870801248933287
"Wave_1393",0.27704534805618
"Wave_1394",1.42489006997025
"Wave_1395",1.78377279293665
"Wave_1396",2.14265349808493
"Wave_1397",2.5015358996616
"Wave_1398",2.70410485059855
"Wave_1399",2.54194484740486
"Wave_1400",2.37978379673955
"Wave_1401",2.217622260836
"Wave_1402",2.14259939318292
"Wave_1403",2.12566837871423
"Wave_1404",2.10873810909892
"Wave_1405",2.09180439642752
"Wave_1406",2.15152869391466
"Wave_1407",2.21976782226277
"Wave_1408",2.28800870405531
"Wave_1409",2.2406688803443
"Wave_1410",1.73101435252768
"Wave_1411",1.22135783577554
"Wave_1412",0.711702790831285
"Wave_1413",0.283231180504052
"Wave_1414",-0.0640592551387869
"Wave_1415",-0.411352111042351
"Wave_1416",-0.75864342907324
"Wave_1417",-0.865481339509456
"Wave_1418",-0.912204997320025
"Wave_1419",-0.958929034722906
"Wave_1420",-1.01229241263396
"Wave_1421",-1.12541210926132
"Wave_1422",-1.23853305815432
"Wave_1423",-1.35165221197906
"Wave_1424",-1.2944686899016
"Wave_1425",-1.32639890015731
"Wave_1426",-1.3583270421703
"Wave_1427",-1.39025716756962
"Wave_1428",-1.48284278508901
"Wave_1429",-1.60142327678003
"Wave_1430",-1.72000532624847
"Wave_1431",-1.83858533615699
"Wave_1432",-1.69742696056744
"Wave_1433",-1.67226655639412
"Wave_1434",-1.64710617784636
"Wave_1435",-1.53839904647567
"Wave_1436",-1.36192685043637
"Wave_1437",-1.18545570279884
"Wave_1438",-1.00898307059191
"Wave_1439",-0.781002828566054
"Wave_1440",-0.518681397360867
"Wave_1441",-0.2563574884653
"Wave_1442",0.00596547147300663
"Wave_1443",0.572938007916538
"Wave_1444",1.14312247066862
"Wave_1445",1.71330724265723
"Wave_1446",2.28053932476354
"Wave_1447",2.83596092868206
"Wave_1448",3.39138137272439
"Wave_1449",3.94680168775509
"Wave_1450",4.42343888569538
"Wave_1451",4.82129420185844
"Wave_1452",5.21914683657534
"Wave_1453",5.61700222781019
"Wave_1454",6.22770291244309
"Wave_1455",6.89161540829852
"Wave_1456",7.55552863800791
"Wave_1457",8.21508912820261
"Wave_1458",8.8354775045804
"Wave_1459",9.4558653369198
"Wave_1460",10.0762557518441
"Wave_1461",10.7138867987676
"Wave_1462",11.3773807809135
"Wave_1463",12.0408756248994
"Wave_1464",12.7043693718701
"Wave_1465",13.2376272929877
"Wave_1466",13.7150665486278
"Wave_1467",14.192505989769
"Wave_1468",14.6699456465533
"Wave_1469",15.2678465652946
"Wave_1470",15.8657486824979
"Wave_1471",16.4636494460354
"Wave_1472",17.0956508240226
"Wave_1473",17.8072155719774
"Wave_1474",18.5187782662892
"Wave_1475",19.2303433359072
"Wave_1476",20.0353113963729
"Wave_1477",20.8012857397
"Wave_1478",21.5672626164546
"Wave_1479",22.333239897169
"Wave_1480",22.6199967354494
"Wave_1481",22.8402862017253
"Wave_1482",23.060578059219
"Wave_1483",23.4412493225541
"Wave_1484",24.1961468348786
"Wave_1485",24.9510443703008
"Wave_1486",25.7059419381147
"Wave_1487",26.4235077692658
"Wave_1488",27.1161857389168
"Wave_1489",27.8088640400711
"Wave_1490",28.5015417821255
"Wave_1491",29.0921700836067
"Wave_1492",29.6714592729145
"Wave_1493",30.2507482354647
"Wave_1494",30.7508921377429
"Wave_1495",30.9344551908606
"Wave_1496",31.1180165555948
"Wave_1497",31.3015800276262
"Wave_1498",31.4072860335802
"Wave_1499",31.4610878623582
"Wave_1500",31.5148877087493
"Wave_1501",31.5686898964175
"Wave_1502",31.9244975851763
"Wave_1503",32.3138614874204
"Wave_1504",32.7032222372981
"Wave_1505",33.0761648157092
"Wave_1506",33.3834294383375
"Wave_1507",33.6906917319326
"Wave_1508",33.997956042089
"Wave_1509",33.8147317884385
"Wave_1510",33.3095942743764
"Wave_1511",32.8044571451835
"Wave_1512",32.2993191735481
"Wave_1513",32.0796300451843
"Wave_1514",31.8916563171511
"Wave_1515",31.7036843755085
"Wave_1516",31.5495913657737
"Wave_1517",31.5310264154647
"Wave_1518",31.5124626602757
"Wave_1519",31.4938974392912
"Wave_1520",30.8334160202752
"Wave_1521",29.6002195160453
"Wave_1522",28.3670234728179
"Wave_1523",27.1338265832088
"Wave_1524",25.9112443081185
"Wave_1525",24.7319088495241
"Wave_1526",23.5525720637764
"Wave_1527",22.3712871521751
"Wave_1528",21.1822005142231
"Wave_1529",19.9931153288557
"Wave_1530",18.8040296152745
"Wave_1531",17.4457019735084
"Wave_1532",16.04461509721
"Wave_1533",14.6435271153333
"Wave_1534",13.2424396554458
"Wave_1535",11.1715412775508
"Wave_1536",9.0262188027794
"Wave_1537",6.8808969416341
"Wave_1538",4.83323590947183
"Wave_1539",3.17622445000077
"Wave_1540",1.51921076347756
"Wave_1541",-0.137799350552597
"Wave_1542",-1.88846213670147
"Wave_1543",-3.6412660466335
"Wave_1544",-5.3940706745005
"Wave_1545",-7.14687626901225
"Wave_1546",-8.54277725084066
"Wave_1547",-9.89902351498872
"Wave_1548",-11.2552721690396
"Wave_1549",-12.8216207193226
"Wave_1550",-14.9050092704101
"Wave_1551",-16.9883962099241
"Wave_1552",-19.0717848162334
"Wave_1553",-21.0393940460848
"Wave_1554",-22.9298177751143
"Wave_1555",-24.8202411895464
"Wave_1556",-26.7106644067728
"Wave_1557",-28.6355190806902
"Wave_1558",-30.5805890472147
"Wave_1559",-32.5256601802335
"Wave_1560",-34.3601905104807
"Wave_1561",-35.9367930196876
"Wave_1562",-37.513395952801
"Wave_1563",-39.089999612308
"Wave_1564",-40.6925501534715
"Wave_1565",-42.3101203846835
"Wave_1566",-43.9276903121409
"Wave_1567",-45.545260115175
"Wave_1568",-46.6381301619436
"Wave_1569",-47.7309991468507
"Wave_1570",-48.8238680052619
"Wave_1571",-50.0859404362124
"Wave_1572",-51.3919306023563
"Wave_1573",-52.6979198583898
"Wave_1574",-54.0039092402942
"Wave_1575",-54.9069238509478
"Wave_1576",-55.66108548678
"Wave_1577",-56.4152469472459
"Wave_1578",-57.1819652821849
"Wave_1579",-58.050173207111
"Wave_1580",-58.9183814082428
"Wave_1581",-59.7865902556927
"Wave_1582",-60.4039376591336
"Wave_1583",-60.6454525067316
"Wave_1584",-60.8869685128768
"Wave_1585",-61.1284821080259
"Wave_1586",-61.7134044277094
"Wave_1587",-62.3756235996394
"Wave_1588",-63.0378440113927
"Wave_1589",-63.6614456704092
"Wave_1590",-63.8551478613235
"Wave_1591",-64.0488482474656
"Wave_1592",-64.2425495922856
"Wave_1593",-63.8078917711679
"Wave_1594",-62.9563540482071
"Wave_1595",-62.1048155482137
"Wave_1596",-61.2532743834594
"Wave_1597",-61.1348369282768
"Wave_1598",-61.0511421318064
"Wave_1599",-60.9674451125288
"Wave_1600",-60.6866401801354
"Wave_1601",-59.8270299561992
"Wave_1602",-58.9674191684484
"Wave_1603",-58.1078077524448
"Wave_1604",-57.340864277414
"Wave_1605",-56.5068585672987
"Wave_1606",-55.6728506919167
"Wave_1607",-54.7177079166086
"Wave_1608",-53.3052041811882
"Wave_1609",-51.963017689897
"Wave_1610",-50.6208323765085
"Wave_1611",-49.311756883689
"Wave_1612",-47.7095284632099
"Wave_1613",-46.1072993679471
"Wave_1614",-44.5050698218521
"Wave_1615",-42.8673841696384
"Wave_1616",-41.2235405759502
"Wave_1617",-39.5796956602869
"Wave_1618",-37.9256977821989
"Wave_1619",-36.2092359167302
"Wave_1620",-34.4927751689625
"Wave_1621",-32.7763160378019
"Wave_1622",-31.1166306643335
"Wave_1623",-29.6925381627538
"Wave_1624",-28.268449019932
"Wave_1625",-26.8443604625378
"Wave_1626",-25.4578028162958
"Wave_1627",-23.9087032689223
"Wave_1628",-22.359602231681
"Wave_1629",-20.7914266077943
"Wave_1630",-19.5121063309763
"Wave_1631",-18.2327865833067
"Wave_1632",-16.953465112864
"Wave_1633",-15.2084358874624
"Wave_1634",-13.0618557889505
"Wave_1635",-10.9152737718581
"Wave_1636",-8.76646592648564
"Wave_1637",-7.64724407063387
"Wave_1638",-6.64464966571553
"Wave_1639",-5.64205528352053
"Wave_1640",-4.42991539048273
"Wave_1641",-2.82163497569767
"Wave_1642",-1.21335472578342
"Wave_1643",0.394923859539887
"Wave_1644",1.77847949423101
"Wave_1645",3.19595102899966
"Wave_1646",4.61342012310695
"Wave_1647",5.83914722189831
"Wave_1648",7.32705844981082
"Wave_1649",8.81496972613514
"Wave_1650",10.3028812268345
"Wave_1651",11.8008149737378
"Wave_1652",13.2552322523352
"Wave_1653",14.7096493426922
"Wave_1654",16.1868078268344
"Wave_1655",17.5031269347862
"Wave_1656",18.7280636176744
"Wave_1657",19.9530005536692
"Wave_1658",21.120009161549
"Wave_1659",22.4277313445878
"Wave_1660",23.7354524096133
"Wave_1661",25.043175982859
"Wave_1662",26.0483730224908
"Wave_1663",26.85291763193
"Wave_1664",27.6574638962402
"Wave_1665",28.1616954525388
"Wave_1666",29.6126333020069
"Wave_1667",31.063571388701
"Wave_1668",32.5145105434539
"Wave_1669",33.3381418322842
"Wave_1670",33.9281173005042
"Wave_1671",34.5180913226358
"Wave_1672",35.1444988398991
"Wave_1673",35.8378299370493
"Wave_1674",36.465919849271
"Wave_1675",37.0940095450317
"Wave_1676",37.3777146285839
"Wave_1677",37.6219675164483
"Wave_1678",37.8662209857835
"Wave_1679",38.1104743829441
"Wave_1680",38.161598193285
"Wave_1681",38.1277960342104
"Wave_1682",38.0939949974091
"Wave_1683",37.6142918381563
"Wave_1684",36.0772361490813
"Wave_1685",34.5401822984907
"Wave_1686",33.0031260088831
"Wave_1687",31.1309528829519
"Wave_1688",29.0133132422515
"Wave_1689",26.8956746514277
"Wave_1690",24.6445734822985
"Wave_1691",21.211169942723
"Wave_1692",17.7824831246239
"Wave_1693",14.3537973995258
"Wave_1694",11.530244975371
"Wave_1695",9.32696593235398
"Wave_1696",7.12368217519656
"Wave_1697",4.92040010998285
"Wave_1698",3.27326893147027
"Wave_1699",2.06306256789194
"Wave_1700",0.852858992669884
"Wave_1701",0.214209000881394
"Wave_1702",0.727317341093852
"Wave_1703",1.24042586917959
"Wave_1704",1.75353458949112
"Wave_1705",2.75748553256409
"Wave_1706",3.76143804163517
"Wave_1707",4.76539119123862
"Wave_1708",5.73814195415953
"Wave_1709",7.15236051951547
"Wave_1710",8.70814663439291
"Wave_1711",10.2639349140717
"Wave_1712",12.2601517332509
"Wave_1713",14.6540829623164
"Wave_1714",17.0480129951117
"Wave_1715",19.3959718427654
"Wave_1716",21.4277705140596
"Wave_1717",23.5246112936986
"Wave_1718",25.621452126444
"Wave_1719",27.0925780431969
"Wave_1720",27.8382008247037
"Wave_1721",28.5838232971625
"Wave_1722",29.3294450790469
"Wave_1723",29.3427793430099
"Wave_1724",29.4589110895412
"Wave_1725",29.5750423002193
"Wave_1726",29.3495809456462
"Wave_1727",28.4134604331799
"Wave_1728",27.4553103539392
"Wave_1729",26.4971581416303
"Wave_1730",24.860509858744
"Wave_1731",23.6849099363225
"Wave_1732",22.5093141622447
"Wave_1733",21.2011255887375
"Wave_1734",19.2508501010965
"Wave_1735",17.1579827190199
"Wave_1736",15.0651137518467
"Wave_1737",12.2424500239195
"Wave_1738",9.72281911974573
"Wave_1739",7.20318593365752
"Wave_1740",4.71166019203158
"Wave_1741",2.82130059827911
"Wave_1742",1.25676880652106
"Wave_1743",-0.307764815302616
"Wave_1744",-1.82180935546509
"Wave_1745",-3.76556764785509
"Wave_1746",-5.70932646540498
"Wave_1747",-7.56129940820861
"Wave_1748",-8.21696005097206
"Wave_1749",-8.31725704701856
"Wave_1750",-8.41755286013584
"Wave_1751",-7.65975500692572
"Wave_1752",-6.2745391115467
"Wave_1753",-4.94699219053136
"Wave_1754",-3.61944541813426
"Wave_1755",-3.70351089692328
"Wave_1756",-3.50245556416099
"Wave_1757",-3.30140220594579
"Wave_1758",-3.20265706597496
"Wave_1759",-3.76310256865447
"Wave_1760",-4.54029005924957
"Wave_1761",-5.31747939656969
"Wave_1762",-5.71216743445102
"Wave_1763",-5.71664017258924
"Wave_1764",-5.72111252477208
"Wave_1765",-5.60135804847414
"Wave_1766",-5.75874029247907
"Wave_1767",-6.29412204613274
"Wave_1768",-6.82950559257303
"Wave_1769",-5.89134577267862
"Wave_1770",-5.74458573815518
"Wave_1771",-5.59782410771712
"Wave_1772",-5.62066229540261
"Wave_1773",-6.26766926178503
"Wave_1774",-6.83334323591582
"Wave_1775",-7.39901432410365
"Wave_1776",-6.38315088094161
"Wave_1777",-5.91520932349879
"Wave_1778",-5.5834585540175
"Wave_1779",-5.33641483274269
"Wave_1780",-5.54376279275257
"Wave_1781",-6.02077125513635
"Wave_1782",-6.49778108110813
"Wave_1783",-6.57632634678109
"Wave_1784",-6.59102002111242
"Wave_1785",-6.65616116187463
"Wave_1786",-6.64319747964298
"Wave_1787",-5.98105145678612
"Wave_1788",-5.53385287781308
"Wave_1789",-5.08665418117576
"Wave_1790",-4.63639093896788
"Wave_1791",-4.49989890509014
"Wave_1792",-4.49875499191112
"Wave_1793",-4.41996858275532
"Wave_1794",-3.6441537891101
"Wave_1795",-2.88430700931351
"Wave_1796",-2.12446283371687
"Wave_1797",-1.76433450520083
"Wave_1798",-1.76822058958236
"Wave_1799",-1.74830796220621
"Wave_1800",-1.72839501254312
"Wave_1801",-0.890325385817295
"Wave_1802",-0.441636788555202
"Wave_1803",0.00705133629172938
"Wave_1804",0.0479543733724606
"Wave_1805",-0.223327602137754
"Wave_1806",-0.39901450085379
"Wave_1807",-0.574700255412572
"Wave_1808",-0.212329056131939
"Wave_1809",-0.0262327663036562
"Wave_1810",0.140274518637864
"Wave_1811",0.18545630396937
"Wave_1812",0.222606106435312
"Wave_1813",0.520691437455443
"Wave_1814",0.818775873504497
"Wave_1815",0.207651624138394
"Wave_1816",-0.26141245386785
"Wave_1817",-0.669704857782523
"Wave_1818",-1.16565297236827
"Wave_1819",-1.74879569604473
"Wave_1820",-2.22859652603676
"Wave_1821",-2.70839601168138
"Wave_1822",-3.11497611504393
"Wave_1823",-3.31714872268149
"Wave_1824",-3.47025400357644
"Wave_1825",-3.77511830291903
"Wave_1826",-4.09288826946116
"Wave_1827",-3.55171844276247
"Wave_1828",-3.01054820023227
"Wave_1829",-3.3611702267324
"Wave_1830",-2.67980734589046
"Wave_1831",-1.51370055322077
"Wave_1832",-0.522443227842066
"Wave_1833",0.218310603294413
"Wave_1834",1.00617064827187
"Wave_1835",1.79402866666306
"Wave_1836",1.572184286983
"Wave_1837",2.20228918930492
"Wave_1838",3.47515712416216
"Wave_1839",4.29440338378429
"Wave_1840",4.57374016226977
"Wave_1841",6.11776082446227
"Wave_1842",7.66178082499101
"Wave_1843",6.19544059232806
"Wave_1844",5.62668531405442
"Wave_1845",5.87930663081779
"Wave_1846",5.77461536325139
"Wave_1847",5.31769426113609
"Wave_1848",6.51440392912683
"Wave_1849",7.71111311294536
"Wave_1850",6.33623609905619
"Wave_1851",6.32183434805151
"Wave_1852",7.95363423525765
"Wave_1853",7.81406237449306
"Wave_1854",5.01743845740882
"Wave_1855",5.27680128614536
"Wave_1856",5.53616551763537
"Wave_1857",3.89589841058762
"Wave_1858",3.50887561933443
"Wave_1859",4.37509387062876
"Wave_1860",2.76335503924779
"Wave_1861",-1.32634323502872
"Wave_1862",-2.93746801301068
"Wave_1863",-4.54859215012135
"Wave_1864",-10.3632573675565
"Wave_1865",-14.0482770184865
"Wave_1866",-14.5388203530006
"Wave_1867",-16.0732935779943
"Wave_1868",-18.6516940849976
"Wave_1869",-17.4578795731857
"Wave_1870",-16.1171354479227
"Wave_1871",-17.2262194886501
"Wave_1872",-17.685196625436
"Wave_1873",-17.1690128302468
"Wave_1874",-17.490837273336
"Wave_1875",-18.371332765428
"Wave_1876",-19.94525111843
"Wave_1877",-21.5051996777726
"Wave_1878",-22.2460182311375
"Wave_1879",-24.0466862712883
"Wave_1880",-27.4371265716199
"Wave_1881",-29.5544120079286
"Wave_1882",-30.8229275948624
"Wave_1883",-34.7900928254808
"Wave_1884",-37.7275638725611
"Wave_1885",-35.3468600606706
"Wave_1886",-34.7780556799106
"Wave_1887",-36.9271030809113
"Wave_1888",-35.0717088513699
"Wave_1889",-31.5001260034767
"Wave_1890",-32.7906020984685
"Wave_1891",-33.5233529178447
"Wave_1892",-29.8642891940758
"Wave_1893",-28.3209952015598
"Wave_1894",-29.9513561840911
"Wave_1895",-27.2871032976886
"Wave_1896",-23.5491969105113
"Wave_1897",-23.9503110124543
"Wave_1898",-23.9130652936378
"Wave_1899",-21.7799005248629
"Wave_1900",-18.9169679578513
"Wave_1901",-15.6590134378419
"Wave_1902",-18.6977251013215
"Wave_1903",-20.411467924887
"Wave_1904",-19.0557731481831
"Wave_1905",-17.7333124520231
"Wave_1906",-19.0200036281593
"Wave_1907",-18.0538127549675
"Wave_1908",-16.0895427542574
"Wave_1909",-16.4510320460549
"Wave_1910",-14.9577136923868
"Wave_1911",-13.6248912690169
"Wave_1912",-12.1432071928012
"Wave_1913",-9.47525543535714
"Wave_1914",-7.90458539475
"Wave_1915",-6.89151622497227
"Wave_1916",-5.80390966309769
"Wave_1917",-5.46114559524151
"Wave_1918",-4.65102892638662
"Wave_1919",-3.93653219962076
"Wave_1920",-3.44794765968088
"Wave_1921",-2.72451161289383
"Wave_1922",-2.22704233230575
"Wave_1923",-1.61962970453704
"Wave_1924",-0.868255810671105
"Wave_1925",-0.438942252119824
"Wave_1926",0.405581609381478
"Wave_1927",1.23393915663299
"Wave_1928",2.07437814140307
"Wave_1929",3.02993531978404
"Wave_1930",3.5443389376293
"Wave_1931",4.30416455967494
"Wave_1932",5.35823679554783
"Wave_1933",6.38021649876662
"Wave_1934",6.80604780469577
"Wave_1935",7.1523565379613
"Wave_1936",7.11962425600646
"Wave_1937",6.99546377633009
"Wave_1938",6.79901175174891
"Wave_1939",6.85728019053981
"Wave_1940",6.99730171007951
"Wave_1941",6.81138415054105
"Wave_1942",6.76068721973436
"Wave_1943",6.7544299635585
"Wave_1944",6.97701112692472
"Wave_1945",7.27621307085985
"Wave_1946",7.45957384770051
"Wave_1947",7.20526998835792
"Wave_1948",6.8705100636267
"Wave_1949",6.08909199872792
"Wave_1950",5.91809557262995
"Wave_1951",5.7435030907765
"Wave_1952",5.31783986776469
"Wave_1953",4.65548999992467
"Wave_1954",4.15754833774375
"Wave_1955",3.58921531896645
"Wave_1956",3.00088247989567
"Wave_1957",2.15714679452442
"Wave_1958",1.79999677136418
"Wave_1959",1.36036788529054
"Wave_1960",1.18660495179686
"Wave_1961",1.31838728276616
"Wave_1962",1.43925231051184
"Wave_1963",0.995586648253166
"Wave_1964",0.551921050822467
"Wave_1965",-0.239386652900123
"Wave_1966",-0.712474246032535
"Wave_1967",-1.17644678848965
"Wave_1968",-1.4708268119444
"Wave_1969",-1.69838376056277
"Wave_1970",-1.89332217817712
"Wave_1971",-2.12741149988315
"Wave_1972",-2.36984595705969
"Wave_1973",-2.50544797599739
"Wave_1974",-2.36813819901385
"Wave_1975",-2.27558623857167
"Wave_1976",-2.17426129485568
"Wave_1977",-2.05955335099548
"Wave_1978",-2.34909633224108
"Wave_1979",-2.54303253161595
"Wave_1980",-2.73441894571829
"Wave_1981",-3.08922827200905
"Wave_1982",-3.55978432696196
"Wave_1983",-4.01666802043184
"Wave_1984",-3.44876350690659
"Wave_1985",-2.8808588588924
"Wave_1986",-2.61081424064469
"Wave_1987",-2.57382987099466
"Wave_1988",-2.57834225749065
"Wave_1989",-2.08734407047427
"Wave_1990",-1.34248783577553
"Wave_1991",-0.49834755883152
"Wave_1992",0.0725189725449207
"Wave_1993",0.616551581378718
"Wave_1994",1.04469858181289
"Wave_1995",1.5984645872764
"Wave_1996",2.00076849636381
"Wave_1997",2.39053348230045
"Wave_1998",2.79573419501308
"Wave_1999",3.19552216172433
"Wave_2000",3.75716900583457
"Wave_2001",4.43749009734217
"Wave_2002",5.12431657241169
"Wave_2003",5.69525653413855
"Wave_2004",5.88906762390377
"Wave_2005",6.2744694017931
"Wave_2006",6.70211546432955
"Wave_2007",7.49183983181068
"Wave_2008",8.26344434419446
"Wave_2009",8.87506395933851
"Wave_2010",9.83379888750556
"Wave_2011",10.8488784265338
"Wave_2012",11.7371276414329
"Wave_2013",12.6790143417718
"Wave_2014",13.7035348024635
"Wave_2015",14.0163645993917
"Wave_2016",14.103068225096
"Wave_2017",14.1677988535344
"Wave_2018",14.9955481451601
"Wave_2019",15.8530494314503
"Wave_2020",16.6925682994375
"Wave_2021",17.3415870177573
"Wave_2022",17.9488803241277
"Wave_2023",18.8861906794394
"Wave_2024",19.8235009845023
"Wave_2025",19.9740197367701
"Wave_2026",20.0319019462541
"Wave_2027",20.3321008583734
"Wave_2028",21.3158166202668
"Wave_2029",22.3290603156373
"Wave_2030",23.0736550114982
"Wave_2031",23.6026250319307
"Wave_2032",24.0818937419029
"Wave_2033",24.3305683292262
"Wave_2034",24.5656192956902
"Wave_2035",24.9568792975688
"Wave_2036",26.0574415591427
"Wave_2037",27.158004279836
"Wave_2038",27.264150850417
"Wave_2039",27.1237454984482
"Wave_2040",27.5260521213077
"Wave_2041",28.2916037627434
"Wave_2042",29.0571549575606
"Wave_2043",28.8070909960929
"Wave_2044",28.3565277017996
"Wave_2045",27.953408927489
"Wave_2046",27.5083004092211
"Wave_2047",27.0462257107396
"Wave_2048",27.2133722725163
"Wave_2049",27.7288016735379
"Wave_2050",28.091757222316
"Wave_2051",27.6899745407676
"Wave_2052",27.2218311343906
"Wave_2053",26.6194618608172
"Wave_2054",25.8317528699016
"Wave_2055",25.1315348435666
"Wave_2056",24.6043648933175
"Wave_2057",23.6676160814122
"Wave_2058",22.5692461221238
"Wave_2059",22.1486753389525
"Wave_2060",21.7281048486489
"Wave_2061",21.0729993399029
"Wave_2062",20.5848785770615
"Wave_2063",20.0522148198484
"Wave_2064",17.7814873282434
"Wave_2065",15.5107588670166
"Wave_2066",14.5836762862813
"Wave_2067",14.2936654046174
"Wave_2068",13.428049601825
"Wave_2069",11.9542221171508
"Wave_2070",10.5620464109043
"Wave_2071",9.70089020316584
"Wave_2072",8.2446686214809
"Wave_2073",6.60432596992105
"Wave_2074",4.11060186422035
"Wave_2075",1.58765322776469
"Wave_2076",-0.443010478270768
"Wave_2077",-1.43341790960392
"Wave_2078",-2.43850479924682
"Wave_2079",-4.31187729814474
"Wave_2080",-6.36929464911611
"Wave_2081",-7.65182369134092
"Wave_2082",-8.83299167546748
"Wave_2083",-10.2695854601661
"Wave_2084",-13.0985292573975
"Wave_2085",-15.5389836940926
"Wave_2086",-17.0201499476294
"Wave_2087",-18.1544173012232
"Wave_2088",-19.2886865678657
"Wave_2089",-22.1836791869134
"Wave_2090",-24.5455461721291
"Wave_2091",-26.1393539132534
"Wave_2092",-27.9198488136305
"Wave_2093",-29.7003423843138
"Wave_2094",-31.3419891877664
"Wave_2095",-32.7521841948768
"Wave_2096",-33.8632989843602
"Wave_2097",-34.6975655285994
"Wave_2098",-35.5318313623268
"Wave_2099",-37.9079799976603
"Wave_2100",-40.5417734414851
"Wave_2101",-42.8875782578429
"Wave_2102",-43.3835534442816
"Wave_2103",-43.8795281868074
"Wave_2104",-45.025330774048
"Wave_2105",-46.5978446645849
"Wave_2106",-47.4062181258769
"Wave_2107",-47.6726562388535
"Wave_2108",-47.9390952445495
"Wave_2109",-50.2455419654161
"Wave_2110",-51.4487783825743
"Wave_2111",-51.7047056042031
"Wave_2112",-51.3940337882555
"Wave_2113",-51.08336220084
"Wave_2114",-51.4648974219009
"Wave_2115",-52.5419059087443
"Wave_2116",-54.3697260108159
"Wave_2117",-55.0678678383888
"Wave_2118",-55.7660093981724
"Wave_2119",-54.834524048763
"Wave_2120",-54.3179789278256
"Wave_2121",-53.8398482412245
"Wave_2122",-53.865543669856
"Wave_2123",-53.8912386272563
"Wave_2124",-54.0828695044908
"Wave_2125",-53.8535954942292
"Wave_2126",-53.317211223773
"Wave_2127",-52.8333966735052
"Wave_2128",-52.3495823228823
"Wave_2129",-51.6385201274331
"Wave_2130",-51.1004910184354
"Wave_2131",-50.8897228747496
"Wave_2132",-50.1521403743026
"Wave_2133",-49.4145569774145
"Wave_2134",-48.2060525845796
"Wave_2135",-47.2119132549771
"Wave_2136",-46.1495723619787
"Wave_2137",-45.1332774035311
"Wave_2138",-44.1169832527989
"Wave_2139",-42.7561817307732
"Wave_2140",-41.2720883143651
"Wave_2141",-39.3890501370606
"Wave_2142",-37.4456497589976
"Wave_2143",-35.5022492641765
"Wave_2144",-34.6354966860098
"Wave_2145",-33.4447583104649
"Wave_2146",-32.482572477037
"Wave_2147",-31.7154299701189
"Wave_2148",-30.9482893509735
"Wave_2149",-28.5145899760518
"Wave_2150",-26.5226186978632
"Wave_2151",-24.5327538162549
"Wave_2152",-22.343153623423
"Wave_2153",-20.2739928764824
"Wave_2154",-17.8882634350907
"Wave_2155",-15.152402019538
"Wave_2156",-12.6844883701033
"Wave_2157",-10.2906937498594
"Wave_2158",-7.68707732132846
"Wave_2159",-6.08906530059263
"Wave_2160",-4.81260978609077
"Wave_2161",-2.9683153117951
"Wave_2162",-0.797114546703677
"Wave_2163",0.771342394404872
"Wave_2164",2.85372395513319
"Wave_2165",4.93610622667864
"Wave_2166",7.42909546046147
"Wave_2167",9.33939865551765
"Wave_2168",11.2212052747846
"Wave_2169",12.5010695969885
"Wave_2170",13.7809323488926
"Wave_2171",15.1588285397351
"Wave_2172",16.4947117577813
"Wave_2173",17.2225447264559
"Wave_2174",18.4266360356255
"Wave_2175",19.6307275741969
"Wave_2176",21.8850495281282
"Wave_2177",23.5604747886243
"Wave_2178",24.9501664566948
"Wave_2179",25.9159514537965
"Wave_2180",26.8817380474863
"Wave_2181",29.0407483179563
"Wave_2182",31.5030163589278
"Wave_2183",33.7580187558194
"Wave_2184",34.7200047635201
"Wave_2185",35.4768437611653
"Wave_2186",37.6501706586292
"Wave_2187",39.8234978797715
"Wave_2188",40.7969729430881
"Wave_2189",40.8391978950185
"Wave_2190",40.9676895388288
"Wave_2191",42.303872834172
"Wave_2192",43.6400552946651
"Wave_2193",44.7481827591793
"Wave_2194",45.7349691837006
"Wave_2195",46.7961499892466
"Wave_2196",47.9433598838096
"Wave_2197",49.0905692745874
"Wave_2198",49.8262424310776
"Wave_2199",50.1677917408927
"Wave_2200",50.5499050613396
"Wave_2201",51.9055585804819
"Wave_2202",53.3956067048842
"Wave_2203",55.6442192543737
"Wave_2204",57.8928301667301
"Wave_2205",59.7341056588228
"Wave_2206",61.4691849386576
"Wave_2207",63.2857799737521
"Wave_2208",64.5132637131311
"Wave_2209",65.7407453831142
"Wave_2210",66.3352051325868
"Wave_2211",66.6833984509226
"Wave_2212",66.5191842989425
"Wave_2213",67.0557548348003
"Wave_2214",67.6553468265798
"Wave_2215",69.1595193036281
"Wave_2216",70.7011797001223
"Wave_2217",71.6363418254096
"Wave_2218",71.9191665136813
"Wave_2219",72.2422396524534
"Wave_2220",71.9863287643774
"Wave_2221",71.730417990159
"Wave_2222",72.4670145875908
"Wave_2223",73.5278454035774
"Wave_2224",74.309933816958
"Wave_2225",75.0068373245292
"Wave_2226",75.7037402321125
"Wave_2227",75.4861097881437
"Wave_2228",75.1696932595998
"Wave_2229",75.7430365420905
"Wave_2230",76.8320410152664
"Wave_2231",77.8168511386587
"Wave_2232",78.30290383484
"Wave_2233",78.7889557045717
"Wave_2234",80.1734887339208
"Wave_2235",81.782642321517
"Wave_2236",82.4510263676063
"Wave_2237",81.708258608316
"Wave_2238",81.2324262476032
"Wave_2239",81.1688697684867
"Wave_2240",81.1053183491097
"Wave_2241",80.2455153277216
"Wave_2242",79.0721162919382
"Wave_2243",77.7325369670489
"Wave_2244",75.4757112898646
"Wave_2245",73.2188843514719
"Wave_2246",71.2351966956622
"Wave_2247",69.1877986185133
"Wave_2248",66.5739225854981
"Wave_2249",63.0695300296058
"Wave_2250",59.6019456261707
"Wave_2251",56.4656554082202
"Wave_2252",53.329362496211
"Wave_2253",49.7692059281218
"Wave_2254",46.1059171830776
"Wave_2255",42.431106258729
"Wave_2256",37.663811484923
"Wave_2257",32.8965155429681
"Wave_2258",29.690749164033
"Wave_2259",26.484981533576
"Wave_2260",23.5938801574067
"Wave_2261",20.9125597458933
"Wave_2262",17.9777042594665
"Wave_2263",14.4054554657133
"Wave_2264",10.8332049890296
"Wave_2265",6.90794262647979
"Wave_2266",2.94345666827423
"Wave_2267",-1.71825887808491
"Wave_2268",-7.13788022704031
"Wave_2269",-12.5874288072354
"Wave_2270",-18.1566824316408
"Wave_2271",-23.7259351524487
"Wave_2272",-28.6606028514004
"Wave_2273",-33.43662185034
"Wave_2274",-38.0311646135692
"Wave_2275",-42.4442320510613
"Wave_2276",-46.8857187152738
"Wave_2277",-51.5829815683535
"Wave_2278",-56.2802450977888
"Wave_2279",-59.3107508922199
"Wave_2280",-61.9245665537128
"Wave_2281",-63.4982494784314
"Wave_2282",-63.5117286630601
"Wave_2283",-63.3571199075902
"Wave_2284",-61.6897181796443
"Wave_2285",-60.0223156296871
"Wave_2286",-57.8041228982188
"Wave_2287",-55.540763246875
"Wave_2288",-52.9146897093058
"Wave_2289",-49.7445402655664
"Wave_2290",-46.6628706487086
"Wave_2291",-44.3775240103055
"Wave_2292",-42.0921741568729
"Wave_2293",-40.8035276857482
"Wave_2294",-39.9420404140371
"Wave_2295",-38.5777515351378
"Wave_2296",-36.4592665096825
"Wave_2297",-34.4169467453725
"Wave_2298",-33.0601194319399
"Wave_2299",-31.7032924162657
"Wave_2300",-30.6342695607399
"Wave_2301",-29.6885907824264
"Wave_2302",-29.8909356903268
"Wave_2303",-31.8153165177893
"Wave_2304",-33.7153878904491
"Wave_2305",-35.3966778205311
"Wave_2306",-37.0779661127072
"Wave_2307",-37.4332686466027
"Wave_2308",-37.45707247666
"Wave_2309",-38.0705654201063
"Wave_2310",-39.5685880216187
"Wave_2311",-41.2038802382482
"Wave_2312",-44.0745896054465
"Wave_2313",-46.9453017428654
"Wave_2314",-49.3421110243995
"Wave_2315",-51.620448335109
"Wave_2316",-52.0982624324456
"Wave_2317",-50.775557679494
"Wave_2318",-49.7237758573718
"Wave_2319",-49.7556896859148
"Wave_2320",-49.7876023280661
"Wave_2321",-48.2696764364546
"Wave_2322",-46.5795439382444
"Wave_2323",-44.6952876012018
"Wave_2324",-42.6816133124316
"Wave_2325",-40.9470957225652
"Wave_2326",-39.8639436786599
"Wave_2327",-38.7807901540614
"Wave_2328",-37.3101823554302
"Wave_2329",-35.8395747058237
"Wave_2330",-34.8968235576928
"Wave_2331",-34.1802971212315
"Wave_2332",-32.1857538941918
"Wave_2333",-28.2741872222222
"Wave_2334",-24.5097903249577
"Wave_2335",-22.0699418270923
"Wave_2336",-19.6300942786487
"Wave_2337",-18.9496547343182
"Wave_2338",-18.7090668163003
"Wave_2339",-17.8725261407417
"Wave_2340",-16.440030085668
"Wave_2341",-14.9437584346378
"Wave_2342",-13.1923807761481
"Wave_2343",-11.4410031086029
"Wave_2344",-10.187482125051
"Wave_2345",-8.98927837192827
"Wave_2346",-8.64967632243086
"Wave_2347",-8.70477019365968
"Wave_2348",-7.30771466433777
"Wave_2349",-4.03397126318925
"Wave_2350",-1.05061729479874
"Wave_2351",-0.680777931336372
"Wave_2352",-0.310938665552452
"Wave_2353",-0.86930662999858
"Wave_2354",-1.65972651943433
"Wave_2355",-2.07344812238099
"Wave_2356",-2.43151583785355
"Wave_2357",-2.62736895762047
"Wave_2358",-1.70982738382935
"Wave_2359",-0.792286126540375
"Wave_2360",-0.153162397047033
"Wave_2361",0.485963315032907
"Wave_2362",0.886388597986528
"Wave_2363",1.14036972944701
"Wave_2364",0.342280294964533
"Wave_2365",-1.34153647061731
"Wave_2366",-2.97390430273604
"Wave_2367",-4.40047303284843
"Wave_2368",-5.8270429990614
"Wave_2369",-4.42482702045674
"Wave_2370",-3.05306696394678
"Wave_2371",-2.40662704733679
"Wave_2372",-2.07103872870071
"Wave_2373",-2.49588693862814
"Wave_2374",-4.06138825191709
"Wave_2375",-5.97077295077143
"Wave_2376",-6.48443377272694
"Wave_2377",-6.99809501757534
"Wave_2378",-6.42659060078885
"Wave_2379",-5.73451215893844
"Wave_2380",-5.47769409879846
"Wave_2381",-5.17375278693864
"Wave_2382",-4.27468672200152
"Wave_2383",-2.48293274984311
"Wave_2384",-1.23657420107675
"Wave_2385",-2.17179717199774
"Wave_2386",-3.10702008586517
"Wave_2387",-2.27354661367372
"Wave_2388",-1.47982709995884
"Wave_2389",-1.67853842954806
"Wave_2390",-2.30257669541887
"Wave_2391",-2.28267986864088
"Wave_2392",-1.82197010463835
"Wave_2393",-1.59510204865968
"Wave_2394",-1.16973870280215
"Wave_2395",-0.744375183900804
"Wave_2396",-0.98953601949326
"Wave_2397",-1.23469662131566
"Wave_2398",-1.39859164514735
"Wave_2399",-1.57852277552445
"Wave_2400",-2.87844396209495
