"","sucrose_umol_m2.12.comps"
"(Intercept)",3.7065918320859
"Wave_500",2.62712534292525
"Wave_501",2.4796856696444
"Wave_502",2.32577144240688
"Wave_503",2.25982001221801
"Wave_504",1.98862686431988
"Wave_505",1.80513311513005
"Wave_506",1.46408065894328
"Wave_507",1.32276239970194
"Wave_508",0.934917512303199
"Wave_509",0.407309633855365
"Wave_510",0.312900226545118
"Wave_511",0.0462621214354133
"Wave_512",-0.356199587571319
"Wave_513",-0.745348931734144
"Wave_514",-0.917479432882603
"Wave_515",-1.03546465653597
"Wave_516",-1.15028822201908
"Wave_517",-1.17691628409896
"Wave_518",-1.22635825321766
"Wave_519",-1.15626485164904
"Wave_520",-1.34009702412652
"Wave_521",-1.48862615788724
"Wave_522",-1.28441417573804
"Wave_523",-0.887318813293979
"Wave_524",-0.581145061882632
"Wave_525",-0.28041635643652
"Wave_526",-0.277193533529233
"Wave_527",-0.363719557215847
"Wave_528",-0.0759953351194649
"Wave_529",0.189137823206459
"Wave_530",0.2365493488952
"Wave_531",0.241546094590916
"Wave_532",0.281395444761633
"Wave_533",0.422655634557938
"Wave_534",0.431363756826898
"Wave_535",0.495807315006116
"Wave_536",0.596968223706808
"Wave_537",0.534014791163357
"Wave_538",0.436777665912598
"Wave_539",0.390642390945657
"Wave_540",0.495108464738572
"Wave_541",0.479373377095046
"Wave_542",0.325682054464858
"Wave_543",0.427188759605412
"Wave_544",0.359043508244291
"Wave_545",0.321494623378688
"Wave_546",0.312723779830581
"Wave_547",0.298711639590419
"Wave_548",0.0797592261186899
"Wave_549",-0.0229617745533814
"Wave_550",0.15076949874582
"Wave_551",0.287788967988597
"Wave_552",0.613107966022499
"Wave_553",1.09245024786466
"Wave_554",0.980425118194223
"Wave_555",0.787889319833916
"Wave_556",0.813718654262163
"Wave_557",0.797250770332488
"Wave_558",0.622551285381439
"Wave_559",0.508395023197959
"Wave_560",0.45560533669533
"Wave_561",0.230134769371576
"Wave_562",0.128254278308466
"Wave_563",-0.101109366934069
"Wave_564",-0.342363497438214
"Wave_565",-0.419146521963649
"Wave_566",-0.597239853876994
"Wave_567",-0.602212588628349
"Wave_568",-0.725715598965233
"Wave_569",-0.868102145997543
"Wave_570",-1.14893569523016
"Wave_571",-1.32459229608636
"Wave_572",-1.38108561695567
"Wave_573",-1.37276269795299
"Wave_574",-1.48739383333669
"Wave_575",-1.57304696479372
"Wave_576",-1.72743336102715
"Wave_577",-1.84512867193418
"Wave_578",-1.76258071297634
"Wave_579",-1.67347786626389
"Wave_580",-1.60754462153045
"Wave_581",-1.50921082228478
"Wave_582",-1.48142024810226
"Wave_583",-1.38738344566034
"Wave_584",-1.38186814525732
"Wave_585",-1.31663266335055
"Wave_586",-1.21346028735271
"Wave_587",-1.2554503472005
"Wave_588",-1.22664971134722
"Wave_589",-0.993922149043501
"Wave_590",-0.744401039380314
"Wave_591",-0.605623850888474
"Wave_592",-0.501520836501019
"Wave_593",-0.27224992543596
"Wave_594",-0.228239841416018
"Wave_595",-0.126274416509765
"Wave_596",0.0752031057419377
"Wave_597",0.232909553411761
"Wave_598",0.259568689662736
"Wave_599",0.355477270482223
"Wave_600",0.483129015135087
"Wave_601",0.489290866247433
"Wave_602",0.563148961820495
"Wave_603",0.462105392622658
"Wave_604",0.44844502193121
"Wave_605",0.501852452691871
"Wave_606",0.480783638308309
"Wave_607",0.405394506795506
"Wave_608",0.298585192899821
"Wave_609",0.209082043493533
"Wave_610",0.12819125386891
"Wave_611",-0.0085348501419682
"Wave_612",-0.053950970526479
"Wave_613",-0.0855108864605797
"Wave_614",-0.129309810214713
"Wave_615",-0.218956228112818
"Wave_616",-0.22847256832173
"Wave_617",-0.216904887270043
"Wave_618",-0.289826462581101
"Wave_619",-0.269693796716821
"Wave_620",-0.341883917939197
"Wave_621",-0.31399530124878
"Wave_622",-0.148685876704077
"Wave_623",-0.089775647224445
"Wave_624",-0.12378120041682
"Wave_625",-0.13219723901077
"Wave_626",-0.128048473135713
"Wave_627",-0.0998303732105801
"Wave_628",-0.0350387330219339
"Wave_629",-0.0195512317683275
"Wave_630",0.0894924437977907
"Wave_631",0.199148007938305
"Wave_632",0.317901017019057
"Wave_633",0.323650839743546
"Wave_634",0.410736334859472
"Wave_635",0.666797653225006
"Wave_636",0.952203814324121
"Wave_637",1.18251436465996
"Wave_638",1.41834239892521
"Wave_639",1.65995960315619
"Wave_640",1.86215662421421
"Wave_641",1.98039181369138
"Wave_642",2.21398353780855
"Wave_643",2.57504073838329
"Wave_644",2.86327929758114
"Wave_645",3.00540485311521
"Wave_646",3.10663658730468
"Wave_647",3.18710128157337
"Wave_648",3.17303943478372
"Wave_649",3.25530025706015
"Wave_650",3.28259995369219
"Wave_651",3.1823780561317
"Wave_652",3.17011888362782
"Wave_653",3.10188710213218
"Wave_654",3.08404401905149
"Wave_655",3.00799552814096
"Wave_656",2.66333062873196
"Wave_657",2.3876334312912
"Wave_658",2.13660526005172
"Wave_659",1.9994532248504
"Wave_660",1.89029638591194
"Wave_661",1.8238879060932
"Wave_662",1.73228263148054
"Wave_663",1.44711722505821
"Wave_664",1.03649206468531
"Wave_665",0.703414435470526
"Wave_666",0.466610816396558
"Wave_667",0.253384656572355
"Wave_668",0.114003763156128
"Wave_669",-0.0464511852156785
"Wave_670",-0.282571143115354
"Wave_671",-0.553830874116387
"Wave_672",-0.895436396324164
"Wave_673",-1.10480710913948
"Wave_674",-1.23702484436683
"Wave_675",-1.51430659275734
"Wave_676",-1.68696019481679
"Wave_677",-1.85879421396992
"Wave_678",-2.12790416805213
"Wave_679",-2.2238348553307
"Wave_680",-2.32506371644509
"Wave_681",-2.33914533457724
"Wave_682",-2.23050853706596
"Wave_683",-2.02269706262568
"Wave_684",-1.87354773242431
"Wave_685",-1.72925808926825
"Wave_686",-1.56753351586141
"Wave_687",-1.51120076266068
"Wave_688",-1.4614711688378
"Wave_689",-1.3413462468326
"Wave_690",-1.51110628283493
"Wave_691",-1.93984227151476
"Wave_692",-2.13376106587414
"Wave_693",-2.4513112196991
"Wave_694",-2.78733169262315
"Wave_695",-2.82524866984046
"Wave_696",-2.8880213213269
"Wave_697",-2.92973222381039
"Wave_698",-2.6664776708571
"Wave_699",-2.38153718476017
"Wave_700",-2.18951341153735
"Wave_701",-1.58508984636432
"Wave_702",-1.07666266806438
"Wave_703",-0.482709245015616
"Wave_704",-0.0407443585691213
"Wave_705",0.646112762508678
"Wave_706",1.13672616805643
"Wave_707",1.58227880487796
"Wave_708",1.78396075176972
"Wave_709",2.14091621528259
"Wave_710",2.50497929932605
"Wave_711",2.79329235730765
"Wave_712",2.73279592111293
"Wave_713",2.73298859401285
"Wave_714",2.82776572360021
"Wave_715",2.67718017591938
"Wave_716",2.6568873499125
"Wave_717",2.56808835135143
"Wave_718",2.05639350570017
"Wave_719",1.5696832678267
"Wave_720",1.21874863233708
"Wave_721",0.899238575599957
"Wave_722",0.586360360063048
"Wave_723",0.355968473729645
"Wave_724",-0.0710478914323791
"Wave_725",-0.629173352020525
"Wave_726",-0.895837272135415
"Wave_727",-1.26128840726049
"Wave_728",-1.44214346555156
"Wave_729",-1.56481498532292
"Wave_730",-1.61542418428698
"Wave_731",-1.88661014607456
"Wave_732",-2.32120708585402
"Wave_733",-2.5091060835157
"Wave_734",-2.23062366783994
"Wave_735",-2.185091607913
"Wave_736",-2.02412597222829
"Wave_737",-1.76739217589685
"Wave_738",-1.73944383327514
"Wave_739",-1.77520275310629
"Wave_740",-1.59919649288306
"Wave_741",-1.57843081911481
"Wave_742",-1.47370525960372
"Wave_743",-1.56570376613635
"Wave_744",-1.28354239335652
"Wave_745",-1.06119547668172
"Wave_746",-0.908357041215085
"Wave_747",-0.842394297626835
"Wave_748",-0.587382092506542
"Wave_749",-0.297494651774399
"Wave_750",-0.190603859494674
"Wave_751",-0.370929103818742
"Wave_752",-0.314915172318285
"Wave_753",-0.304517411807393
"Wave_754",-0.128932845678512
"Wave_755",0.0428062859425758
"Wave_756",-0.0822835464848219
"Wave_757",-0.188102360944332
"Wave_758",-0.0583283889188033
"Wave_759",-0.0841789797169344
"Wave_760",-0.0472106190106203
"Wave_761",0.131268302902228
"Wave_762",0.302774909822634
"Wave_763",0.468234856285118
"Wave_764",0.406409759318639
"Wave_765",0.576402712352401
"Wave_766",0.515269284349348
"Wave_767",0.55799728875993
"Wave_768",0.777106050645987
"Wave_769",0.736889095868258
"Wave_770",0.906643277858799
"Wave_771",0.970535394956566
"Wave_772",0.922272990852332
"Wave_773",0.867065005511498
"Wave_774",0.906204408303571
"Wave_775",1.08298371832922
"Wave_776",1.12009233581159
"Wave_777",1.23333785910857
"Wave_778",1.2023497919874
"Wave_779",1.04576018038514
"Wave_780",1.07350108910164
"Wave_781",1.33041081057121
"Wave_782",1.3036258314122
"Wave_783",1.08231445877154
"Wave_784",1.19634111187032
"Wave_785",1.08472880877339
"Wave_786",1.24886901421372
"Wave_787",1.33555624300752
"Wave_788",1.3867753401555
"Wave_789",1.23484525134869
"Wave_790",1.23562486508209
"Wave_791",1.19263532039976
"Wave_792",1.36046338814213
"Wave_793",1.48104682789031
"Wave_794",1.40248655932291
"Wave_795",1.3453909561095
"Wave_796",1.21112212270954
"Wave_797",1.23288188084325
"Wave_798",1.19899305291075
"Wave_799",1.12455385048197
"Wave_800",1.10801151886398
"Wave_801",1.19049018177246
"Wave_802",1.20087397755606
"Wave_803",1.0617214567667
"Wave_804",1.21582641056491
"Wave_805",1.02289525873226
"Wave_806",1.24474870753101
"Wave_807",1.36090734065121
"Wave_808",1.19656052643531
"Wave_809",1.03544244066738
"Wave_810",1.00588623778731
"Wave_811",1.01710634851802
"Wave_812",0.927374574929829
"Wave_813",0.882409500888503
"Wave_814",0.852464161268701
"Wave_815",0.714094929018773
"Wave_816",0.684816808948574
"Wave_817",0.731615039594338
"Wave_818",0.808417600951516
"Wave_819",0.672181722196945
"Wave_820",0.682253236646563
"Wave_821",0.357358413086974
"Wave_822",-0.0045552339050267
"Wave_823",0.0478401766537432
"Wave_824",0.34187546543861
"Wave_825",0.517259100837116
"Wave_826",0.480239000314067
"Wave_827",0.0236786890708021
"Wave_828",-0.186665357532236
"Wave_829",0.292385312393728
"Wave_830",0.548357379022175
"Wave_831",0.576416592792613
"Wave_832",0.290935969952214
"Wave_833",0.228766496128513
"Wave_834",-0.110306592645914
"Wave_835",-0.242849236954637
"Wave_836",-0.284500988571256
"Wave_837",-0.101740532866417
"Wave_838",-0.0853572752468613
"Wave_839",-0.128058498237019
"Wave_840",-0.174834096905539
"Wave_841",-0.22995439399184
"Wave_842",-0.437759032852533
"Wave_843",-0.184897499346566
"Wave_844",-0.273533268067769
"Wave_845",-0.45186126802246
"Wave_846",-0.540956587485187
"Wave_847",-0.657855225931897
"Wave_848",-0.988516746727711
"Wave_849",-0.61777081350136
"Wave_850",-0.212503181271975
"Wave_851",-0.0503396985896663
"Wave_852",-0.151190853799262
"Wave_853",-0.614226938236572
"Wave_854",-0.563573318675599
"Wave_855",-0.374656447330495
"Wave_856",-0.440642557603476
"Wave_857",-0.325309507000313
"Wave_858",-0.229835305914297
"Wave_859",-0.256687358129501
"Wave_860",-0.469172471920212
"Wave_861",-0.718451122426914
"Wave_862",-0.609491511223091
"Wave_863",-0.48258901799182
"Wave_864",-0.235393029054075
"Wave_865",-0.170479650800498
"Wave_866",-0.661119980944426
"Wave_867",-0.476388553057804
"Wave_868",-0.49092668213078
"Wave_869",-0.508333552472788
"Wave_870",0.177660248923892
"Wave_871",0.414001451553062
"Wave_872",-0.125958590393372
"Wave_873",-0.2588415105931
"Wave_874",-0.499513148067699
"Wave_875",-0.813401504295463
"Wave_876",-0.419495119662768
"Wave_877",-0.385237906530818
"Wave_878",-0.701946123510449
"Wave_879",-1.02018153896376
"Wave_880",-0.892718660501899
"Wave_881",-0.665835644553848
"Wave_882",-0.181001392900875
"Wave_883",0.0447662870372937
"Wave_884",-0.572324540808413
"Wave_885",-0.263080113630486
"Wave_886",-0.202173920431983
"Wave_887",-0.201172261105721
"Wave_888",-0.34338009883705
"Wave_889",-0.538917308777445
"Wave_890",-0.610553694346565
"Wave_891",-0.569508061552304
"Wave_892",-0.631412030272585
"Wave_893",-0.640667685095893
"Wave_894",-0.396774141367335
"Wave_895",-0.866692338301743
"Wave_896",-0.445406543405141
"Wave_897",0.0674067401024438
"Wave_898",-0.143158704587012
"Wave_899",-0.508861266867196
"Wave_900",-0.621259396305084
"Wave_901",-0.690330234244054
"Wave_902",-0.329996498681586
"Wave_903",-0.343167538242287
"Wave_904",-0.289270215748402
"Wave_905",-0.39295150496337
"Wave_906",-0.692126327044555
"Wave_907",-0.952664084881097
"Wave_908",-1.15158814235205
"Wave_909",-0.59438316828931
"Wave_910",-0.862518908831215
"Wave_911",-0.778765720849209
"Wave_912",-0.605383345183788
"Wave_913",-0.812727403725874
"Wave_914",-0.867504691611966
"Wave_915",-0.603257177343829
"Wave_916",-0.0890624842026935
"Wave_917",0.134215890309184
"Wave_918",-0.208234753678593
"Wave_919",-0.558586860183646
"Wave_920",-0.123517969971955
"Wave_921",-0.478402264727914
"Wave_922",-0.616534326993905
"Wave_923",-0.237762065852905
"Wave_924",-0.209939440959936
"Wave_925",-0.0965298036484536
"Wave_926",-0.254106350065384
"Wave_927",-1.52916700232555
"Wave_928",-1.78993083237582
"Wave_929",-0.396201640735149
"Wave_930",0.291801566679013
"Wave_931",-0.0501601280126448
"Wave_932",-0.595020224527399
"Wave_933",-0.778610191439949
"Wave_934",-1.13039945353022
"Wave_935",-1.33715140260294
"Wave_936",-0.800914803456347
"Wave_937",-0.393416103581263
"Wave_938",-0.368181056244845
"Wave_939",-0.500712632947667
"Wave_940",-0.60510232068964
"Wave_941",-0.470873866259965
"Wave_942",0.195193143799788
"Wave_943",-0.052679586919253
"Wave_944",-0.490676174298799
"Wave_945",-0.767294587873217
"Wave_946",-0.876280430599786
"Wave_947",-0.727204378451771
"Wave_948",0.355710611813276
"Wave_949",-0.100531252125996
"Wave_950",-0.585367889036732
"Wave_951",-1.26074381349647
"Wave_952",-0.509106964020286
"Wave_953",0.340579332188631
"Wave_954",0.0289586003869681
"Wave_955",-0.179950666452462
"Wave_956",-0.592119629428397
"Wave_957",-0.575644493956236
"Wave_958",0.253524372613033
"Wave_959",-0.59784251401079
"Wave_960",-1.2810960938063
"Wave_961",-0.786982117571289
"Wave_962",-0.568946824753507
"Wave_963",0.320026047288422
"Wave_964",-0.588027737650782
"Wave_965",-1.25155460229694
"Wave_966",-1.24897273985886
"Wave_967",-0.624631098913212
"Wave_968",-0.41780961008356
"Wave_969",-1.25901325226959
"Wave_970",-0.674387312590711
"Wave_971",-0.834889362222298
"Wave_972",-0.736790884212464
"Wave_973",-0.636100300605082
"Wave_974",-0.535409740796577
"Wave_975",-0.522794401500373
"Wave_976",-0.505624902895537
"Wave_977",-0.448595963281518
"Wave_978",-0.391566995359635
"Wave_979",-0.369180383724573
"Wave_980",-0.469744725743743
"Wave_981",-0.64971043775452
"Wave_982",-0.811068939198867
"Wave_983",-0.804963296580282
"Wave_984",-0.547433544734634
"Wave_985",-0.227047837251177
"Wave_986",0.0890194967540056
"Wave_987",0.387813597526198
"Wave_988",0.290116141486859
"Wave_989",0.192418627517225
"Wave_990",0.110207347368631
"Wave_991",0.0733302880727502
"Wave_992",0.124872663922478
"Wave_993",0.17641516874776
"Wave_994",0.322436799531217
"Wave_995",0.469345285150026
"Wave_996",0.471355525342453
"Wave_997",0.473365750656747
"Wave_998",0.257590969644321
"Wave_999",0.128054081606784
"Wave_1000",0.17809124540567
"Wave_1001",0.228128436436002
"Wave_1002",0.561204544124177
"Wave_1003",0.686260111322933
"Wave_1004",0.708686031063514
"Wave_1005",0.722942745408764
"Wave_1006",0.663676341300076
"Wave_1007",0.558639936511569
"Wave_1008",0.448518093418461
"Wave_1009",0.328522401277449
"Wave_1010",0.189420402366994
"Wave_1011",0.23382270493369
"Wave_1012",0.278224799190215
"Wave_1013",0.342046495793277
"Wave_1014",0.421368042191981
"Wave_1015",0.468888005354112
"Wave_1016",0.516408098665452
"Wave_1017",0.520467926144519
"Wave_1018",0.570417156286677
"Wave_1019",0.69522945017911
"Wave_1020",0.820041686059939
"Wave_1021",0.951645527553176
"Wave_1022",0.989825204921641
"Wave_1023",0.986718837748206
"Wave_1024",0.983612150296579
"Wave_1025",0.957423167474482
"Wave_1026",0.990702214400598
"Wave_1027",1.0308736005643
"Wave_1028",1.06401812173113
"Wave_1029",1.0356500182965
"Wave_1030",1.02285150499364
"Wave_1031",1.01005309956732
"Wave_1032",0.991137504225218
"Wave_1033",0.968760989944394
"Wave_1034",0.995403183281315
"Wave_1035",1.02204533129095
"Wave_1036",1.07851793764093
"Wave_1037",1.09021183078998
"Wave_1038",1.01238120993746
"Wave_1039",0.934550750584935
"Wave_1040",0.814714951871232
"Wave_1041",0.771775924504931
"Wave_1042",0.773794133087567
"Wave_1043",0.775812313653233
"Wave_1044",0.798418433312477
"Wave_1045",0.793162079309588
"Wave_1046",0.784238111775913
"Wave_1047",0.775314263172025
"Wave_1048",0.770214925493432
"Wave_1049",0.788181658157887
"Wave_1050",0.806148371620646
"Wave_1051",0.823416976851717
"Wave_1052",0.8306292222175
"Wave_1053",0.829034967401544
"Wave_1054",0.827440550450424
"Wave_1055",0.825122739489893
"Wave_1056",0.828664193069744
"Wave_1057",0.839753195285848
"Wave_1058",0.850842105030593
"Wave_1059",0.834484000061633
"Wave_1060",0.794543901332658
"Wave_1061",0.756260330856231
"Wave_1062",0.717976721805258
"Wave_1063",0.711392595790956
"Wave_1064",0.736730755264365
"Wave_1065",0.76410635440654
"Wave_1066",0.791481936961437
"Wave_1067",0.788109912061411
"Wave_1068",0.759219360863952
"Wave_1069",0.730328829093046
"Wave_1070",0.701438411240415
"Wave_1071",0.69199891667811
"Wave_1072",0.691211852204233
"Wave_1073",0.690424894017533
"Wave_1074",0.680068803940733
"Wave_1075",0.669667021472909
"Wave_1076",0.6974956839841
"Wave_1077",0.725324383405472
"Wave_1078",0.782632869053172
"Wave_1079",0.800317290393308
"Wave_1080",0.782068836804026
"Wave_1081",0.763820322109451
"Wave_1082",0.720358380683079
"Wave_1083",0.72072267117386
"Wave_1084",0.727824328565931
"Wave_1085",0.734925847757233
"Wave_1086",0.702037892063133
"Wave_1087",0.718359671876615
"Wave_1088",0.734681461735874
"Wave_1089",0.751003197866019
"Wave_1090",0.798782460760344
"Wave_1091",0.746989471258084
"Wave_1092",0.695196505493537
"Wave_1093",0.628147959461528
"Wave_1094",0.545572256805805
"Wave_1095",0.493326733174817
"Wave_1096",0.441081270295796
"Wave_1097",0.385269226766298
"Wave_1098",0.366478824451483
"Wave_1099",0.359024179893349
"Wave_1100",0.351569603495704
"Wave_1101",0.334306632912883
"Wave_1102",0.302145310003503
"Wave_1103",0.26998385712174
"Wave_1104",0.237822485191035
"Wave_1105",0.225147758803341
"Wave_1106",0.206136188238224
"Wave_1107",0.187124507803416
"Wave_1108",0.168112780963672
"Wave_1109",0.165572201889898
"Wave_1110",0.20137203233755
"Wave_1111",0.237171892602188
"Wave_1112",0.269818329579534
"Wave_1113",0.297065175623413
"Wave_1114",0.339632456595299
"Wave_1115",0.382199880004921
"Wave_1116",0.435343301805331
"Wave_1117",0.402087237381765
"Wave_1118",0.341061750516373
"Wave_1119",0.280036447142969
"Wave_1120",0.201302324650966
"Wave_1121",0.215757292213617
"Wave_1122",0.230212278403729
"Wave_1123",0.244667355048341
"Wave_1124",0.225246665082014
"Wave_1125",0.2108250679093
"Wave_1126",0.196403498645236
"Wave_1127",0.181981910423953
"Wave_1128",0.140388958934687
"Wave_1129",0.125053547707604
"Wave_1130",0.109718131882767
"Wave_1131",0.0819256354345709
"Wave_1132",0.047750713003488
"Wave_1133",0.0588891360614247
"Wave_1134",0.0700273850319934
"Wave_1135",0.0652559176720835
"Wave_1136",0.0620105731750459
"Wave_1137",0.0630597236867842
"Wave_1138",0.064108792779464
"Wave_1139",0.0248782736650731
"Wave_1140",0.0540202931681377
"Wave_1141",0.0831623748450987
"Wave_1142",0.112304420652084
"Wave_1143",0.151221607220516
"Wave_1144",0.118847343645564
"Wave_1145",0.0864731323641752
"Wave_1146",0.054099108411262
"Wave_1147",0.0434758971459815
"Wave_1148",0.0156367968324504
"Wave_1149",-0.0122022197335088
"Wave_1150",-0.0408758371452297
"Wave_1151",-0.0348873353211675
"Wave_1152",-0.0183554633469376
"Wave_1153",-0.0018235359177054
"Wave_1154",0.0962670463503854
"Wave_1155",-0.0376851476569917
"Wave_1156",-0.171637366331991
"Wave_1157",-0.305589595996124
"Wave_1158",-0.418226249446582
"Wave_1159",-0.461283940921451
"Wave_1160",-0.504341600349081
"Wave_1161",-0.547399278493094
"Wave_1162",-0.569908457137647
"Wave_1163",-0.604570933449579
"Wave_1164",-0.639233394202229
"Wave_1165",-0.673895985859165
"Wave_1166",-0.698182907718513
"Wave_1167",-0.725019441677786
"Wave_1168",-0.751855983044858
"Wave_1169",-0.779936863933122
"Wave_1170",-0.77424117947355
"Wave_1171",-0.764239366137356
"Wave_1172",-0.754237653274236
"Wave_1173",-0.746216720047923
"Wave_1174",-0.764125713228988
"Wave_1175",-0.782034663843926
"Wave_1176",-0.799943724622093
"Wave_1177",-0.806879828607259
"Wave_1178",-0.793401236262693
"Wave_1179",-0.779922534009368
"Wave_1180",-0.766443914553383
"Wave_1181",-0.743779454053553
"Wave_1182",-0.714617388730477
"Wave_1183",-0.685455293023394
"Wave_1184",-0.656293276902034
"Wave_1185",-0.67986304128784
"Wave_1186",-0.717563343936254
"Wave_1187",-0.755263612857898
"Wave_1188",-0.796708040199882
"Wave_1189",-0.759674430657784
"Wave_1190",-0.722640710924179
"Wave_1191",-0.685607056887019
"Wave_1192",-0.641254971190634
"Wave_1193",-0.702630970526284
"Wave_1194",-0.764006951974338
"Wave_1195",-0.825382888394253
"Wave_1196",-0.865040740088072
"Wave_1197",-0.85779321181017
"Wave_1198",-0.850545713295656
"Wave_1199",-0.843298144020122
"Wave_1200",-0.837866881833092
"Wave_1201",-0.837520835947531
"Wave_1202",-0.83717483638372
"Wave_1203",-0.833915693051683
"Wave_1204",-0.828898272203991
"Wave_1205",-0.826598797438834
"Wave_1206",-0.824299101682583
"Wave_1207",-0.818700044026311
"Wave_1208",-0.812770635929512
"Wave_1209",-0.806841425470672
"Wave_1210",-0.800912171311047
"Wave_1211",-0.791880285232863
"Wave_1212",-0.771501956926282
"Wave_1213",-0.751123758545179
"Wave_1214",-0.730745391528367
"Wave_1215",-0.723612112730245
"Wave_1216",-0.71453061091973
"Wave_1217",-0.705448981704763
"Wave_1218",-0.69636746527605
"Wave_1219",-0.7149118370201
"Wave_1220",-0.744308087754445
"Wave_1221",-0.773704240532503
"Wave_1222",-0.803761803765942
"Wave_1223",-0.81089253586098
"Wave_1224",-0.818023105288003
"Wave_1225",-0.825153704674957
"Wave_1226",-0.825707156267049
"Wave_1227",-0.801644745990265
"Wave_1228",-0.77758240854394
"Wave_1229",-0.753520074773357
"Wave_1230",-0.737994412186462
"Wave_1231",-0.724357844074129
"Wave_1232",-0.710721183345782
"Wave_1233",-0.697084541619329
"Wave_1234",-0.680050810051389
"Wave_1235",-0.66086101932519
"Wave_1236",-0.641671384051221
"Wave_1237",-0.621933743570209
"Wave_1238",-0.63238515763094
"Wave_1239",-0.642836526182946
"Wave_1240",-0.653287923845785
"Wave_1241",-0.660012036867927
"Wave_1242",-0.651971968858322
"Wave_1243",-0.643931948130811
"Wave_1244",-0.635891902740511
"Wave_1245",-0.644159666778164
"Wave_1246",-0.668278845615309
"Wave_1247",-0.692397837775748
"Wave_1248",-0.71651690419728
"Wave_1249",-0.708339283188294
"Wave_1250",-0.691140733170819
"Wave_1251",-0.673942332395487
"Wave_1252",-0.659399605067892
"Wave_1253",-0.651865203529502
"Wave_1254",-0.644330835945612
"Wave_1255",-0.636796442550236
"Wave_1256",-0.620494181396883
"Wave_1257",-0.583733128356453
"Wave_1258",-0.546972135620497
"Wave_1259",-0.51021124304734
"Wave_1260",-0.493874922401148
"Wave_1261",-0.499673997255263
"Wave_1262",-0.505472862199204
"Wave_1263",-0.5112718528392
"Wave_1264",-0.490397619072411
"Wave_1265",-0.462855032958173
"Wave_1266",-0.435312446927591
"Wave_1267",-0.411725297623041
"Wave_1268",-0.427088981333829
"Wave_1269",-0.442452613596554
"Wave_1270",-0.457816404021903
"Wave_1271",-0.462821971322703
"Wave_1272",-0.429132578326725
"Wave_1273",-0.395443167269887
"Wave_1274",-0.361753873067414
"Wave_1275",-0.360402021314135
"Wave_1276",-0.370029697682198
"Wave_1277",-0.379657321960736
"Wave_1278",-0.389284957119539
"Wave_1279",-0.386470184731438
"Wave_1280",-0.382538432503208
"Wave_1281",-0.37860674753759
"Wave_1282",-0.374675057982569
"Wave_1283",-0.390764105537425
"Wave_1284",-0.406852925470019
"Wave_1285",-0.422941943829718
"Wave_1286",-0.437404128605321
"Wave_1287",-0.424226002430643
"Wave_1288",-0.411047843412364
"Wave_1289",-0.39786963821818
"Wave_1290",-0.393496165339424
"Wave_1291",-0.397927168222949
"Wave_1292",-0.402358276620604
"Wave_1293",-0.406789247642151
"Wave_1294",-0.355443963315115
"Wave_1295",-0.290154518821437
"Wave_1296",-0.22486505360167
"Wave_1297",-0.159575629025202
"Wave_1298",-0.161688226346905
"Wave_1299",-0.163800757654251
"Wave_1300",-0.165913343012064
"Wave_1301",-0.169088306865011
"Wave_1302",-0.174742563941711
"Wave_1303",-0.180396879787988
"Wave_1304",-0.186050954526693
"Wave_1305",-0.210644222652754
"Wave_1306",-0.248272618123179
"Wave_1307",-0.285900782948049
"Wave_1308",-0.323529099788914
"Wave_1309",-0.303875148012648
"Wave_1310",-0.269900601682939
"Wave_1311",-0.235926251338368
"Wave_1312",-0.195523632511761
"Wave_1313",-0.205519929535603
"Wave_1314",-0.215516224452857
"Wave_1315",-0.225512575611972
"Wave_1316",-0.227411340928358
"Wave_1317",-0.210415553631689
"Wave_1318",-0.19341986482748
"Wave_1319",-0.17642418717186
"Wave_1320",-0.178961202319645
"Wave_1321",-0.194520122396646
"Wave_1322",-0.210078834796768
"Wave_1323",-0.225637845145875
"Wave_1324",-0.222340771345082
"Wave_1325",-0.214329850512805
"Wave_1326",-0.206318833703902
"Wave_1327",-0.200749139684584
"Wave_1328",-0.217149087914641
"Wave_1329",-0.233549125122585
"Wave_1330",-0.24994900808947
"Wave_1331",-0.248093647768948
"Wave_1332",-0.204485662552444
"Wave_1333",-0.160877710182523
"Wave_1334",-0.117269657117273
"Wave_1335",-0.0959496930812639
"Wave_1336",-0.0894885024368443
"Wave_1337",-0.0830272640039775
"Wave_1338",-0.0765660714347701
"Wave_1339",-0.0873158456470874
"Wave_1340",-0.0999778385993131
"Wave_1341",-0.112639742021442
"Wave_1342",-0.117799725896026
"Wave_1343",-0.0929514054498208
"Wave_1344",-0.0681030415408882
"Wave_1345",-0.0432546329452116
"Wave_1346",-0.0275577049306312
"Wave_1347",-0.0255877865430227
"Wave_1348",-0.0236180597813026
"Wave_1349",-0.0216482237761365
"Wave_1350",0.0173187539875337
"Wave_1351",0.0721415514445948
"Wave_1352",0.126964458472417
"Wave_1353",0.181787283503946
"Wave_1354",0.192618792380473
"Wave_1355",0.203450405828583
"Wave_1356",0.214281957850147
"Wave_1357",0.228241414546944
"Wave_1358",0.254712828312237
"Wave_1359",0.281184361201088
"Wave_1360",0.307655778763296
"Wave_1361",0.34300818050234
"Wave_1362",0.387241596497734
"Wave_1363",0.4314750122265
"Wave_1364",0.47570842931366
"Wave_1365",0.534028511333022
"Wave_1366",0.595870353793347
"Wave_1367",0.657712090297208
"Wave_1368",0.720049080907524
"Wave_1369",0.786842157413252
"Wave_1370",0.853635335998456
"Wave_1371",0.920428519454774
"Wave_1372",1.00381959447368
"Wave_1373",1.12593931625158
"Wave_1374",1.24805904443678
"Wave_1375",1.37017885871872
"Wave_1376",1.46187767127101
"Wave_1377",1.53329592116659
"Wave_1378",1.60471411320691
"Wave_1379",1.67613231919179
"Wave_1380",1.71931255886014
"Wave_1381",1.75935521890137
"Wave_1382",1.79939786084189
"Wave_1383",1.83885636905106
"Wave_1384",1.87597863252793
"Wave_1385",1.91310093976921
"Wave_1386",1.9502231056905
"Wave_1387",1.96514361508762
"Wave_1388",1.95786212585537
"Wave_1389",1.95058073768128
"Wave_1390",1.94329934564941
"Wave_1391",1.8269261233678
"Wave_1392",1.66278631093305
"Wave_1393",1.49864651740077
"Wave_1394",1.33450678978813
"Wave_1395",1.17095901689785
"Wave_1396",1.0074114569032
"Wave_1397",0.84386367323261
"Wave_1398",0.680722700391908
"Wave_1399",0.518530587227416
"Wave_1400",0.356338399288272
"Wave_1401",0.194146393578271
"Wave_1402",0.0350504065990272
"Wave_1403",-0.121981203542275
"Wave_1404",-0.279012775341129
"Wave_1405",-0.436044429913613
"Wave_1406",-0.580755956525248
"Wave_1407",-0.72409861531068
"Wave_1408",-0.867441362234871
"Wave_1409",-0.996552848289451
"Wave_1410",-1.06874015512411
"Wave_1411",-1.14092731147002
"Wave_1412",-1.21311456149276
"Wave_1413",-1.27656216194534
"Wave_1414",-1.33127025854672
"Wave_1415",-1.38597824366446
"Wave_1416",-1.44068629117074
"Wave_1417",-1.4459529634533
"Wave_1418",-1.4388593120054
"Wave_1419",-1.43176546846235
"Wave_1420",-1.42258863742141
"Wave_1421",-1.39466260952462
"Wave_1422",-1.36673657740786
"Wave_1423",-1.33881056224682
"Wave_1424",-1.32988903898911
"Wave_1425",-1.31664742890855
"Wave_1426",-1.30340587961469
"Wave_1427",-1.29016433393145
"Wave_1428",-1.25488479805777
"Wave_1429",-1.21016050501435
"Wave_1430",-1.16543617031837
"Wave_1431",-1.12071195017197
"Wave_1432",-1.10557877294774
"Wave_1433",-1.0809486400453
"Wave_1434",-1.05631849766823
"Wave_1435",-1.03046923684999
"Wave_1436",-0.986887684617132
"Wave_1437",-0.943306198413611
"Wave_1438",-0.899724775906546
"Wave_1439",-0.863241053927981
"Wave_1440",-0.831489268142936
"Wave_1441",-0.79973761262001
"Wave_1442",-0.76798590767753
"Wave_1443",-0.742758987109438
"Wave_1444",-0.714785884304668
"Wave_1445",-0.686812632340519
"Wave_1446",-0.655360430497023
"Wave_1447",-0.609991954501163
"Wave_1448",-0.564623416072707
"Wave_1449",-0.519254904281184
"Wave_1450",-0.497103984324655
"Wave_1451",-0.498170480734745
"Wave_1452",-0.499237033709825
"Wave_1453",-0.500303530879346
"Wave_1454",-0.480064410923289
"Wave_1455",-0.454498791393185
"Wave_1456",-0.428933251977098
"Wave_1457",-0.40469690740954
"Wave_1458",-0.392423171522903
"Wave_1459",-0.380149335852781
"Wave_1460",-0.367875399596085
"Wave_1461",-0.357063708982383
"Wave_1462",-0.348445081029818
"Wave_1463",-0.339826363038373
"Wave_1464",-0.331207710555695
"Wave_1465",-0.301749368584303
"Wave_1466",-0.263359645401461
"Wave_1467",-0.224970030787385
"Wave_1468",-0.186580242337627
"Wave_1469",-0.157438212001601
"Wave_1470",-0.128295955025387
"Wave_1471",-0.0991539272504589
"Wave_1472",-0.0695826354872919
"Wave_1473",-0.039010119945945
"Wave_1474",-0.00843773319797009
"Wave_1475",0.0221347318773323
"Wave_1476",0.0367563442555852
"Wave_1477",0.0484428805145581
"Wave_1478",0.0601293380962874
"Wave_1479",0.071815911158765
"Wave_1480",0.0942381107442619
"Wave_1481",0.12161253998385
"Wave_1482",0.148986883826682
"Wave_1483",0.176784292502818
"Wave_1484",0.205568268030001
"Wave_1485",0.234352160601156
"Wave_1486",0.263136150928035
"Wave_1487",0.282702182651524
"Wave_1488",0.29612314312076
"Wave_1489",0.309544021859168
"Wave_1490",0.322964802655616
"Wave_1491",0.340622982271847
"Wave_1492",0.358751780500445
"Wave_1493",0.376880736822335
"Wave_1494",0.390760604166319
"Wave_1495",0.387644540684981
"Wave_1496",0.384528614925622
"Wave_1497",0.381412520873165
"Wave_1498",0.396810674479549
"Wave_1499",0.424551553046866
"Wave_1500",0.452292409973291
"Wave_1501",0.480033276468014
"Wave_1502",0.464241236768072
"Wave_1503",0.443612164110485
"Wave_1504",0.422983210503142
"Wave_1505",0.405082822987257
"Wave_1506",0.398096827703813
"Wave_1507",0.391110774914098
"Wave_1508",0.38412482529759
"Wave_1509",0.398837883676053
"Wave_1510",0.427034437186389
"Wave_1511",0.455231038182506
"Wave_1512",0.483427537390584
"Wave_1513",0.476191179366962
"Wave_1514",0.465017816048199
"Wave_1515",0.453844404956875
"Wave_1516",0.437144600467429
"Wave_1517",0.398339242552337
"Wave_1518",0.359533871764914
"Wave_1519",0.320728615103572
"Wave_1520",0.325825784702021
"Wave_1521",0.373243334090538
"Wave_1522",0.420660913740329
"Wave_1523",0.468078492002576
"Wave_1524",0.498353273984178
"Wave_1525",0.521554568180995
"Wave_1526",0.54475594144915
"Wave_1527",0.558601527678563
"Wave_1528",0.535024241278589
"Wave_1529",0.511447072403736
"Wave_1530",0.48786987631222
"Wave_1531",0.490851430382842
"Wave_1532",0.511914329101144
"Wave_1533",0.532977231264663
"Wave_1534",0.554040154231568
"Wave_1535",0.582430354625817
"Wave_1536",0.611634774191337
"Wave_1537",0.640839207384624
"Wave_1538",0.664942777231598
"Wave_1539",0.668643071309094
"Wave_1540",0.672343398963337
"Wave_1541",0.676043675840427
"Wave_1542",0.699039604362105
"Wave_1543",0.73017600078402
"Wave_1544",0.761312337081559
"Wave_1545",0.792448816522779
"Wave_1546",0.781921397826326
"Wave_1547",0.76676480732328
"Wave_1548",0.75160825606042
"Wave_1549",0.748123590218159
"Wave_1550",0.771783605424131
"Wave_1551",0.795443776045856
"Wave_1552",0.819103978717041
"Wave_1553",0.835298737324541
"Wave_1554",0.846516757481217
"Wave_1555",0.857734585147113
"Wave_1556",0.868952508782749
"Wave_1557",0.876062542981962
"Wave_1558",0.886745010677148
"Wave_1559",0.897427418217758
"Wave_1560",0.908013859868119
"Wave_1561",0.918376226984199
"Wave_1562",0.928738641542347
"Wave_1563",0.939101072218852
"Wave_1564",0.963912383529895
"Wave_1565",0.993589150581735
"Wave_1566",1.02326582792757
"Wave_1567",1.05294252158142
"Wave_1568",1.03007957540688
"Wave_1569",1.0072168604742
"Wave_1570",0.984353866569586
"Wave_1571",0.972716227888273
"Wave_1572",0.968055129945754
"Wave_1573",0.963394184701607
"Wave_1574",0.958733131197588
"Wave_1575",0.977152618357288
"Wave_1576",0.99932062806695
"Wave_1577",1.02148869220038
"Wave_1578",1.04539694854001
"Wave_1579",1.07509562630469
"Wave_1580",1.10479436892148
"Wave_1581",1.13449306215913
"Wave_1582",1.13709410359001
"Wave_1583",1.10406199906842
"Wave_1584",1.07102996413367
"Wave_1585",1.03799793909071
"Wave_1586",1.04843927226975
"Wave_1587",1.07228058203816
"Wave_1588",1.09612186275795
"Wave_1589",1.11818024848158
"Wave_1590",1.12430121410366
"Wave_1591",1.13042234750453
"Wave_1592",1.13654332386567
"Wave_1593",1.11356392646571
"Wave_1594",1.07421711803654
"Wave_1595",1.03487001473179
"Wave_1596",0.99552313785398
"Wave_1597",0.970541467412584
"Wave_1598",0.943306237641346
"Wave_1599",0.916071020901251
"Wave_1600",0.893277914938147
"Wave_1601",0.871116674204937
"Wave_1602",0.848955388240155
"Wave_1603",0.826794180401949
"Wave_1604",0.868671437858796
"Wave_1605",0.938738365385513
"Wave_1606",1.00880527699014
"Wave_1607",1.0584004020603
"Wave_1608",0.959107860426366
"Wave_1609",0.863744106019804
"Wave_1610",0.768380429542627
"Wave_1611",0.715999216735137
"Wave_1612",0.704158405333795
"Wave_1613",0.692317717692723
"Wave_1614",0.680476980080774
"Wave_1615",0.654988202296489
"Wave_1616",0.62776260687262
"Wave_1617",0.600536929539
"Wave_1618",0.571810049033356
"Wave_1619",0.546433451505579
"Wave_1620",0.521057013205538
"Wave_1621",0.495680392555645
"Wave_1622",0.445840249200695
"Wave_1623",0.380632581925957
"Wave_1624",0.315425074178689
"Wave_1625",0.250217554142864
"Wave_1626",0.27026879932795
"Wave_1627",0.293973508257736
"Wave_1628",0.317678155563424
"Wave_1629",0.318270439817491
"Wave_1630",0.269761147865669
"Wave_1631",0.221251798781388
"Wave_1632",0.172742514342493
"Wave_1633",0.139397531338212
"Wave_1634",0.103634139816548
"Wave_1635",0.0678705551392461
"Wave_1636",0.0281603849172011
"Wave_1637",-0.00223166381563778
"Wave_1638",-0.0276414630168986
"Wave_1639",-0.0530514130827172
"Wave_1640",-0.0799476258490622
"Wave_1641",-0.112669082695359
"Wave_1642",-0.145390539390644
"Wave_1643",-0.178112056927024
"Wave_1644",-0.17985383835129
"Wave_1645",-0.186246500104424
"Wave_1646",-0.192639111990339
"Wave_1647",-0.194413043991017
"Wave_1648",-0.254200289391861
"Wave_1649",-0.313987629416082
"Wave_1650",-0.37377484724945
"Wave_1651",-0.409266459356508
"Wave_1652",-0.431764925006202
"Wave_1653",-0.454263239454649
"Wave_1654",-0.476944606629058
"Wave_1655",-0.476159250104621
"Wave_1656",-0.469095558696445
"Wave_1657",-0.46203181550613
"Wave_1658",-0.458628914199823
"Wave_1659",-0.493487511741848
"Wave_1660",-0.528346072986626
"Wave_1661",-0.563204670746158
"Wave_1662",-0.60135889063331
"Wave_1663",-0.632191194679004
"Wave_1664",-0.663023359446157
"Wave_1665",-0.67740082487575
"Wave_1666",-0.764861769840555
"Wave_1667",-0.852322853103787
"Wave_1668",-0.939783847975717
"Wave_1669",-0.962233620766209
"Wave_1670",-0.962580574314259
"Wave_1671",-0.962927359079406
"Wave_1672",-0.967839582294827
"Wave_1673",-1.00573827565752
"Wave_1674",-1.0416117396749
"Wave_1675",-1.07748507366678
"Wave_1676",-1.0986672179985
"Wave_1677",-1.13195841903556
"Wave_1678",-1.16524973164727
"Wave_1679",-1.19854085213665
"Wave_1680",-1.22712677103609
"Wave_1681",-1.25883670901729
"Wave_1682",-1.29054673570402
"Wave_1683",-1.31406744982263
"Wave_1684",-1.33148596174997
"Wave_1685",-1.34890425126202
"Wave_1686",-1.36632265262065
"Wave_1687",-1.35440297157917
"Wave_1688",-1.31763101322919
"Wave_1689",-1.28085898229178
"Wave_1690",-1.23703685582169
"Wave_1691",-1.12460423607889
"Wave_1692",-1.01088167367183
"Wave_1693",-0.897159134161223
"Wave_1694",-0.811197228622143
"Wave_1695",-0.759999433845127
"Wave_1696",-0.708801752052075
"Wave_1697",-0.657603938997743
"Wave_1698",-0.604238228250248
"Wave_1699",-0.565624997209054
"Wave_1700",-0.5270118631047
"Wave_1701",-0.521055628848929
"Wave_1702",-0.561823547658571
"Wave_1703",-0.602591448631967
"Wave_1704",-0.643359352493387
"Wave_1705",-0.668790714732428
"Wave_1706",-0.661543602806352
"Wave_1707",-0.654296483278198
"Wave_1708",-0.640817947526396
"Wave_1709",-0.654557386865123
"Wave_1710",-0.681332787264882
"Wave_1711",-0.708108199900303
"Wave_1712",-0.79019178651628
"Wave_1713",-0.898474138941848
"Wave_1714",-1.00675652735026
"Wave_1715",-1.11273411486742
"Wave_1716",-1.22182816350896
"Wave_1717",-1.3468274348627
"Wave_1718",-1.47182670820807
"Wave_1719",-1.54460605747329
"Wave_1720",-1.56377938597073
"Wave_1721",-1.58295267300203
"Wave_1722",-1.60212594780979
"Wave_1723",-1.65930489764838
"Wave_1724",-1.74167226503093
"Wave_1725",-1.82403952363883
"Wave_1726",-1.90482098755968
"Wave_1727",-1.91955276988217
"Wave_1728",-1.92720997438805
"Wave_1729",-1.93486715261346
"Wave_1730",-1.8605190832742
"Wave_1731",-1.82686773881962
"Wave_1732",-1.79321631064787
"Wave_1733",-1.74964690904934
"Wave_1734",-1.6542698324563
"Wave_1735",-1.54660742870632
"Wave_1736",-1.43894480746592
"Wave_1737",-1.32278886875642
"Wave_1738",-1.24115803030755
"Wave_1739",-1.15952714372383
"Wave_1740",-1.07316186936608
"Wave_1741",-0.977531164867333
"Wave_1742",-0.888348014584167
"Wave_1743",-0.79916468521498
"Wave_1744",-0.711052727347874
"Wave_1745",-0.601330680551012
"Wave_1746",-0.491608614207263
"Wave_1747",-0.382469929176516
"Wave_1748",-0.298667782663729
"Wave_1749",-0.244994901678962
"Wave_1750",-0.191322149234701
"Wave_1751",-0.185913339129574
"Wave_1752",-0.194874653262674
"Wave_1753",-0.195362380409074
"Wave_1754",-0.195850159458703
"Wave_1755",-0.130760931302178
"Wave_1756",-0.0748883076974202
"Wave_1757",-0.0190155957763102
"Wave_1758",0.015794419719648
"Wave_1759",0.0378399034121273
"Wave_1760",0.0679549972986254
"Wave_1761",0.0980702529519113
"Wave_1762",0.182181888308032
"Wave_1763",0.270681875485342
"Wave_1764",0.359181994021614
"Wave_1765",0.43983616110107
"Wave_1766",0.514873115167159
"Wave_1767",0.598369903283537
"Wave_1768",0.681866815694978
"Wave_1769",0.70714533640308
"Wave_1770",0.753754274599522
"Wave_1771",0.800363341914791
"Wave_1772",0.861860913681856
"Wave_1773",0.981217694209303
"Wave_1774",1.09803135672631
"Wave_1775",1.21484504393157
"Wave_1776",1.14357959605751
"Wave_1777",1.07158489012376
"Wave_1778",1.0084654251795
"Wave_1779",0.958784652200078
"Wave_1780",0.968078255160412
"Wave_1781",0.989550587677013
"Wave_1782",1.0110229181537
"Wave_1783",0.97873366621199
"Wave_1784",0.948947785631504
"Wave_1785",0.92874808656071
"Wave_1786",0.908619095231952
"Wave_1787",0.897785403327451
"Wave_1788",0.921584278413056
"Wave_1789",0.945383094864013
"Wave_1790",0.958565881192911
"Wave_1791",0.95471704478192
"Wave_1792",0.9466021391026
"Wave_1793",0.930572983706254
"Wave_1794",0.848946474145449
"Wave_1795",0.817996843585332
"Wave_1796",0.787047314882482
"Wave_1797",0.797617992474046
"Wave_1798",0.815328994747037
"Wave_1799",0.810119872660943
"Wave_1800",0.804910905913941
"Wave_1801",0.706785484429993
"Wave_1802",0.683209884789682
"Wave_1803",0.659634312022401
"Wave_1804",0.70348063272243
"Wave_1805",0.794042220324762
"Wave_1806",0.863897910820891
"Wave_1807",0.933753498279194
"Wave_1808",0.9272531256943
"Wave_1809",0.925311164446776
"Wave_1810",0.923875610096365
"Wave_1811",0.923268358572207
"Wave_1812",0.90994952682945
"Wave_1813",0.875699699193066
"Wave_1814",0.841449932498605
"Wave_1815",0.887584114054266
"Wave_1816",0.912887359782253
"Wave_1817",0.930750192458094
"Wave_1818",0.940676093291019
"Wave_1819",0.94086375121558
"Wave_1820",0.946108293286855
"Wave_1821",0.951352827050675
"Wave_1822",0.988819726249312
"Wave_1823",1.04103331975142
"Wave_1824",1.09603835846497
"Wave_1825",1.16237645833015
"Wave_1826",1.22961038793008
"Wave_1827",1.23242918065131
"Wave_1828",1.23524805708443
"Wave_1829",1.30224830461898
"Wave_1830",1.30255846546817
"Wave_1831",1.27123107843418
"Wave_1832",1.24394909121236
"Wave_1833",1.22603083232497
"Wave_1834",1.22129543253801
"Wave_1835",1.21655991127458
"Wave_1836",1.28516405301149
"Wave_1837",1.28683798657058
"Wave_1838",1.23845879630866
"Wave_1839",1.22252787675461
"Wave_1840",1.24849210406512
"Wave_1841",1.21346707100069
"Wave_1842",1.17844211265745
"Wave_1843",1.32830146729496
"Wave_1844",1.39754150836198
"Wave_1845",1.39934016503712
"Wave_1846",1.42199396363345
"Wave_1847",1.46485826010278
"Wave_1848",1.40807393141004
"Wave_1849",1.35128975303259
"Wave_1850",1.4874215681688
"Wave_1851",1.53950950776897
"Wave_1852",1.48611868990058
"Wave_1853",1.54512482238133
"Wave_1854",1.7727266007026
"Wave_1855",1.73681502027375
"Wave_1856",1.70090353368253
"Wave_1857",1.78756518111055
"Wave_1858",1.79981475212405
"Wave_1859",1.73765243511309
"Wave_1860",1.83130771552343
"Wave_1861",2.08078063390688
"Wave_1862",2.1011457170385
"Wave_1863",2.121510975194
"Wave_1864",2.37562332340713
"Wave_1865",2.48114990144223
"Wave_1866",2.36379731816322
"Wave_1867",2.34428945381003
"Wave_1868",2.42262602489061
"Wave_1869",2.30361257979886
"Wave_1870",2.1784613405098
"Wave_1871",2.19542005067824
"Wave_1872",2.14414201604393
"Wave_1873",1.9905091794916
"Wave_1874",1.86620624558383
"Wave_1875",1.76145633231568
"Wave_1876",1.6219540894244
"Wave_1877",1.47884037132749
"Wave_1878",1.33797556137701
"Wave_1879",1.23315609036087
"Wave_1880",1.1824045551153
"Wave_1881",1.0853198985956
"Wave_1882",0.957346581216506
"Wave_1883",1.02760703568236
"Wave_1884",1.0545127803799
"Wave_1885",0.819895478176008
"Wave_1886",0.702983055603774
"Wave_1887",0.762628052393371
"Wave_1888",0.606204402833462
"Wave_1889",0.35717991791134
"Wave_1890",0.439760194858196
"Wave_1891",0.495350424543259
"Wave_1892",0.295600705735851
"Wave_1893",0.251444901895179
"Wave_1894",0.440679995485595
"Wave_1895",0.317883415451086
"Wave_1896",0.117078913916021
"Wave_1897",0.242183795866179
"Wave_1898",0.160751599123207
"Wave_1899",-0.487095454083273
"Wave_1900",-1.00417959195876
"Wave_1901",-1.21397860983544
"Wave_1902",-0.423511267361344
"Wave_1903",0.131981288083304
"Wave_1904",0.0959188582768372
"Wave_1905",-0.00506430906120295
"Wave_1906",0.0761569446586649
"Wave_1907",0.0525990868860538
"Wave_1908",-0.0275209542718617
"Wave_1909",0.0584069408360895
"Wave_1910",0.0385103199941379
"Wave_1911",0.0512387733123502
"Wave_1912",0.143497088447634
"Wave_1913",0.159299975869796
"Wave_1914",0.249396011710421
"Wave_1915",0.327930376821525
"Wave_1916",0.380283115345469
"Wave_1917",0.471524798284583
"Wave_1918",0.464329047652663
"Wave_1919",0.475444405991179
"Wave_1920",0.550554571903035
"Wave_1921",0.611790351801142
"Wave_1922",0.685013353564376
"Wave_1923",0.729010110926563
"Wave_1924",0.755343948946375
"Wave_1925",0.795160835508285
"Wave_1926",0.794839811182182
"Wave_1927",0.79942099498161
"Wave_1928",0.801551681076612
"Wave_1929",0.770593432769401
"Wave_1930",0.755750581997479
"Wave_1931",0.764502168791214
"Wave_1932",0.776459050018054
"Wave_1933",0.813740601263325
"Wave_1934",0.82135624858148
"Wave_1935",0.82621930452251
"Wave_1936",0.807973771851589
"Wave_1937",0.771580920638796
"Wave_1938",0.759188308058783
"Wave_1939",0.749355676399315
"Wave_1940",0.734162960138379
"Wave_1941",0.737943869283629
"Wave_1942",0.719526394840557
"Wave_1943",0.70327427640221
"Wave_1944",0.689509961931492
"Wave_1945",0.666485231066682
"Wave_1946",0.645736076102809
"Wave_1947",0.627810994118824
"Wave_1948",0.610023018382931
"Wave_1949",0.612312302428065
"Wave_1950",0.599731369656156
"Wave_1951",0.591675417324115
"Wave_1952",0.584033602796521
"Wave_1953",0.558705945918439
"Wave_1954",0.532552024375118
"Wave_1955",0.497847672306198
"Wave_1956",0.462254488816575
"Wave_1957",0.439693031443643
"Wave_1958",0.412188456832208
"Wave_1959",0.397463905151705
"Wave_1960",0.379919857337578
"Wave_1961",0.34061608092672
"Wave_1962",0.282184544746283
"Wave_1963",0.243821302684271
"Wave_1964",0.205458060431399
"Wave_1965",0.204986377130468
"Wave_1966",0.184371544272491
"Wave_1967",0.15612159556387
"Wave_1968",0.10687946737236
"Wave_1969",0.0535489601149102
"Wave_1970",0.0223618856580422
"Wave_1971",-0.0187446856479457
"Wave_1972",-0.0601468923838021
"Wave_1973",-0.0986987570969868
"Wave_1974",-0.12898401458065
"Wave_1975",-0.160010896887998
"Wave_1976",-0.20557881554816
"Wave_1977",-0.254596560185655
"Wave_1978",-0.294876304537123
"Wave_1979",-0.361613940539171
"Wave_1980",-0.419645944807124
"Wave_1981",-0.433170207667794
"Wave_1982",-0.440237651707338
"Wave_1983",-0.447957562163297
"Wave_1984",-0.476163516174435
"Wave_1985",-0.50436948939698
"Wave_1986",-0.550294638997831
"Wave_1987",-0.605151420974844
"Wave_1988",-0.648390590157127
"Wave_1989",-0.69495146838872
"Wave_1990",-0.754553537261859
"Wave_1991",-0.813663242930278
"Wave_1992",-0.848387722590705
"Wave_1993",-0.881618346881962
"Wave_1994",-0.89775266933039
"Wave_1995",-0.910235258977382
"Wave_1996",-0.922606985437293
"Wave_1997",-0.943954878227391
"Wave_1998",-0.96631244216813
"Wave_1999",-0.971059119574775
"Wave_2000",-0.987179615047597
"Wave_2001",-1.01400778267266
"Wave_2002",-1.05424721143026
"Wave_2003",-1.08952666451173
"Wave_2004",-1.11565529169357
"Wave_2005",-1.16176394720799
"Wave_2006",-1.20675878637954
"Wave_2007",-1.22865308217893
"Wave_2008",-1.23747117465316
"Wave_2009",-1.23886193992625
"Wave_2010",-1.25984478180339
"Wave_2011",-1.28382978719967
"Wave_2012",-1.33581239809262
"Wave_2013",-1.38137894193033
"Wave_2014",-1.42532679844806
"Wave_2015",-1.41216245874475
"Wave_2016",-1.38566432332407
"Wave_2017",-1.36033384233697
"Wave_2018",-1.39174317174114
"Wave_2019",-1.42393578979496
"Wave_2020",-1.44445080090673
"Wave_2021",-1.45248102963792
"Wave_2022",-1.47278208492837
"Wave_2023",-1.48973193621537
"Wave_2024",-1.50668175488847
"Wave_2025",-1.4726287858019
"Wave_2026",-1.44282290222815
"Wave_2027",-1.42593994224711
"Wave_2028",-1.43613629159691
"Wave_2029",-1.44556409830705
"Wave_2030",-1.46158645117705
"Wave_2031",-1.46871728296762
"Wave_2032",-1.47099796286263
"Wave_2033",-1.47487406586852
"Wave_2034",-1.4877484658207
"Wave_2035",-1.49688269319874
"Wave_2036",-1.45854803130289
"Wave_2037",-1.42021335630543
"Wave_2038",-1.38926818797666
"Wave_2039",-1.36121153899795
"Wave_2040",-1.36390692210215
"Wave_2041",-1.39740059467084
"Wave_2042",-1.43089423603741
"Wave_2043",-1.39242877910998
"Wave_2044",-1.34768241094918
"Wave_2045",-1.31300885682512
"Wave_2046",-1.28072270921491
"Wave_2047",-1.24609032478481
"Wave_2048",-1.26360153747821
"Wave_2049",-1.29450900241531
"Wave_2050",-1.31747363654639
"Wave_2051",-1.31994263636848
"Wave_2052",-1.32724402925793
"Wave_2053",-1.31455625094538
"Wave_2054",-1.26216159465472
"Wave_2055",-1.21593420982367
"Wave_2056",-1.20539355892566
"Wave_2057",-1.18164041483598
"Wave_2058",-1.1327925951764
"Wave_2059",-1.09138231607216
"Wave_2060",-1.04997208844654
"Wave_2061",-1.03110523904186
"Wave_2062",-1.03242409892805
"Wave_2063",-1.03097192078714
"Wave_2064",-0.954671057565451
"Wave_2065",-0.878370124250408
"Wave_2066",-0.83771870282407
"Wave_2067",-0.789524023157412
"Wave_2068",-0.71800623951207
"Wave_2069",-0.66398714184618
"Wave_2070",-0.617959063165302
"Wave_2071",-0.595432098384905
"Wave_2072",-0.552354359225863
"Wave_2073",-0.502061711032523
"Wave_2074",-0.407277085424291
"Wave_2075",-0.308584379726653
"Wave_2076",-0.228343828228947
"Wave_2077",-0.201059810749801
"Wave_2078",-0.175711406164924
"Wave_2079",-0.111793573183534
"Wave_2080",-0.0338784619049914
"Wave_2081",-0.00258335944661844
"Wave_2082",0.000970474372744251
"Wave_2083",0.019436012403412
"Wave_2084",0.134582740020449
"Wave_2085",0.233647724933729
"Wave_2086",0.273284808415253
"Wave_2087",0.311175631414277
"Wave_2088",0.349066338475432
"Wave_2089",0.481088334056403
"Wave_2090",0.558915522862007
"Wave_2091",0.575935702502647
"Wave_2092",0.571254843739904
"Wave_2093",0.566574047168484
"Wave_2094",0.604403635611794
"Wave_2095",0.661615347842297
"Wave_2096",0.696654616596091
"Wave_2097",0.653394347487095
"Wave_2098",0.610134053640438
"Wave_2099",0.675762990809037
"Wave_2100",0.754425372617179
"Wave_2101",0.816915446904798
"Wave_2102",0.800058156569499
"Wave_2103",0.783200836175794
"Wave_2104",0.791609000950906
"Wave_2105",0.821346403905233
"Wave_2106",0.796620495438213
"Wave_2107",0.761163455232158
"Wave_2108",0.725706397019157
"Wave_2109",0.822525495582721
"Wave_2110",0.844358125908357
"Wave_2111",0.81829729010232
"Wave_2112",0.801277136105957
"Wave_2113",0.784256941147471
"Wave_2114",0.787281617437069
"Wave_2115",0.817923733866481
"Wave_2116",0.900888180410882
"Wave_2117",0.912558923478285
"Wave_2118",0.924229622437123
"Wave_2119",0.845424758388283
"Wave_2120",0.808380347009482
"Wave_2121",0.767638074017551
"Wave_2122",0.725641365256739
"Wave_2123",0.68364464463714
"Wave_2124",0.659888698241123
"Wave_2125",0.607388831871741
"Wave_2126",0.530174634741856
"Wave_2127",0.464594241900937
"Wave_2128",0.399013740475355
"Wave_2129",0.302088100812264
"Wave_2130",0.21149585154845
"Wave_2131",0.162538804377012
"Wave_2132",0.126083496333755
"Wave_2133",0.0896282043448585
"Wave_2134",0.00687295430717086
"Wave_2135",-0.0536712642359916
"Wave_2136",-0.113370315631481
"Wave_2137",-0.19733610786525
"Wave_2138",-0.281301829975377
"Wave_2139",-0.34180723138754
"Wave_2140",-0.389733077008127
"Wave_2141",-0.462430397344712
"Wave_2142",-0.516016844164951
"Wave_2143",-0.569603293385465
"Wave_2144",-0.622753438336495
"Wave_2145",-0.730332055942831
"Wave_2146",-0.820814480342196
"Wave_2147",-0.879037408492443
"Wave_2148",-0.937260391309079
"Wave_2149",-1.05807263295484
"Wave_2150",-1.14270118035298
"Wave_2151",-1.21993358780652
"Wave_2152",-1.30716909854143
"Wave_2153",-1.38818303534276
"Wave_2154",-1.48505973351498
"Wave_2155",-1.5999008275857
"Wave_2156",-1.68469575114986
"Wave_2157",-1.75612654502779
"Wave_2158",-1.8426911020199
"Wave_2159",-1.92560285938175
"Wave_2160",-1.99297489680549
"Wave_2161",-2.08239889275089
"Wave_2162",-2.18179861865836
"Wave_2163",-2.24798645271819
"Wave_2164",-2.35043410245642
"Wave_2165",-2.45288172650928
"Wave_2166",-2.54109125511085
"Wave_2167",-2.55094235743371
"Wave_2168",-2.56094884242242
"Wave_2169",-2.6027479847017
"Wave_2170",-2.64454710993822
"Wave_2171",-2.70005248984105
"Wave_2172",-2.75222199374357
"Wave_2173",-2.75847496477628
"Wave_2174",-2.7753849366558
"Wave_2175",-2.79229481951394
"Wave_2176",-2.90422086118948
"Wave_2177",-2.99267357780846
"Wave_2178",-3.06393603514028
"Wave_2179",-3.11881724928092
"Wave_2180",-3.17369843069895
"Wave_2181",-3.17143686694036
"Wave_2182",-3.17995061354421
"Wave_2183",-3.21149531787025
"Wave_2184",-3.18381425687121
"Wave_2185",-3.14051944606858
"Wave_2186",-3.19627029815652
"Wave_2187",-3.25202129120079
"Wave_2188",-3.28914501145763
"Wave_2189",-3.29455772234746
"Wave_2190",-3.28876092243381
"Wave_2191",-3.29883030276448
"Wave_2192",-3.30889974589952
"Wave_2193",-3.30589945605783
"Wave_2194",-3.29990307517672
"Wave_2195",-3.2902571620488
"Wave_2196",-3.26788727454987
"Wave_2197",-3.24551743734201
"Wave_2198",-3.28016627023896
"Wave_2199",-3.2957304732008
"Wave_2200",-3.25530447666468
"Wave_2201",-3.22074882765645
"Wave_2202",-3.19323698946858
"Wave_2203",-3.17521847144277
"Wave_2204",-3.15720010824735
"Wave_2205",-3.16785362600016
"Wave_2206",-3.20218191209311
"Wave_2207",-3.23628302256328
"Wave_2208",-3.21260000906547
"Wave_2209",-3.1889169786873
"Wave_2210",-3.18756961257972
"Wave_2211",-3.18674251643009
"Wave_2212",-3.14525052141571
"Wave_2213",-3.10954594069886
"Wave_2214",-3.07524462611653
"Wave_2215",-3.04200381659346
"Wave_2216",-3.00747756622027
"Wave_2217",-2.96865795398963
"Wave_2218",-2.91180119953612
"Wave_2219",-2.85977136124841
"Wave_2220",-2.8205770731416
"Wave_2221",-2.78138291187905
"Wave_2222",-2.74687452971073
"Wave_2223",-2.71235434820447
"Wave_2224",-2.67802347282722
"Wave_2225",-2.6633351553382
"Wave_2226",-2.6486468204741
"Wave_2227",-2.61754627567122
"Wave_2228",-2.57937529432246
"Wave_2229",-2.53487531566723
"Wave_2230",-2.47208565453263
"Wave_2231",-2.40160736626552
"Wave_2232",-2.30844333746141
"Wave_2233",-2.21527942828584
"Wave_2234",-2.17298536263363
"Wave_2235",-2.14340893973035
"Wave_2236",-2.12911864875419
"Wave_2237",-2.13775764367928
"Wave_2238",-2.15685900710572
"Wave_2239",-2.11498005399224
"Wave_2240",-2.07310119263053
"Wave_2241",-2.05387173898765
"Wave_2242",-2.05816531561324
"Wave_2243",-2.04717928212049
"Wave_2244",-1.97105717059558
"Wave_2245",-1.8949351731808
"Wave_2246",-1.85229193043777
"Wave_2247",-1.8085537237077
"Wave_2248",-1.74462567409198
"Wave_2249",-1.64756783931259
"Wave_2250",-1.55473288771269
"Wave_2251",-1.49990410807762
"Wave_2252",-1.44507539468163
"Wave_2253",-1.36473400716679
"Wave_2254",-1.27478233446451
"Wave_2255",-1.19260162860716
"Wave_2256",-1.05954034452123
"Wave_2257",-0.92647907545043
"Wave_2258",-0.851167052171877
"Wave_2259",-0.775854977892746
"Wave_2260",-0.731284531999325
"Wave_2261",-0.70720849568182
"Wave_2262",-0.655453560443995
"Wave_2263",-0.514268935762562
"Wave_2264",-0.373084273690596
"Wave_2265",-0.313255535017725
"Wave_2266",-0.262466276603684
"Wave_2267",-0.138731460593835
"Wave_2268",0.050476829376503
"Wave_2269",0.240095914754546
"Wave_2270",0.431358673969149
"Wave_2271",0.622621444361402
"Wave_2272",0.786774889287109
"Wave_2273",0.944150831655218
"Wave_2274",1.10556024626052
"Wave_2275",1.27100331186028
"Wave_2276",1.43648499224265
"Wave_2277",1.6023150467681
"Wave_2278",1.76814512081861
"Wave_2279",1.93435671104191
"Wave_2280",2.10066376287814
"Wave_2281",2.23237950473977
"Wave_2282",2.31220805565601
"Wave_2283",2.38023592691493
"Wave_2284",2.34205691838839
"Wave_2285",2.3038779659984
"Wave_2286",2.28061823708146
"Wave_2287",2.2695630530911
"Wave_2288",2.26697335034884
"Wave_2289",2.27708175259118
"Wave_2290",2.28194005736383
"Wave_2291",2.2395469603974
"Wave_2292",2.1971537515709
"Wave_2293",2.13734908170081
"Wave_2294",2.07008228468715
"Wave_2295",2.0385970516332
"Wave_2296",2.06078421379476
"Wave_2297",2.07459640803398
"Wave_2298",2.0130324178177
"Wave_2299",1.95146835738147
"Wave_2300",2.00683001664508
"Wave_2301",2.11230246284158
"Wave_2302",2.20675273310365
"Wave_2303",2.28466946470577
"Wave_2304",2.35641845400979
"Wave_2305",2.37265746718144
"Wave_2306",2.38889646368595
"Wave_2307",2.42724841851653
"Wave_2308",2.47112838298394
"Wave_2309",2.5116485269166
"Wave_2310",2.54712899249244
"Wave_2311",2.58844516816872
"Wave_2312",2.68228252165001
"Wave_2313",2.77611992989297
"Wave_2314",2.84048479547535
"Wave_2315",2.89748152761963
"Wave_2316",2.91841226735154
"Wave_2317",2.90327701398913
"Wave_2318",2.896694558837
"Wave_2319",2.92432388219849
"Wave_2320",2.95195316230073
"Wave_2321",2.93006891008932
"Wave_2322",2.90268305369001
"Wave_2323",2.85295432338039
"Wave_2324",2.78833025424889
"Wave_2325",2.7084748955122
"Wave_2326",2.59307962581968
"Wave_2327",2.47768429614776
"Wave_2328",2.46453273392538
"Wave_2329",2.45138129980724
"Wave_2330",2.45659494142273
"Wave_2331",2.46967944278511
"Wave_2332",2.40477282710692
"Wave_2333",2.22287955751858
"Wave_2334",2.05005246328418
"Wave_2335",1.9588204164567
"Wave_2336",1.86758838936932
"Wave_2337",1.80772875424858
"Wave_2338",1.75571211380884
"Wave_2339",1.64120091263723
"Wave_2340",1.46419521570605
"Wave_2341",1.33867807114384
"Wave_2342",1.41911479587872
"Wave_2343",1.49955160629826
"Wave_2344",1.48315265575647
"Wave_2345",1.45599429213856
"Wave_2346",1.4569935038838
"Wave_2347",1.47853316119509
"Wave_2348",1.4447420262645
"Wave_2349",1.33001221476264
"Wave_2350",1.22392070088417
"Wave_2351",1.19557300240443
"Wave_2352",1.16722530648922
"Wave_2353",1.14719982856382
"Wave_2354",1.12925491445088
"Wave_2355",1.10208860294425
"Wave_2356",1.07342325987263
"Wave_2357",1.04656869658573
"Wave_2358",1.04158418343503
"Wave_2359",1.03659980089033
"Wave_2360",1.03470578794618
"Wave_2361",1.03281169803486
"Wave_2362",1.01459779839587
"Wave_2363",0.995186962185579
"Wave_2364",1.0001710505425
"Wave_2365",1.01228667018432
"Wave_2366",1.04092545203164
"Wave_2367",1.13565659370008
"Wave_2368",1.23038780878532
"Wave_2369",1.18866720118127
"Wave_2370",1.14148882118116
"Wave_2371",1.18684102957009
"Wave_2372",1.27184937682295
"Wave_2373",1.35978353504353
"Wave_2374",1.45210635253863
"Wave_2375",1.55775954664911
"Wave_2376",1.52005052384647
"Wave_2377",1.48234149579201
"Wave_2378",1.35316717626101
"Wave_2379",1.21383007487856
"Wave_2380",1.116214689467
"Wave_2381",1.0198221175717
"Wave_2382",0.912605913495229
"Wave_2383",0.789154594538339
"Wave_2384",0.704942806592362
"Wave_2385",0.777689324874762
"Wave_2386",0.85043580782358
"Wave_2387",0.810443166274555
"Wave_2388",0.760838141984224
"Wave_2389",0.791888384682497
"Wave_2390",0.857505125008653
"Wave_2391",0.854670441051121
"Wave_2392",0.788260632262506
"Wave_2393",0.765732076642814
"Wave_2394",0.795709827541608
"Wave_2395",0.825687613625167
"Wave_2396",0.84299984009706
"Wave_2397",0.860312053819751
"Wave_2398",0.746602272525553
"Wave_2399",0.628554328229356
"Wave_2400",0.570149784611266
