"","protein_mg_m2.12.comps"
"(Intercept)",2.95620847485991
"Wave_500",1.47165016218671
"Wave_501",1.27040272748474
"Wave_502",0.842698768933229
"Wave_503",-0.122921446986001
"Wave_504",-0.419155154095262
"Wave_505",-0.0820406598143719
"Wave_506",-0.696644632882024
"Wave_507",-0.64505654883466
"Wave_508",-0.763770375979802
"Wave_509",-1.1340487830018
"Wave_510",-1.95591832857762
"Wave_511",-2.31308217139793
"Wave_512",-2.31769178815386
"Wave_513",-2.17551101774366
"Wave_514",-2.10380171283797
"Wave_515",-2.15870552347219
"Wave_516",-2.39711176037708
"Wave_517",-2.55442540457572
"Wave_518",-2.41876655797371
"Wave_519",-2.36464478188335
"Wave_520",-2.25951259461536
"Wave_521",-2.27909479829638
"Wave_522",-1.57571279630572
"Wave_523",-0.667199253611248
"Wave_524",-0.281094563671677
"Wave_525",-0.442300166167659
"Wave_526",-0.377403864836829
"Wave_527",-0.052246159774718
"Wave_528",0.32762107742304
"Wave_529",0.910598680577102
"Wave_530",1.40891532022598
"Wave_531",1.84398961218889
"Wave_532",2.34280282162095
"Wave_533",2.28854851707089
"Wave_534",2.32798960960766
"Wave_535",2.97592256423828
"Wave_536",3.6568424222408
"Wave_537",4.14830166715589
"Wave_538",4.87210063006864
"Wave_539",4.91752484260048
"Wave_540",4.32390739397172
"Wave_541",4.45348383480842
"Wave_542",4.55250061305831
"Wave_543",4.64087137873749
"Wave_544",5.37229210836676
"Wave_545",5.58002644717983
"Wave_546",5.63746432149175
"Wave_547",5.44334643947114
"Wave_548",4.82430732698657
"Wave_549",4.57749540357928
"Wave_550",5.08791574831112
"Wave_551",5.01540608232194
"Wave_552",4.98455085746516
"Wave_553",5.2029138913891
"Wave_554",4.58879927808045
"Wave_555",3.53748397741366
"Wave_556",2.84812801649153
"Wave_557",2.16873872172339
"Wave_558",1.38792840937111
"Wave_559",0.823656694219845
"Wave_560",0.229125908590599
"Wave_561",-0.0860312476743043
"Wave_562",-0.458602566311052
"Wave_563",-0.942604029722884
"Wave_564",-1.41504400615424
"Wave_565",-1.56603641225426
"Wave_566",-1.80648407922714
"Wave_567",-1.75605167515259
"Wave_568",-1.81462292452094
"Wave_569",-2.12794534824819
"Wave_570",-2.41959066033963
"Wave_571",-2.65700841250106
"Wave_572",-2.9096189296187
"Wave_573",-3.50418309718961
"Wave_574",-4.1439628337144
"Wave_575",-4.45092468589233
"Wave_576",-4.7803595581317
"Wave_577",-5.17806450614324
"Wave_578",-5.0826170615248
"Wave_579",-4.89294986697354
"Wave_580",-4.86357844262256
"Wave_581",-5.00913679308792
"Wave_582",-4.99732687967967
"Wave_583",-4.84281935439857
"Wave_584",-4.57397200239557
"Wave_585",-4.58304518326692
"Wave_586",-4.64828525187883
"Wave_587",-4.60525788538086
"Wave_588",-4.34715902816634
"Wave_589",-3.82321029646361
"Wave_590",-3.46669888412883
"Wave_591",-3.48979840722524
"Wave_592",-3.21419369828576
"Wave_593",-2.82397931287208
"Wave_594",-2.44767349804594
"Wave_595",-1.7175250832662
"Wave_596",-1.23508702522054
"Wave_597",-1.18372435154383
"Wave_598",-1.02716684586098
"Wave_599",-0.843891475106563
"Wave_600",-0.78386013876698
"Wave_601",-0.721161577023566
"Wave_602",-0.662206104188722
"Wave_603",-0.784682997216499
"Wave_604",-0.982580491916087
"Wave_605",-1.35618485316332
"Wave_606",-1.58466487467474
"Wave_607",-1.72536863802873
"Wave_608",-1.97287775233916
"Wave_609",-2.49120781819158
"Wave_610",-2.81217061605018
"Wave_611",-3.08477624801949
"Wave_612",-3.28459440899656
"Wave_613",-3.46307913036784
"Wave_614",-3.59301227767896
"Wave_615",-3.72041423028714
"Wave_616",-3.97020958910895
"Wave_617",-3.89682583351696
"Wave_618",-3.78405209297816
"Wave_619",-4.05815891062614
"Wave_620",-4.06900409873407
"Wave_621",-3.82699005601621
"Wave_622",-3.77079064977869
"Wave_623",-3.66956526719163
"Wave_624",-3.35698232743502
"Wave_625",-3.06226881622717
"Wave_626",-3.10304773526886
"Wave_627",-2.82913310734547
"Wave_628",-2.56353557702196
"Wave_629",-2.44844030683503
"Wave_630",-1.98852643089923
"Wave_631",-1.53757947413051
"Wave_632",-1.19535080645669
"Wave_633",-0.810513078757232
"Wave_634",-0.754294753934939
"Wave_635",-0.284700514634516
"Wave_636",0.392998612987166
"Wave_637",0.885002991691791
"Wave_638",1.45600280452546
"Wave_639",1.94910292399544
"Wave_640",2.50086787894092
"Wave_641",2.84489404470035
"Wave_642",3.37146830180144
"Wave_643",4.04018014816643
"Wave_644",4.41083739381393
"Wave_645",4.85006367645971
"Wave_646",5.18847658506671
"Wave_647",5.26721932840409
"Wave_648",5.27387243131245
"Wave_649",5.1933025665278
"Wave_650",5.28879112911141
"Wave_651",5.42214606202533
"Wave_652",5.35165365774065
"Wave_653",5.23231636128162
"Wave_654",5.03634990691749
"Wave_655",4.61775559915659
"Wave_656",4.10243810352713
"Wave_657",3.92830947603011
"Wave_658",3.6745587358838
"Wave_659",3.32273010566553
"Wave_660",3.32346107249259
"Wave_661",3.08182007439963
"Wave_662",2.78684760430733
"Wave_663",2.77040545110641
"Wave_664",2.46420737350082
"Wave_665",2.42735313951691
"Wave_666",1.96996722024844
"Wave_667",1.51364342175596
"Wave_668",1.19155191666269
"Wave_669",1.10153829005681
"Wave_670",1.16111991030066
"Wave_671",0.941910598022554
"Wave_672",0.624425430126282
"Wave_673",0.275985269548149
"Wave_674",-0.102718979845914
"Wave_675",-0.386567737257144
"Wave_676",-0.31807964836663
"Wave_677",-0.435980317739509
"Wave_678",-0.646270492465039
"Wave_679",-0.677569013729582
"Wave_680",-0.649367536056431
"Wave_681",-0.844516633469013
"Wave_682",-1.26925580098662
"Wave_683",-1.0188924555755
"Wave_684",-0.805183937117884
"Wave_685",-0.431555158118639
"Wave_686",-0.113275802783219
"Wave_687",0.231046654049231
"Wave_688",0.7991422610666
"Wave_689",1.33216917329305
"Wave_690",1.76089471440646
"Wave_691",2.18720367570653
"Wave_692",2.70074787945856
"Wave_693",3.09546657143907
"Wave_694",3.17525041309552
"Wave_695",3.50841073129176
"Wave_696",3.65289935712808
"Wave_697",3.65953822157956
"Wave_698",3.7524350259933
"Wave_699",3.49864941012167
"Wave_700",3.25961408582808
"Wave_701",2.99892472288265
"Wave_702",2.33923058842812
"Wave_703",2.18906436757812
"Wave_704",1.92312597557652
"Wave_705",1.78976572239469
"Wave_706",1.5546676762058
"Wave_707",1.12398146908116
"Wave_708",0.518990602366004
"Wave_709",0.369215737336944
"Wave_710",0.396840829566671
"Wave_711",0.22510816790128
"Wave_712",-0.0487148043694546
"Wave_713",-0.230914321947668
"Wave_714",-0.934624452668558
"Wave_715",-1.53477457450502
"Wave_716",-1.57835487847321
"Wave_717",-1.51331832690963
"Wave_718",-1.75551232873575
"Wave_719",-1.38974444855413
"Wave_720",-1.35505811182484
"Wave_721",-1.80518926903523
"Wave_722",-1.613955728612
"Wave_723",-0.980864844003805
"Wave_724",-0.24466364164253
"Wave_725",0.424674264486959
"Wave_726",0.895404404954884
"Wave_727",1.3487904468447
"Wave_728",1.55333132513353
"Wave_729",0.859731691412756
"Wave_730",-0.652261864538676
"Wave_731",-0.318961554802539
"Wave_732",0.163357320280567
"Wave_733",-0.22700469066366
"Wave_734",-0.614522121934407
"Wave_735",-2.05827294370177
"Wave_736",-3.17347128966162
"Wave_737",-4.33384028675133
"Wave_738",-6.08728889910631
"Wave_739",-6.45714927316363
"Wave_740",-6.11376665622764
"Wave_741",-6.06462307675186
"Wave_742",-6.10143749582585
"Wave_743",-6.29584157852418
"Wave_744",-5.53748022925319
"Wave_745",-5.4563346849305
"Wave_746",-5.65972764683692
"Wave_747",-5.42286446963625
"Wave_748",-5.43902452799877
"Wave_749",-5.07152391234823
"Wave_750",-4.27720543021972
"Wave_751",-4.07260542066683
"Wave_752",-4.15876917144604
"Wave_753",-3.72904842348457
"Wave_754",-3.28069747208564
"Wave_755",-3.17659899136827
"Wave_756",-3.06413431023011
"Wave_757",-2.64252592378711
"Wave_758",-2.37192298408408
"Wave_759",-2.05588013898674
"Wave_760",-1.46300775502171
"Wave_761",-0.93836760120008
"Wave_762",-0.847174833642692
"Wave_763",-1.20851181508073
"Wave_764",-1.55370208982491
"Wave_765",-0.955707573372328
"Wave_766",-0.402861495513531
"Wave_767",0.0555566335271849
"Wave_768",0.245666212145011
"Wave_769",0.215355968640651
"Wave_770",0.277911626704359
"Wave_771",0.722743489252936
"Wave_772",0.899186274153932
"Wave_773",1.13842448202953
"Wave_774",1.13355132358188
"Wave_775",1.29496182198178
"Wave_776",1.81052646433552
"Wave_777",2.45842712477293
"Wave_778",2.39560127598157
"Wave_779",2.03331716793359
"Wave_780",2.13107363084429
"Wave_781",2.49857334187844
"Wave_782",2.39012060029004
"Wave_783",2.79741509469534
"Wave_784",2.96337114552685
"Wave_785",2.79575758395591
"Wave_786",2.98956825386337
"Wave_787",2.57892004232193
"Wave_788",2.801902971142
"Wave_789",2.71524392321621
"Wave_790",2.97176596863469
"Wave_791",2.59077425126069
"Wave_792",2.81529389103533
"Wave_793",3.17202616149231
"Wave_794",3.20925525501593
"Wave_795",3.23953309557886
"Wave_796",2.68181205528257
"Wave_797",2.72948278938574
"Wave_798",2.79886773872592
"Wave_799",2.89070074162674
"Wave_800",2.74988638494769
"Wave_801",2.94399661267468
"Wave_802",2.51051381999445
"Wave_803",2.44465999921738
"Wave_804",2.4368013099569
"Wave_805",1.90890222374858
"Wave_806",2.4568958242915
"Wave_807",2.76814589471564
"Wave_808",2.63474551909139
"Wave_809",2.73270734134968
"Wave_810",2.67814322851789
"Wave_811",2.4604094177478
"Wave_812",2.35603902922297
"Wave_813",2.47173963173838
"Wave_814",1.7111589767791
"Wave_815",1.99216824896866
"Wave_816",1.66459281851345
"Wave_817",1.73331059159613
"Wave_818",1.91617550978519
"Wave_819",2.11455256990646
"Wave_820",2.11262439951655
"Wave_821",1.8746502110705
"Wave_822",1.67033845358466
"Wave_823",1.35048328052532
"Wave_824",1.07769396481259
"Wave_825",0.580570866619771
"Wave_826",1.12279878901593
"Wave_827",1.46599737137475
"Wave_828",1.45709207612032
"Wave_829",0.528605489262208
"Wave_830",0.516863122697393
"Wave_831",0.396935848429564
"Wave_832",0.0854428053878373
"Wave_833",0.514720199014126
"Wave_834",1.41191328068776
"Wave_835",0.585226318723038
"Wave_836",0.523855504818669
"Wave_837",0.291294251955411
"Wave_838",0.092890990161777
"Wave_839",-0.0515929164521761
"Wave_840",0.342354282900674
"Wave_841",0.504859867822341
"Wave_842",0.0812013153746031
"Wave_843",-0.279767887132745
"Wave_844",-1.4311646741684
"Wave_845",-0.680452528634964
"Wave_846",-0.399777974368807
"Wave_847",0.48549998518086
"Wave_848",0.52121234624642
"Wave_849",-0.362473999467548
"Wave_850",-0.551145709378612
"Wave_851",-0.31944405271311
"Wave_852",-0.154987664015083
"Wave_853",-0.933749307843509
"Wave_854",-1.10993654970469
"Wave_855",-1.28891615959375
"Wave_856",-1.63829716040105
"Wave_857",-1.6248619769172
"Wave_858",-1.66876030896882
"Wave_859",-1.02850677515438
"Wave_860",-0.723826341841845
"Wave_861",-0.878389125263331
"Wave_862",-0.942053667480437
"Wave_863",-1.50836456278163
"Wave_864",-1.60865756223209
"Wave_865",-1.33280524859602
"Wave_866",-1.44377283500118
"Wave_867",-1.13029151464607
"Wave_868",-0.759971307944342
"Wave_869",-0.759545542400231
"Wave_870",-0.338819913360742
"Wave_871",-0.457440110042868
"Wave_872",-0.72130271623683
"Wave_873",-1.05379906033876
"Wave_874",-1.58291567742241
"Wave_875",-2.19021180715501
"Wave_876",-2.40997210234958
"Wave_877",-2.19508881546119
"Wave_878",-0.0646926136590291
"Wave_879",-1.1537817612566
"Wave_880",-0.821302175008948
"Wave_881",-0.427836729320961
"Wave_882",-0.834081187586239
"Wave_883",-1.19497973045807
"Wave_884",-1.62766176206078
"Wave_885",-0.855773262608011
"Wave_886",-0.760993847006828
"Wave_887",-1.53217644673712
"Wave_888",-2.11521877930999
"Wave_889",-2.05580836064733
"Wave_890",-0.983992250581543
"Wave_891",-0.709810126201397
"Wave_892",-0.910336800106929
"Wave_893",-0.724899103081349
"Wave_894",-1.04167992600773
"Wave_895",-0.90683046982976
"Wave_896",-1.40335153563985
"Wave_897",-1.15885975511572
"Wave_898",-1.68169360112825
"Wave_899",-2.47953375771618
"Wave_900",-2.21218465262143
"Wave_901",0.0817443776698577
"Wave_902",0.938165839407368
"Wave_903",-0.675594525570553
"Wave_904",-1.26202717323832
"Wave_905",-1.52303930604007
"Wave_906",-1.86625492950792
"Wave_907",-1.59473834156887
"Wave_908",-2.46236251413843
"Wave_909",-1.95653462454092
"Wave_910",-2.5775553808159
"Wave_911",-1.87777463316396
"Wave_912",-0.408848351542151
"Wave_913",0.274232815683037
"Wave_914",-0.36563741066467
"Wave_915",-2.2694216837508
"Wave_916",-2.65365803231233
"Wave_917",-2.42062091242428
"Wave_918",-1.57173266456797
"Wave_919",-0.140529314600796
"Wave_920",0.897333590096367
"Wave_921",-1.1189060348323
"Wave_922",-2.55359958988832
"Wave_923",-3.37590533324169
"Wave_924",-2.12285175402865
"Wave_925",0.435854127001645
"Wave_926",1.78327203394377
"Wave_927",0.100070705832782
"Wave_928",-0.895747703058783
"Wave_929",-1.80983780724397
"Wave_930",-0.995238027080958
"Wave_931",-0.939970708109655
"Wave_932",-0.742068334528249
"Wave_933",0.15525604633366
"Wave_934",-0.468924172225872
"Wave_935",-1.49276454662429
"Wave_936",-0.694902142590389
"Wave_937",-0.135477314999144
"Wave_938",0.116572564140663
"Wave_939",1.19993125089378
"Wave_940",1.80860679882769
"Wave_941",-1.61963812222673
"Wave_942",-1.35089609169991
"Wave_943",-0.682837236271232
"Wave_944",0.380245191871409
"Wave_945",1.16141101821267
"Wave_946",0.456184605122817
"Wave_947",-1.07759874749919
"Wave_948",-1.09499513631608
"Wave_949",-1.20256368112711
"Wave_950",0.67196111923103
"Wave_951",-1.88894798550964
"Wave_952",-2.30039427224994
"Wave_953",-0.497993108793063
"Wave_954",0.43630434750085
"Wave_955",-0.509547804960791
"Wave_956",2.5336836327464
"Wave_957",0.371656951467204
"Wave_958",2.56230781326282
"Wave_959",0.823996362641227
"Wave_960",-1.54972176611328
"Wave_961",-1.25116590599175
"Wave_962",-0.588707114496271
"Wave_963",-1.04158373617275
"Wave_964",-1.17698912373337
"Wave_965",-2.29058519728548
"Wave_966",-1.58955394461886
"Wave_967",-0.360017220161805
"Wave_968",-0.359460223032763
"Wave_969",0.405352620071269
"Wave_970",-2.15233192540728
"Wave_971",-2.19843057343249
"Wave_972",-2.70009745853179
"Wave_973",-2.69355306950636
"Wave_974",-2.68700854716042
"Wave_975",-2.58518386706768
"Wave_976",-2.47792510173486
"Wave_977",-2.39824531223186
"Wave_978",-2.31856556601773
"Wave_979",-1.37598661862119
"Wave_980",-0.433417102607856
"Wave_981",0.445227096976451
"Wave_982",1.26958100522788
"Wave_983",1.60531892691958
"Wave_984",1.90311168050549
"Wave_985",2.19141765194911
"Wave_986",2.52031668148351
"Wave_987",3.01158683362865
"Wave_988",3.04512580234854
"Wave_989",3.07866494631547
"Wave_990",3.13201545113903
"Wave_991",3.08571362999394
"Wave_992",2.52193406647159
"Wave_993",1.95815453976199
"Wave_994",1.19149331254351
"Wave_995",0.786619813573742
"Wave_996",1.54151129749055
"Wave_997",2.29640318441952
"Wave_998",3.15769214149655
"Wave_999",3.43226668242871
"Wave_1000",3.07452852721995
"Wave_1001",2.71679030982615
"Wave_1002",2.74431641672945
"Wave_1003",2.78840281495773
"Wave_1004",2.8212404271818
"Wave_1005",2.86010137906539
"Wave_1006",2.95317245656918
"Wave_1007",3.24668400240621
"Wave_1008",3.56246662862358
"Wave_1009",3.77918881738025
"Wave_1010",3.59484312737221
"Wave_1011",3.36707400076628
"Wave_1012",3.13930477520059
"Wave_1013",2.84782169297012
"Wave_1014",2.46686471569457
"Wave_1015",2.10013506252859
"Wave_1016",1.73340541364315
"Wave_1017",1.32172029476177
"Wave_1018",0.974721798286903
"Wave_1019",0.72238081377345
"Wave_1020",0.470039210769144
"Wave_1021",0.23804954472709
"Wave_1022",0.01463948828184
"Wave_1023",-0.20883110441013
"Wave_1024",-0.432302091277082
"Wave_1025",-0.632498600554658
"Wave_1026",-0.802861213211665
"Wave_1027",-0.970195960110463
"Wave_1028",-1.14237080806206
"Wave_1029",-1.33834489611429
"Wave_1030",-1.35647823792563
"Wave_1031",-1.37461201483078
"Wave_1032",-1.40505319859142
"Wave_1033",-1.44541076635031
"Wave_1034",-1.39403347847242
"Wave_1035",-1.34265592282938
"Wave_1036",-1.23948461323913
"Wave_1037",-1.12988723801269
"Wave_1038",-1.09155372559898
"Wave_1039",-1.05322009469592
"Wave_1040",-1.1071992948765
"Wave_1041",-1.13049692410485
"Wave_1042",-1.11427002033036
"Wave_1043",-1.098043244871
"Wave_1044",-0.994248349877696
"Wave_1045",-0.863831187958979
"Wave_1046",-0.732888069559523
"Wave_1047",-0.601944923622547
"Wave_1048",-0.573302178353053
"Wave_1049",-0.60048979432314
"Wave_1050",-0.627677431410686
"Wave_1051",-0.652319716311248
"Wave_1052",-0.651390478720027
"Wave_1053",-0.644251620744032
"Wave_1054",-0.637112687579871
"Wave_1055",-0.637686938518558
"Wave_1056",-0.617945723204023
"Wave_1057",-0.559891381100878
"Wave_1058",-0.501837240815888
"Wave_1059",-0.467339306536165
"Wave_1060",-0.441562472786761
"Wave_1061",-0.409426826311418
"Wave_1062",-0.377291556599333
"Wave_1063",-0.283459868587061
"Wave_1064",-0.231515688211717
"Wave_1065",-0.187163712710787
"Wave_1066",-0.142811822020814
"Wave_1067",-0.163569766711819
"Wave_1068",-0.16353225941193
"Wave_1069",-0.163494484091628
"Wave_1070",-0.163456773921088
"Wave_1071",-0.201107455634875
"Wave_1072",-0.230431039015397
"Wave_1073",-0.259754453162299
"Wave_1074",-0.280944636889662
"Wave_1075",-0.228394590303701
"Wave_1076",-0.134636252460728
"Wave_1077",-0.0408780862784125
"Wave_1078",0.0340167959115404
"Wave_1079",-0.0192996978767481
"Wave_1080",-0.115437276496024
"Wave_1081",-0.211575197042846
"Wave_1082",-0.311021266469358
"Wave_1083",-0.250575381799302
"Wave_1084",-0.172118644141093
"Wave_1085",-0.0936618747691334
"Wave_1086",-0.0307418811341468
"Wave_1087",0.0673398333880171
"Wave_1088",0.16542196054987
"Wave_1089",0.26350380687842
"Wave_1090",0.346617299394256
"Wave_1091",0.365261295271541
"Wave_1092",0.383906213848137
"Wave_1093",0.409511448266816
"Wave_1094",0.498269950137274
"Wave_1095",0.610567923662301
"Wave_1096",0.722866023918324
"Wave_1097",0.803028944128234
"Wave_1098",0.822136290981177
"Wave_1099",0.844725059943338
"Wave_1100",0.86731367607761
"Wave_1101",0.899003551727033
"Wave_1102",0.960307477940502
"Wave_1103",1.02161105310958
"Wave_1104",1.08291509424134
"Wave_1105",1.08978297276004
"Wave_1106",0.997917804004488
"Wave_1107",0.906052974792427
"Wave_1108",0.81418788527048
"Wave_1109",0.812798568687934
"Wave_1110",0.915269113531074
"Wave_1111",1.01773927873075
"Wave_1112",1.12208908864474
"Wave_1113",1.23058474796747
"Wave_1114",1.33056777092125
"Wave_1115",1.43055112471695
"Wave_1116",1.50430156939288
"Wave_1117",1.41076226004649
"Wave_1118",1.29070192502026
"Wave_1119",1.17064192433335
"Wave_1120",1.07140715149588
"Wave_1121",1.14623355921789
"Wave_1122",1.22106045866804
"Wave_1123",1.29588703685057
"Wave_1124",1.2561720653498
"Wave_1125",1.25694017918902
"Wave_1126",1.25770842950689
"Wave_1127",1.25847676399695
"Wave_1128",1.1767391097992
"Wave_1129",1.07575281024072
"Wave_1130",0.974766638369079
"Wave_1131",0.84834718543517
"Wave_1132",0.65727854892066
"Wave_1133",0.536601515177646
"Wave_1134",0.415924247079883
"Wave_1135",0.234514880335942
"Wave_1136",-0.0312825217130483
"Wave_1137",-0.290711063252945
"Wave_1138",-0.550139934412312
"Wave_1139",-0.863909553620985
"Wave_1140",-1.01226662674674
"Wave_1141",-1.16062353344805
"Wave_1142",-1.3089801840101
"Wave_1143",-1.39673755886406
"Wave_1144",-1.40105615501213
"Wave_1145",-1.40537494141295
"Wave_1146",-1.40969381747622
"Wave_1147",-1.31813863786934
"Wave_1148",-1.2553825130631
"Wave_1149",-1.19262650783457
"Wave_1150",-1.11014463974492
"Wave_1151",-0.820753796584423
"Wave_1152",-0.524018306472985
"Wave_1153",-0.227282778463829
"Wave_1154",0.146876985780833
"Wave_1155",0.0414127236922905
"Wave_1156",-0.0640516151001475
"Wave_1157",-0.169515752788652
"Wave_1158",-0.217773012635986
"Wave_1159",-0.264627999035129
"Wave_1160",-0.311483149821153
"Wave_1161",-0.358338145516516
"Wave_1162",-0.371617716107278
"Wave_1163",-0.38172712400732
"Wave_1164",-0.391836725304066
"Wave_1165",-0.40194626803939
"Wave_1166",-0.411984143213166
"Wave_1167",-0.447808834482033
"Wave_1168",-0.483633526659496
"Wave_1169",-0.516629090010663
"Wave_1170",-0.575696605689603
"Wave_1171",-0.638918541812165
"Wave_1172",-0.702140557022705
"Wave_1173",-0.769497679107476
"Wave_1174",-0.907607498015672
"Wave_1175",-1.04571748270691
"Wave_1176",-1.1838274787938
"Wave_1177",-1.28582561253364
"Wave_1178",-1.32429557771983
"Wave_1179",-1.36276575366811
"Wave_1180",-1.40123571489786
"Wave_1181",-1.40132861085619
"Wave_1182",-1.38573743365183
"Wave_1183",-1.37014578384931
"Wave_1184",-1.35455420717242
"Wave_1185",-1.19153940852911
"Wave_1186",-0.99629918381299
"Wave_1187",-0.801059134270161
"Wave_1188",-0.602899036740752
"Wave_1189",-0.340036501188786
"Wave_1190",-0.0771740146399635
"Wave_1191",0.185688444829464
"Wave_1192",0.396679283244
"Wave_1193",0.348564006300521
"Wave_1194",0.300448771782781
"Wave_1195",0.252333485528481
"Wave_1196",0.205483743495826
"Wave_1197",0.166799109264471
"Wave_1198",0.128114074379606
"Wave_1199",0.0894293087075867
"Wave_1200",0.0693744754953928
"Wave_1201",0.0478902273855532
"Wave_1202",0.026405992719987
"Wave_1203",0.0091149873064981
"Wave_1204",0.0974677857426245
"Wave_1205",0.193365822413642
"Wave_1206",0.289263759467997
"Wave_1207",0.386003856467271
"Wave_1208",0.448543146911912
"Wave_1209",0.511081988287705
"Wave_1210",0.573621196927316
"Wave_1211",0.598914004204377
"Wave_1212",0.598074598346568
"Wave_1213",0.597234808230205
"Wave_1214",0.596395293624309
"Wave_1215",0.579884560464944
"Wave_1216",0.557889826035525
"Wave_1217",0.535895121303567
"Wave_1218",0.513900249214038
"Wave_1219",0.548782940109626
"Wave_1220",0.581243289734738
"Wave_1221",0.613703773500786
"Wave_1222",0.641475742962825
"Wave_1223",0.679967313811995
"Wave_1224",0.718458887766802
"Wave_1225",0.756950306107346
"Wave_1226",0.784244284633388
"Wave_1227",0.765449447223929
"Wave_1228",0.746655020950892
"Wave_1229",0.727860041414136
"Wave_1230",0.711245818327778
"Wave_1231",0.706015054861767
"Wave_1232",0.700784315562847
"Wave_1233",0.695553851788485
"Wave_1234",0.790596415979103
"Wave_1235",0.906184745599808
"Wave_1236",1.02177269161976
"Wave_1237",1.12183025164548
"Wave_1238",1.12202572537262
"Wave_1239",1.12222110764133
"Wave_1240",1.12241688288141
"Wave_1241",1.12334585086112
"Wave_1242",1.12185031413166
"Wave_1243",1.12035496541292
"Wave_1244",1.11885949825524
"Wave_1245",1.09625080000129
"Wave_1246",1.06041577713728
"Wave_1247",1.02458101744374
"Wave_1248",0.988746199071712
"Wave_1249",1.01327075535976
"Wave_1250",1.04753354953033
"Wave_1251",1.08179650041519
"Wave_1252",1.1057517791781
"Wave_1253",1.07993458808412
"Wave_1254",1.05411728728455
"Wave_1255",1.0283002832209
"Wave_1256",1.00439025567357
"Wave_1257",0.984931433721715
"Wave_1258",0.965472469015579
"Wave_1259",0.946013446133972
"Wave_1260",0.897220871850391
"Wave_1261",0.826750690819263
"Wave_1262",0.756280969110592
"Wave_1263",0.685810908077865
"Wave_1264",0.718940446074285
"Wave_1265",0.777970196936878
"Wave_1266",0.837000030590745
"Wave_1267",0.891714789215639
"Wave_1268",0.936358732150978
"Wave_1269",0.98100254020174
"Wave_1270",1.02564660657588
"Wave_1271",1.07952414462135
"Wave_1272",1.16081816797722
"Wave_1273",1.24211219775379
"Wave_1274",1.32340621247383
"Wave_1275",1.33823095915524
"Wave_1276",1.31441020246621
"Wave_1277",1.2905894963295
"Wave_1278",1.26676883098503
"Wave_1279",1.28523020294064
"Wave_1280",1.31833493083194
"Wave_1281",1.35143963008398
"Wave_1282",1.38454423637036
"Wave_1283",1.2726699090318
"Wave_1284",1.16079536083504
"Wave_1285",1.04892085804769
"Wave_1286",0.942855654711017
"Wave_1287",0.900576593909835
"Wave_1288",0.858297586558865
"Wave_1289",0.816018495079553
"Wave_1290",0.789326415144042
"Wave_1291",0.778221537304772
"Wave_1292",0.767116463597215
"Wave_1293",0.756011293379955
"Wave_1294",0.733834504704538
"Wave_1295",0.708889407057105
"Wave_1296",0.68394449292076
"Wave_1297",0.65899962467288
"Wave_1298",0.628857659581509
"Wave_1299",0.598716028044286
"Wave_1300",0.568574393797165
"Wave_1301",0.553374027971726
"Wave_1302",0.573037227542492
"Wave_1303",0.592700996591607
"Wave_1304",0.612364502213798
"Wave_1305",0.57716301926675
"Wave_1306",0.499994926028632
"Wave_1307",0.422826785647731
"Wave_1308",0.345658457904867
"Wave_1309",0.370651702533477
"Wave_1310",0.421185274076205
"Wave_1311",0.471719012837034
"Wave_1312",0.516482245837567
"Wave_1313",0.377563810675942
"Wave_1314",0.238645299411806
"Wave_1315",0.0997269237493732
"Wave_1316",-0.0293577053401653
"Wave_1317",-0.135496788401632
"Wave_1318",-0.241636001584504
"Wave_1319",-0.347775176243768
"Wave_1320",-0.403386192435957
"Wave_1321",-0.425311920501707
"Wave_1322",-0.447237220909136
"Wave_1323",-0.469163115653245
"Wave_1324",-0.502680180819079
"Wave_1325",-0.539095203736734
"Wave_1326",-0.575510253800323
"Wave_1327",-0.614258256767474
"Wave_1328",-0.673999040484905
"Wave_1329",-0.733739791612031
"Wave_1330",-0.793480685068732
"Wave_1331",-0.829314189103892
"Wave_1332",-0.811768451548989
"Wave_1333",-0.79422280844591
"Wave_1334",-0.776677002564364
"Wave_1335",-0.7666678801072
"Wave_1336",-0.7616832030762
"Wave_1337",-0.75669818201942
"Wave_1338",-0.7517135199686
"Wave_1339",-0.746549455399831
"Wave_1340",-0.741365116935444
"Wave_1341",-0.736180955696999
"Wave_1342",-0.714784721369443
"Wave_1343",-0.628538695159841
"Wave_1344",-0.542293151050694
"Wave_1345",-0.456047110913421
"Wave_1346",-0.376039673070436
"Wave_1347",-0.305389654610831
"Wave_1348",-0.234739566996923
"Wave_1349",-0.164089417840073
"Wave_1350",-0.0730200767185388
"Wave_1351",0.026800899238852
"Wave_1352",0.126621874648541
"Wave_1353",0.226442736642123
"Wave_1354",0.265822352819313
"Wave_1355",0.305202494561953
"Wave_1356",0.34458211605682
"Wave_1357",0.394287383096639
"Wave_1358",0.485292118040737
"Wave_1359",0.576297254107055
"Wave_1360",0.667302281806318
"Wave_1361",0.729243346265488
"Wave_1362",0.762120357370907
"Wave_1363",0.794997761963262
"Wave_1364",0.827875050729548
"Wave_1365",0.700808394222571
"Wave_1366",0.533756034363542
"Wave_1367",0.366703483099368
"Wave_1368",0.192666041392775
"Wave_1369",-0.0442357625744934
"Wave_1370",-0.281137236651829
"Wave_1371",-0.518039043028433
"Wave_1372",-0.757627729976129
"Wave_1373",-1.00348668941761
"Wave_1374",-1.24934593865486
"Wave_1375",-1.49520461648854
"Wave_1376",-1.777843571425
"Wave_1377",-2.08500262582478
"Wave_1378",-2.39216172553398
"Wave_1379",-2.69932065134565
"Wave_1380",-3.06604703043965
"Wave_1381",-3.43939191530126
"Wave_1382",-3.81273635659456
"Wave_1383",-4.15587933886694
"Wave_1384",-4.37821324552045
"Wave_1385",-4.60054744372114
"Wave_1386",-4.82288171529351
"Wave_1387",-4.93824363023749
"Wave_1388",-4.94663384495687
"Wave_1389",-4.9550238184069
"Wave_1390",-4.96341395781416
"Wave_1391",-4.87448877931289
"Wave_1392",-4.75240805483971
"Wave_1393",-4.63032725093231
"Wave_1394",-4.50824651631775
"Wave_1395",-4.2366197409985
"Wave_1396",-3.96499248583373
"Wave_1397",-3.69336561945467
"Wave_1398",-3.36458033117734
"Wave_1399",-2.90242590911459
"Wave_1400",-2.44027174711576
"Wave_1401",-1.97811773654096
"Wave_1402",-1.54516551293793
"Wave_1403",-1.13168156695478
"Wave_1404",-0.718197487842467
"Wave_1405",-0.304713517545188
"Wave_1406",0.0890204687693216
"Wave_1407",0.480559651730778
"Wave_1408",0.87209901949961
"Wave_1409",1.24830350088407
"Wave_1410",1.56316837325174
"Wave_1411",1.87803336563896
"Wave_1412",2.19289813082706
"Wave_1413",2.45343547528406
"Wave_1414",2.65964493615115
"Wave_1415",2.86585463113264
"Wave_1416",3.07206417199301
"Wave_1417",3.20417406262221
"Wave_1418",3.3177591663145
"Wave_1419",3.4313443987999
"Wave_1420",3.5380123219016
"Wave_1421",3.58242513479926
"Wave_1422",3.62683789432794
"Wave_1423",3.6712504689866
"Wave_1424",3.67161162948191
"Wave_1425",3.62834387228311
"Wave_1426",3.58507582080293
"Wave_1427",3.54180803449721
"Wave_1428",3.49118150255305
"Wave_1429",3.43740183688182
"Wave_1430",3.38362174301887
"Wave_1431",3.32984190428422
"Wave_1432",3.25267231448607
"Wave_1433",3.18327062198443
"Wave_1434",3.11386857811524
"Wave_1435",3.03470324006177
"Wave_1436",2.94615558537672
"Wave_1437",2.85760752715699
"Wave_1438",2.7690594177927
"Wave_1439",2.6782642807761
"Wave_1440",2.58597037690713
"Wave_1441",2.49367666305874
"Wave_1442",2.4013828637482
"Wave_1443",2.31500087763274
"Wave_1444",2.23080467736868
"Wave_1445",2.14660847198024
"Wave_1446",2.06619824116497
"Wave_1447",2.00093196816137
"Wave_1448",1.93566528907053
"Wave_1449",1.87039906485768
"Wave_1450",1.77665928351341
"Wave_1451",1.65444600937292
"Wave_1452",1.53223329016045
"Wave_1453",1.41002006412922
"Wave_1454",1.37745193824832
"Wave_1455",1.36729533457135
"Wave_1456",1.35713848480929
"Wave_1457",1.34470776490863
"Wave_1458",1.3118094981343
"Wave_1459",1.27891117154207
"Wave_1460",1.24601313555224
"Wave_1461",1.21165115775115
"Wave_1462",1.17509433728861
"Wave_1463",1.13853738662847
"Wave_1464",1.1019805914564
"Wave_1465",1.06954134214675
"Wave_1466",1.03886728275875
"Wave_1467",1.00819283788323
"Wave_1468",0.977518625853227
"Wave_1469",0.951143169992366
"Wave_1470",0.924768101149945
"Wave_1471",0.898392747549926
"Wave_1472",0.868858147628212
"Wave_1473",0.831951016401026
"Wave_1474",0.795044071933766
"Wave_1475",0.758137017555136
"Wave_1476",0.669218688256471
"Wave_1477",0.562541896977881
"Wave_1478",0.455864882342779
"Wave_1479",0.349188210838256
"Wave_1480",0.259078479100077
"Wave_1481",0.174564843773198
"Wave_1482",0.0900514163882556
"Wave_1483",-0.0128848584310291
"Wave_1484",-0.15880707224024
"Wave_1485",-0.304729255201089
"Wave_1486",-0.450651016907813
"Wave_1487",-0.589884201998206
"Wave_1488",-0.724657701817211
"Wave_1489",-0.859431164950484
"Wave_1490",-0.994204756565162
"Wave_1491",-1.14756545766817
"Wave_1492",-1.30299150841626
"Wave_1493",-1.45841729694224
"Wave_1494",-1.59861399855148
"Wave_1495",-1.67789452974787
"Wave_1496",-1.75717537972138
"Wave_1497",-1.8364562102754
"Wave_1498",-1.89420942311709
"Wave_1499",-1.93761088357556
"Wave_1500",-1.98101191189751
"Wave_1501",-2.02441349243555
"Wave_1502",-2.10514382704763
"Wave_1503",-2.19002147993447
"Wave_1504",-2.27489922192022
"Wave_1505",-2.35468167729729
"Wave_1506",-2.41408393634272
"Wave_1507",-2.4734860603947
"Wave_1508",-2.53288801334392
"Wave_1509",-2.56892920000684
"Wave_1510",-2.58133530925748
"Wave_1511",-2.59374116619421
"Wave_1512",-2.60614738293201
"Wave_1513",-2.66744573424239
"Wave_1514",-2.73417670340373
"Wave_1515",-2.8009074330202
"Wave_1516",-2.85121857700152
"Wave_1517",-2.83585046796825
"Wave_1518",-2.82048218499677
"Wave_1519",-2.80511402213078
"Wave_1520",-2.82551410589535
"Wave_1521",-2.86302452268801
"Wave_1522",-2.90053474516821
"Wave_1523",-2.93804524500093
"Wave_1524",-2.88624379192545
"Wave_1525",-2.82488414207924
"Wave_1526",-2.76352471051634
"Wave_1527",-2.71314577083505
"Wave_1528",-2.70668977494326
"Wave_1529",-2.70023359885536
"Wave_1530",-2.69377746006155
"Wave_1531",-2.59996642140271
"Wave_1532",-2.43807103856261
"Wave_1533",-2.2761761150182
"Wave_1534",-2.11428104070944
"Wave_1535",-2.1035134657053
"Wave_1536",-2.10953778718809
"Wave_1537",-2.11556203246558
"Wave_1538",-2.09802556783819
"Wave_1539",-1.98624539975997
"Wave_1540",-1.87446520341588
"Wave_1541",-1.76268468311193
"Wave_1542",-1.61173393928908
"Wave_1543",-1.42984922269021
"Wave_1544",-1.24796388484384
"Wave_1545",-1.06607901568203
"Wave_1546",-0.98846490761937
"Wave_1547",-0.922436654502867
"Wave_1548",-0.856408135233512
"Wave_1549",-0.764516475202491
"Wave_1550",-0.604843460920485
"Wave_1551",-0.445170501482297
"Wave_1552",-0.285497798082543
"Wave_1553",-0.179184455023436
"Wave_1554",-0.108445135853364
"Wave_1555",-0.0377053030554636
"Wave_1556",0.0330343431278969
"Wave_1557",0.100398556260773
"Wave_1558",0.169418147827829
"Wave_1559",0.238437803942274
"Wave_1560",0.298474751259724
"Wave_1561",0.337552491318502
"Wave_1562",0.376630234417592
"Wave_1563",0.415708071954576
"Wave_1564",0.508505781256545
"Wave_1565",0.625236081340824
"Wave_1566",0.741966290456737
"Wave_1567",0.858696680833751
"Wave_1568",0.820346538731397
"Wave_1569",0.781996734871377
"Wave_1570",0.743646742090545
"Wave_1571",0.755920703312947
"Wave_1572",0.846533304153758
"Wave_1573",0.937146057142161
"Wave_1574",1.0277588320137
"Wave_1575",1.0779744549048
"Wave_1576",1.11252046257382
"Wave_1577",1.14706693153602
"Wave_1578",1.18053810361631
"Wave_1579",1.20772757600954
"Wave_1580",1.23491645102233
"Wave_1581",1.26210573603059
"Wave_1582",1.32871855495028
"Wave_1583",1.42977149116867
"Wave_1584",1.53082431162993
"Wave_1585",1.63187728584382
"Wave_1586",1.69284341304051
"Wave_1587",1.74423482086048
"Wave_1588",1.79562611594292
"Wave_1589",1.85627214698915
"Wave_1590",1.94784726010631
"Wave_1591",2.03942236991156
"Wave_1592",2.13099748655469
"Wave_1593",2.15682015333494
"Wave_1594",2.11689768705914
"Wave_1595",2.07697494643923
"Wave_1596",2.03705227124448
"Wave_1597",2.05381593492955
"Wave_1598",2.07590091115475
"Wave_1599",2.09798574470788
"Wave_1600",2.12261771704066
"Wave_1601",2.15572403555012
"Wave_1602",2.18883032907537
"Wave_1603",2.22193691493206
"Wave_1604",2.2205251808858
"Wave_1605",2.19529683615282
"Wave_1606",2.17006886559754
"Wave_1607",2.13799393258828
"Wave_1608",2.01764002689532
"Wave_1609",1.89432406735516
"Wave_1610",1.77100825777835
"Wave_1611",1.69955783196691
"Wave_1612",1.69521667216113
"Wave_1613",1.69087616336574
"Wave_1614",1.6865355233529
"Wave_1615",1.67234988935417
"Wave_1616",1.65411268843266
"Wave_1617",1.63587577831688
"Wave_1618",1.61161472612279
"Wave_1619",1.58815328143596
"Wave_1620",1.56469162916472
"Wave_1621",1.54123008221963
"Wave_1622",1.49664320765933
"Wave_1623",1.41811502182556
"Wave_1624",1.33958689326969
"Wave_1625",1.2610586701527
"Wave_1626",1.25370866126715
"Wave_1627",1.25373200973867
"Wave_1628",1.25375547011894
"Wave_1629",1.23220196234741
"Wave_1630",1.16123915136549
"Wave_1631",1.09027606569208
"Wave_1632",1.01931349948473
"Wave_1633",1.02931948359981
"Wave_1634",1.07001043632435
"Wave_1635",1.11070122436658
"Wave_1636",1.14806093232921
"Wave_1637",1.13256634895609
"Wave_1638",1.11453050302676
"Wave_1639",1.09649432767884
"Wave_1640",1.07681583345864
"Wave_1641",1.0462315535846
"Wave_1642",1.01564781230944
"Wave_1643",0.985063477858473
"Wave_1644",1.01785755855783
"Wave_1645",1.04756481322832
"Wave_1646",1.0772718289408
"Wave_1647",1.11749477946819
"Wave_1648",1.08659447176167
"Wave_1649",1.05569458819613
"Wave_1650",1.02479430189654
"Wave_1651",1.00828696506151
"Wave_1652",1.00981347036732
"Wave_1653",1.0113400636467
"Wave_1654",1.01363362877743
"Wave_1655",1.01858434329426
"Wave_1656",1.02247399931133
"Wave_1657",1.02636347790907
"Wave_1658",1.00911571216647
"Wave_1659",0.930755977533101
"Wave_1660",0.852395995568348
"Wave_1661",0.774035873697936
"Wave_1662",0.685028836067221
"Wave_1663",0.58732788745313
"Wave_1664",0.489626642483767
"Wave_1665",0.397880641227559
"Wave_1666",0.21171451925309
"Wave_1667",0.0255483296876734
"Wave_1668",-0.160617756323943
"Wave_1669",-0.348832795219177
"Wave_1670",-0.532757415777178
"Wave_1671",-0.716682045726014
"Wave_1672",-0.907951728850607
"Wave_1673",-1.21009581361038
"Wave_1674",-1.52343163578752
"Wave_1675",-1.83676737491639
"Wave_1676",-2.13660554976777
"Wave_1677",-2.44618847716863
"Wave_1678",-2.7557714614718
"Wave_1679",-3.06535436383741
"Wave_1680",-3.20857113147406
"Wave_1681",-3.33445733372
"Wave_1682",-3.46034348342344
"Wave_1683",-3.60852954600849
"Wave_1684",-3.79884579213073
"Wave_1685",-3.98916218294414
"Wave_1686",-4.17947843474273
"Wave_1687",-4.2864527507679
"Wave_1688",-4.35647439894292
"Wave_1689",-4.42649663826147
"Wave_1690",-4.49189303933183
"Wave_1691",-4.48431918380345
"Wave_1692",-4.46890994309197
"Wave_1693",-4.45350083702886
"Wave_1694",-4.39510761523339
"Wave_1695",-4.33813142821318
"Wave_1696",-4.2811554043241
"Wave_1697",-4.22417914021959
"Wave_1698",-4.19597144015103
"Wave_1699",-4.18886052402681
"Wave_1700",-4.18174942304508
"Wave_1701",-4.16211063936176
"Wave_1702",-4.0709727500145
"Wave_1703",-3.97983425245345
"Wave_1704",-3.8886966448643
"Wave_1705",-3.84359181402287
"Wave_1706",-3.8155089661837
"Wave_1707",-3.78742619625602
"Wave_1708",-3.73749992780954
"Wave_1709",-3.65655517430637
"Wave_1710",-3.58969887332514
"Wave_1711",-3.52284283429487
"Wave_1712",-3.53706057903153
"Wave_1713",-3.61038359662553
"Wave_1714",-3.6837065604437
"Wave_1715",-3.74885429591042
"Wave_1716",-3.77707032266135
"Wave_1717",-3.82971755020529
"Wave_1718",-3.88236483496084
"Wave_1719",-3.93358994903682
"Wave_1720",-3.96983056705648
"Wave_1721",-4.00607134413269
"Wave_1722",-4.04231198343371
"Wave_1723",-4.02582851189391
"Wave_1724",-4.06299703711139
"Wave_1725",-4.10016531525871
"Wave_1726",-4.13892932778928
"Wave_1727",-4.10055721095188
"Wave_1728",-4.05334757339653
"Wave_1729",-4.00613823373128
"Wave_1730",-3.96284503783494
"Wave_1731",-3.93342938448763
"Wave_1732",-3.90401388354271
"Wave_1733",-3.84716984693398
"Wave_1734",-3.72005375999984
"Wave_1735",-3.5902498539791
"Wave_1736",-3.46044594833361
"Wave_1737",-3.30489765608688
"Wave_1738",-3.15723542361722
"Wave_1739",-3.00957308228921
"Wave_1740",-2.85555877830658
"Wave_1741",-2.69245966770699
"Wave_1742",-2.54024234624858
"Wave_1743",-2.38802506755023
"Wave_1744",-2.16024311573052
"Wave_1745",-1.85743494329696
"Wave_1746",-1.55462664245308
"Wave_1747",-1.25222360084897
"Wave_1748",-0.969659597153392
"Wave_1749",-0.711386271149351
"Wave_1750",-0.453112906022389
"Wave_1751",-0.258399041876964
"Wave_1752",-0.159030412425391
"Wave_1753",-0.0676077923997634
"Wave_1754",0.023814367437178
"Wave_1755",0.223958533649125
"Wave_1756",0.462995955977431
"Wave_1757",0.702033032911415
"Wave_1758",0.928977816995727
"Wave_1759",1.1327682727147
"Wave_1760",1.33440948166637
"Wave_1761",1.53605100988291
"Wave_1762",1.79678004238015
"Wave_1763",2.14931731798731
"Wave_1764",2.50185415915043
"Wave_1765",2.84483390074124
"Wave_1766",3.16259096738183
"Wave_1767",3.47839950703893
"Wave_1768",3.79420808037266
"Wave_1769",4.00377486328006
"Wave_1770",4.19874583980944
"Wave_1771",4.39371710862838
"Wave_1772",4.58736997577609
"Wave_1773",4.7591763103009
"Wave_1774",4.90612280678189
"Wave_1775",5.0530694835579
"Wave_1776",5.01915567347477
"Wave_1777",4.99750017073332
"Wave_1778",4.98581943640527
"Wave_1779",4.96454075558898
"Wave_1780",4.92048825121109
"Wave_1781",4.91287132476826
"Wave_1782",4.90525474730024
"Wave_1783",4.88359208669138
"Wave_1784",4.88239324306725
"Wave_1785",4.88865080474952
"Wave_1786",4.88744805116397
"Wave_1787",4.83765341182325
"Wave_1788",4.86208239703094
"Wave_1789",4.88651172161675
"Wave_1790",4.84646969419816
"Wave_1791",4.75838538203172
"Wave_1792",4.6681316311288
"Wave_1793",4.57780830430382
"Wave_1794",4.49912811123176
"Wave_1795",4.5308636270465
"Wave_1796",4.56259902849995
"Wave_1797",4.63059029917267
"Wave_1798",4.69556132551465
"Wave_1799",4.73434780556541
"Wave_1800",4.77313450933516
"Wave_1801",4.80462395472721
"Wave_1802",4.89365819449628
"Wave_1803",4.98269240721733
"Wave_1804",5.04015985188236
"Wave_1805",5.05965293745016
"Wave_1806",5.07273849745564
"Wave_1807",5.08582384920912
"Wave_1808",5.05360622108723
"Wave_1809",4.97319084867
"Wave_1810",4.88742047403056
"Wave_1811",4.82798433940405
"Wave_1812",4.81530752917522
"Wave_1813",4.81351560375468
"Wave_1814",4.81172325942677
"Wave_1815",4.87684559094406
"Wave_1816",4.9258356597637
"Wave_1817",4.96893383322652
"Wave_1818",5.02182108698402
"Wave_1819",5.08351653595477
"Wave_1820",5.13150304930302
"Wave_1821",5.17949003920969
"Wave_1822",5.25532504736297
"Wave_1823",5.30928297396502
"Wave_1824",5.3569982365364
"Wave_1825",5.38884495556031
"Wave_1826",5.37900319183915
"Wave_1827",5.29761489154517
"Wave_1828",5.21622660586847
"Wave_1829",5.28715976660749
"Wave_1830",5.27182740480887
"Wave_1831",5.21227082795187
"Wave_1832",5.16549893917347
"Wave_1833",5.14061879125047
"Wave_1834",5.1265966894
"Wave_1835",5.11257485793293
"Wave_1836",5.1781361599732
"Wave_1837",5.14765743250563
"Wave_1838",5.04725639496859
"Wave_1839",4.96071746247174
"Wave_1840",4.8890591951881
"Wave_1841",4.76419581150188
"Wave_1842",4.63933272573085
"Wave_1843",4.70508042700284
"Wave_1844",4.63665933509301
"Wave_1845",4.46467307022455
"Wave_1846",4.37633569918358
"Wave_1847",4.39183961913581
"Wave_1848",4.21264870147288
"Wave_1849",4.0334579427841
"Wave_1850",4.01296043382839
"Wave_1851",3.9242331892087
"Wave_1852",3.74964332729239
"Wave_1853",3.69393683339236
"Wave_1854",3.81655563694968
"Wave_1855",3.70156726582919
"Wave_1856",3.58657890252434
"Wave_1857",3.57458548967062
"Wave_1858",3.43801543337813
"Wave_1859",3.17686939570158
"Wave_1860",3.0970606666077
"Wave_1861",3.19858964448888
"Wave_1862",3.13927772303096
"Wave_1863",3.07996582597142
"Wave_1864",3.03037144224912
"Wave_1865",2.91105356150051
"Wave_1866",2.68715145493185
"Wave_1867",2.47808664801208
"Wave_1868",2.28385830968762
"Wave_1869",2.21959223300927
"Wave_1870",2.15571350550516
"Wave_1871",1.96536674916478
"Wave_1872",1.81429307522131
"Wave_1873",1.72212836843833
"Wave_1874",1.61537738325818
"Wave_1875",1.49890211246681
"Wave_1876",1.59506634552434
"Wave_1877",1.68032699486895
"Wave_1878",1.45481802423035
"Wave_1879",1.39204768875947
"Wave_1880",1.57338555099797
"Wave_1881",1.53390554213842
"Wave_1882",1.34721380070549
"Wave_1883",1.48424499079424
"Wave_1884",1.57141924318037
"Wave_1885",1.31528855299643
"Wave_1886",1.22783338933527
"Wave_1887",1.39339140774394
"Wave_1888",1.36935465931337
"Wave_1889",1.26406307044656
"Wave_1890",1.35103996857716
"Wave_1891",1.43050591816952
"Wave_1892",1.3944751389642
"Wave_1893",1.43176315831859
"Wave_1894",1.57902916350816
"Wave_1895",1.5636184990672
"Wave_1896",1.5075386224907
"Wave_1897",1.49049048627183
"Wave_1898",2.0278565884047
"Wave_1899",3.84873660651121
"Wave_1900",5.04486966720072
"Wave_1901",5.12730311171558
"Wave_1902",3.62052320282051
"Wave_1903",2.57973547924847
"Wave_1904",2.46946526485133
"Wave_1905",2.12399864426418
"Wave_1906",1.73859036470675
"Wave_1907",1.46603029871646
"Wave_1908",1.22833917827628
"Wave_1909",0.936530115706634
"Wave_1910",0.874027915719945
"Wave_1911",0.817676213192756
"Wave_1912",0.725703548234072
"Wave_1913",0.543396315545255
"Wave_1914",0.333048105107665
"Wave_1915",0.125192092982465
"Wave_1916",-0.0735841625640657
"Wave_1917",-0.17062629202846
"Wave_1918",-0.223501722095476
"Wave_1919",-0.274404617448648
"Wave_1920",-0.329787977053112
"Wave_1921",-0.403727407913073
"Wave_1922",-0.513094418370057
"Wave_1923",-0.640515321374618
"Wave_1924",-0.760490448768427
"Wave_1925",-0.87968679626825
"Wave_1926",-0.928733894582283
"Wave_1927",-0.987319583867082
"Wave_1928",-1.10301218547867
"Wave_1929",-1.24713339440052
"Wave_1930",-1.35674347450585
"Wave_1931",-1.440247505364
"Wave_1932",-1.52735373720879
"Wave_1933",-1.57979759684426
"Wave_1934",-1.60087057914476
"Wave_1935",-1.62573034154611
"Wave_1936",-1.62805625261752
"Wave_1937",-1.57386076530318
"Wave_1938",-1.5480657792283
"Wave_1939",-1.61630550275607
"Wave_1940",-1.70095379503314
"Wave_1941",-1.73206986081458
"Wave_1942",-1.69273185643794
"Wave_1943",-1.65806022748147
"Wave_1944",-1.63914202976279
"Wave_1945",-1.61585602134161
"Wave_1946",-1.59366053549542
"Wave_1947",-1.61922631786228
"Wave_1948",-1.65645977684883
"Wave_1949",-1.70906779109837
"Wave_1950",-1.70545273267663
"Wave_1951",-1.69637975542405
"Wave_1952",-1.68635423469915
"Wave_1953",-1.69720765450226
"Wave_1954",-1.7101095855006
"Wave_1955",-1.6491955241141
"Wave_1956",-1.57992794565931
"Wave_1957",-1.53114143817959
"Wave_1958",-1.50175016811003
"Wave_1959",-1.45774489433542
"Wave_1960",-1.40267195517985
"Wave_1961",-1.36295340357775
"Wave_1962",-1.35919911064695
"Wave_1963",-1.33094899504254
"Wave_1964",-1.30269887702706
"Wave_1965",-1.26957437755851
"Wave_1966",-1.24468560610447
"Wave_1967",-1.22696044816205
"Wave_1968",-1.25193283718016
"Wave_1969",-1.29059898765923
"Wave_1970",-1.29850242899924
"Wave_1971",-1.20905185336709
"Wave_1972",-1.12003148050472
"Wave_1973",-1.06170790756489
"Wave_1974",-1.04362192420365
"Wave_1975",-1.04465196232831
"Wave_1976",-1.00349878982644
"Wave_1977",-0.947020793368442
"Wave_1978",-0.913290390913218
"Wave_1979",-0.975174008098778
"Wave_1980",-1.03917691649728
"Wave_1981",-1.07771069836217
"Wave_1982",-1.09361353149848
"Wave_1983",-1.08131190080059
"Wave_1984",-1.03409419179878
"Wave_1985",-0.986876438914693
"Wave_1986",-0.948232903099669
"Wave_1987",-0.911264004732762
"Wave_1988",-0.87728081016426
"Wave_1989",-0.92598060836889
"Wave_1990",-1.00713025564067
"Wave_1991",-1.07191517274278
"Wave_1992",-1.02747635126311
"Wave_1993",-0.980733212568412
"Wave_1994",-0.953120923878261
"Wave_1995",-0.965378291142677
"Wave_1996",-1.00099558341375
"Wave_1997",-1.09195032452302
"Wave_1998",-1.18645808090232
"Wave_1999",-1.21234396232805
"Wave_2000",-1.17879556632515
"Wave_2001",-1.15084587628388
"Wave_2002",-1.11653221448992
"Wave_2003",-1.0738924783214
"Wave_2004",-1.01558454812667
"Wave_2005",-1.01609866486209
"Wave_2006",-1.02054550325851
"Wave_2007",-1.08627019547767
"Wave_2008",-1.17787857257678
"Wave_2009",-1.24442770619542
"Wave_2010",-1.23311909745358
"Wave_2011",-1.21594403415382
"Wave_2012",-1.19207801546958
"Wave_2013",-1.16280851573449
"Wave_2014",-1.16721910919519
"Wave_2015",-1.23245148739043
"Wave_2016",-1.29324260958696
"Wave_2017",-1.29058950688448
"Wave_2018",-1.33093641595304
"Wave_2019",-1.3742880485038
"Wave_2020",-1.44617024712708
"Wave_2021",-1.51904423620693
"Wave_2022",-1.59897837068494
"Wave_2023",-1.65801100240917
"Wave_2024",-1.71704363727801
"Wave_2025",-1.69130627569373
"Wave_2026",-1.62572697532502
"Wave_2027",-1.55973919197427
"Wave_2028",-1.59949703704411
"Wave_2029",-1.66592961397319
"Wave_2030",-1.706438058028
"Wave_2031",-1.6661513684109
"Wave_2032",-1.62467208714109
"Wave_2033",-1.69017379694703
"Wave_2034",-1.80356896350238
"Wave_2035",-1.88600996469528
"Wave_2036",-1.86585939842214
"Wave_2037",-1.84570881153952
"Wave_2038",-1.8453894797869
"Wave_2039",-1.84910991737686
"Wave_2040",-1.84887150624041
"Wave_2041",-1.90739081481946
"Wave_2042",-1.96591006352127
"Wave_2043",-2.00479409598042
"Wave_2044",-2.0128163317538
"Wave_2045",-2.03605909230992
"Wave_2046",-2.13038402229597
"Wave_2047",-2.22866085497364
"Wave_2048",-2.24258723461164
"Wave_2049",-2.21782714480743
"Wave_2050",-2.20489706327607
"Wave_2051",-2.2818777016932
"Wave_2052",-2.37711131103431
"Wave_2053",-2.44425000851153
"Wave_2054",-2.45782651046123
"Wave_2055",-2.47153360764596
"Wave_2056",-2.44520775784231
"Wave_2057",-2.3914095987699
"Wave_2058",-2.30479324988161
"Wave_2059",-2.16228365701445
"Wave_2060",-2.01977413777543
"Wave_2061",-1.82510740468333
"Wave_2062",-1.55400015709105
"Wave_2063",-1.29092414012541
"Wave_2064",-1.12765108732652
"Wave_2065",-0.964378104516305
"Wave_2066",-0.7508286791124
"Wave_2067",-0.529768794859314
"Wave_2068",-0.276231725826493
"Wave_2069",-0.0378481870297491
"Wave_2070",0.190431719745932
"Wave_2071",0.396978265609117
"Wave_2072",0.651609043088002
"Wave_2073",0.91413574226221
"Wave_2074",1.19505498829318
"Wave_2075",1.47267669683021
"Wave_2076",1.73498212914931
"Wave_2077",1.98060387102907
"Wave_2078",2.22552467042322
"Wave_2079",2.41384167883049
"Wave_2080",2.58958470178662
"Wave_2081",2.79644755670776
"Wave_2082",3.05438381972388
"Wave_2083",3.3123561649302
"Wave_2084",3.50309242123708
"Wave_2085",3.6648737366987
"Wave_2086",3.78338972711106
"Wave_2087",3.84833893796261
"Wave_2088",3.9132885653986
"Wave_2089",4.13382635809939
"Wave_2090",4.39404657520417
"Wave_2091",4.6118586925734
"Wave_2092",4.70426681780833
"Wave_2093",4.79667480316913
"Wave_2094",4.93641854237518
"Wave_2095",5.07663585900828
"Wave_2096",5.20152539486168
"Wave_2097",5.33274298751763
"Wave_2098",5.46396066884059
"Wave_2099",5.64111460357746
"Wave_2100",5.82336064000817
"Wave_2101",6.00128683242094
"Wave_2102",6.08357862599704
"Wave_2103",6.16587057999734
"Wave_2104",6.17583604207532
"Wave_2105",6.14539511917471
"Wave_2106",6.11052507509454
"Wave_2107",6.19624135973133
"Wave_2108",6.28195765675307
"Wave_2109",6.3565857248313
"Wave_2110",6.36468654364447
"Wave_2111",6.37353354864234
"Wave_2112",6.4288438080176
"Wave_2113",6.48415398420424
"Wave_2114",6.50396135521007
"Wave_2115",6.51056612452905
"Wave_2116",6.54127409567954
"Wave_2117",6.49198423287963
"Wave_2118",6.44269444724411
"Wave_2119",6.36472975306298
"Wave_2120",6.34189340522421
"Wave_2121",6.31025020486771
"Wave_2122",6.25338755291981
"Wave_2123",6.19652509707523
"Wave_2124",6.08482775487953
"Wave_2125",5.92793334376183
"Wave_2126",5.75978376157454
"Wave_2127",5.65668727617869
"Wave_2128",5.55359085185381
"Wave_2129",5.32040857721264
"Wave_2130",5.00468316832043
"Wave_2131",4.73685320287504
"Wave_2132",4.6406685215553
"Wave_2133",4.54448389188684
"Wave_2134",4.27926992950979
"Wave_2135",3.9796067826098
"Wave_2136",3.70529218536815
"Wave_2137",3.4279742425671
"Wave_2138",3.15065666420579
"Wave_2139",2.87369984241561
"Wave_2140",2.57616257543985
"Wave_2141",2.26222670368128
"Wave_2142",2.00511131315794
"Wave_2143",1.74799578181603
"Wave_2144",1.53347601665251
"Wave_2145",1.29523888694017
"Wave_2146",0.987729907399334
"Wave_2147",0.476920926178728
"Wave_2148",-0.0338882746184014
"Wave_2149",-0.424965360938021
"Wave_2150",-0.777655428601098
"Wave_2151",-1.11858523782266
"Wave_2152",-1.44149952481618
"Wave_2153",-1.76370812338386
"Wave_2154",-2.12326634652455
"Wave_2155",-2.49375019814406
"Wave_2156",-2.8866115290673
"Wave_2157",-3.33245878709086
"Wave_2158",-3.78911183429795
"Wave_2159",-4.16409331251805
"Wave_2160",-4.51919430644309
"Wave_2161",-4.87361291305431
"Wave_2162",-5.23801105100871
"Wave_2163",-5.59120629271823
"Wave_2164",-5.85644685515181
"Wave_2165",-6.12168714915334
"Wave_2166",-6.34072720289087
"Wave_2167",-6.52760499093747
"Wave_2168",-6.73474345872444
"Wave_2169",-6.91377359167401
"Wave_2170",-7.09280379617966
"Wave_2171",-7.32282259436556
"Wave_2172",-7.57456624707338
"Wave_2173",-7.81029806227998
"Wave_2174",-8.04661048286541
"Wave_2175",-8.2829229988891
"Wave_2176",-8.40479827820843
"Wave_2177",-8.4574699814443
"Wave_2178",-8.41237188276068
"Wave_2179",-8.20741842456668
"Wave_2180",-8.00246519713327
"Wave_2181",-8.00371863149889
"Wave_2182",-8.03060748542544
"Wave_2183",-8.0517243121852
"Wave_2184",-8.05206668443256
"Wave_2185",-8.04449959910029
"Wave_2186",-7.98775060422943
"Wave_2187",-7.93100168890165
"Wave_2188",-7.91642703697349
"Wave_2189",-7.90329358673673
"Wave_2190",-7.89003888821729
"Wave_2191",-8.01144101216121
"Wave_2192",-8.13284278209332
"Wave_2193",-8.03641793723791
"Wave_2194",-7.85072491143146
"Wave_2195",-7.68387305752545
"Wave_2196",-7.56225172229993
"Wave_2197",-7.44063067050522
"Wave_2198",-7.46377530117694
"Wave_2199",-7.49765183675472
"Wave_2200",-7.392638459999
"Wave_2201",-7.14155291703456
"Wave_2202",-6.88392146970928
"Wave_2203",-6.64800960985212
"Wave_2204",-6.41209774029432
"Wave_2205",-6.25926918918281
"Wave_2206",-6.15149318436448
"Wave_2207",-6.09982442193666
"Wave_2208",-6.21316718037047
"Wave_2209",-6.3265099447176
"Wave_2210",-6.29767178662653
"Wave_2211",-6.23471792274997
"Wave_2212",-6.16903829542423
"Wave_2213",-6.15949636227564
"Wave_2214",-6.15317384563504
"Wave_2215",-6.17234955576501
"Wave_2216",-6.19113878268964
"Wave_2217",-6.21719556601166
"Wave_2218",-6.22527059062834
"Wave_2219",-6.21832163085051
"Wave_2220",-6.04323395896085
"Wave_2221",-5.86814645631797
"Wave_2222",-5.6828175327668
"Wave_2223",-5.51038821924046
"Wave_2224",-5.36337249903564
"Wave_2225",-5.27192488715983
"Wave_2226",-5.18047708006502
"Wave_2227",-5.30355347208566
"Wave_2228",-5.44288167836388
"Wave_2229",-5.56135464294864
"Wave_2230",-5.64206946058635
"Wave_2231",-5.69436272212019
"Wave_2232",-5.59519438782482
"Wave_2233",-5.4960259005469
"Wave_2234",-5.46160056052466
"Wave_2235",-5.44336140740886
"Wave_2236",-5.51941834719624
"Wave_2237",-5.7369201696626
"Wave_2238",-5.95021757299717
"Wave_2239",-5.93940263109024
"Wave_2240",-5.92858769522403
"Wave_2241",-5.75908801861916
"Wave_2242",-5.49558211472379
"Wave_2243",-5.3097716527511
"Wave_2244",-5.42005722480498
"Wave_2245",-5.53034294609305
"Wave_2246",-5.55159919164795
"Wave_2247",-5.54405457479561
"Wave_2248",-5.52677394045813
"Wave_2249",-5.49730790869121
"Wave_2250",-5.46427837888458
"Wave_2251",-5.39917536295686
"Wave_2252",-5.33407251448491
"Wave_2253",-5.23417987188502
"Wave_2254",-5.12771792450804
"Wave_2255",-5.03882802615822
"Wave_2256",-4.94488093694877
"Wave_2257",-4.85093345271159
"Wave_2258",-4.58960752754559
"Wave_2259",-4.32828134022937
"Wave_2260",-4.12350703408821
"Wave_2261",-3.95643404884811
"Wave_2262",-3.77203038490031
"Wave_2263",-3.5498487124762
"Wave_2264",-3.32766726939417
"Wave_2265",-3.25621904003763
"Wave_2266",-3.20151899528015
"Wave_2267",-3.08808302588281
"Wave_2268",-2.9223738682707
"Wave_2269",-2.77108957428733
"Wave_2270",-2.6775053256916
"Wave_2271",-2.58392092354673
"Wave_2272",-2.44048086191774
"Wave_2273",-2.28457659792262
"Wave_2274",-2.0500361217838
"Wave_2275",-1.73685889358353
"Wave_2276",-1.43059057042809
"Wave_2277",-1.18650232616998
"Wave_2278",-0.942414183108743
"Wave_2279",-0.943340986902701
"Wave_2280",-1.00552156303988
"Wave_2281",-1.02834254666469
"Wave_2282",-0.992124085538927
"Wave_2283",-0.958182225298107
"Wave_2284",-0.944731538113287
"Wave_2285",-0.931280986765707
"Wave_2286",-0.966633785823345
"Wave_2287",-1.0247522542423
"Wave_2288",-1.07142839468111
"Wave_2289",-1.10094135092131
"Wave_2290",-1.12607395013635
"Wave_2291",-1.1117842652498
"Wave_2292",-1.09749414547386
"Wave_2293",-1.02442594528455
"Wave_2294",-0.926167466041461
"Wave_2295",-0.750776532130857
"Wave_2296",-0.459687755488576
"Wave_2297",-0.143650364708268
"Wave_2298",0.396920702919767
"Wave_2299",0.93749215098538
"Wave_2300",1.16407763701618
"Wave_2301",1.25609755316009
"Wave_2302",1.35198859093168
"Wave_2303",1.453684872208
"Wave_2304",1.57833529559714
"Wave_2305",1.90957129204549
"Wave_2306",2.24080718020997
"Wave_2307",2.53363520443762
"Wave_2308",2.81686149064305
"Wave_2309",3.03544733507923
"Wave_2310",3.15707294867834
"Wave_2311",3.2591152822876
"Wave_2312",3.18491233011604
"Wave_2313",3.11070958797262
"Wave_2314",3.15412250163218
"Wave_2315",3.22693905250918
"Wave_2316",3.2091964646922
"Wave_2317",3.10089445709751
"Wave_2318",2.99289915244568
"Wave_2319",2.88613071679135
"Wave_2320",2.77936211870721
"Wave_2321",2.50583347792186
"Wave_2322",2.21377597271097
"Wave_2323",2.17237892445852
"Wave_2324",2.29808943854778
"Wave_2325",2.34361818605645
"Wave_2326",2.20205671054674
"Wave_2327",2.06049534959604
"Wave_2328",2.11463128796791
"Wave_2329",2.16876721117276
"Wave_2330",2.31154430407606
"Wave_2331",2.49231037015688
"Wave_2332",2.58035992099739
"Wave_2333",2.52933432343953
"Wave_2334",2.43632949856991
"Wave_2335",1.96551117663478
"Wave_2336",1.49469296955779
"Wave_2337",1.45221638610995
"Wave_2338",1.51682507063099
"Wave_2339",1.60954311252944
"Wave_2340",1.73037027390164
"Wave_2341",1.81414220644862
"Wave_2342",1.74969326377015
"Wave_2343",1.68524412359923
"Wave_2344",1.80085378759313
"Wave_2345",1.9364698369757
"Wave_2346",1.8144062386692
"Wave_2347",1.58557096013909
"Wave_2348",1.4006001594212
"Wave_2349",1.28300090308321
"Wave_2350",1.17807795686657
"Wave_2351",1.187240927282
"Wave_2352",1.19640380629643
"Wave_2353",1.37285882670146
"Wave_2354",1.59113698631645
"Wave_2355",1.56014264189371
"Wave_2356",1.35081416484085
"Wave_2357",1.22815212168024
"Wave_2358",1.44061494292831
"Wave_2359",1.65307753544925
"Wave_2360",1.46462723614469
"Wave_2361",1.27617689741685
"Wave_2362",1.28408237494382
"Wave_2363",1.34383531331152
"Wave_2364",1.37410271207635
"Wave_2365",1.34014332825436
"Wave_2366",1.30627363945318
"Wave_2367",1.27276230976159
"Wave_2368",1.23925097874418
"Wave_2369",1.5055041116862
"Wave_2370",1.77898434517386
"Wave_2371",1.91536620897687
"Wave_2372",1.99299169980819
"Wave_2373",2.15165309827041
"Wave_2374",2.43186836536364
"Wave_2375",2.68098460353443
"Wave_2376",2.61940341667225
"Wave_2377",2.55782219391799
"Wave_2378",2.65144562132311
"Wave_2379",2.7623140637996
"Wave_2380",2.85876807172253
"Wave_2381",2.93195836648683
"Wave_2382",2.81172760722249
"Wave_2383",2.40136512163094
"Wave_2384",2.03876270273051
"Wave_2385",1.86719953891214
"Wave_2386",1.69563655789779
"Wave_2387",1.94676971588511
"Wave_2388",2.20855814661107
"Wave_2389",2.20290620431748
"Wave_2390",2.08263687996576
"Wave_2391",1.97702092668382
"Wave_2392",1.90253150706837
"Wave_2393",1.8578043834834
"Wave_2394",1.83240943288125
"Wave_2395",1.80701451095259
"Wave_2396",1.95187819511487
"Wave_2397",2.09674180699348
"Wave_2398",1.93821746217193
"Wave_2399",1.72135767697758
"Wave_2400",1.89417423312609
