"","N_g_m2.13.comps"
"(Intercept)",0.033593795906508
"Wave_500",1.03256514356042
"Wave_501",1.00399439635929
"Wave_502",0.964595509967633
"Wave_503",1.0810776603516
"Wave_504",1.03160290926025
"Wave_505",1.01071948993592
"Wave_506",0.901731183468141
"Wave_507",0.917237008517687
"Wave_508",0.85364038593952
"Wave_509",0.720267456509048
"Wave_510",0.342713027341693
"Wave_511",0.264892971961191
"Wave_512",0.210069271197881
"Wave_513",0.371518340399833
"Wave_514",0.46175153112312
"Wave_515",0.465663302363117
"Wave_516",0.389148662080843
"Wave_517",0.308689076425032
"Wave_518",0.214043130076112
"Wave_519",0.0818592350105785
"Wave_520",-0.182186865728411
"Wave_521",-0.450569874047298
"Wave_522",-0.440396281645683
"Wave_523",-0.15966730893028
"Wave_524",0.0218084004124293
"Wave_525",-0.0361217332982007
"Wave_526",-0.145502615940512
"Wave_527",-0.313104319334697
"Wave_528",-0.4169659067188
"Wave_529",-0.286529278326058
"Wave_530",-0.222123572529789
"Wave_531",-0.108640155066883
"Wave_532",0.0644944115833347
"Wave_533",0.134762354939454
"Wave_534",0.0794695468237431
"Wave_535",0.0870175759486432
"Wave_536",0.0846280952182645
"Wave_537",0.127055546806207
"Wave_538",0.294932026254108
"Wave_539",0.403687693994244
"Wave_540",0.416084154563467
"Wave_541",0.528064511203909
"Wave_542",0.560931353996102
"Wave_543",0.391248356454157
"Wave_544",0.505930619166999
"Wave_545",0.556004057680831
"Wave_546",0.621404945171313
"Wave_547",0.840871916806714
"Wave_548",0.987878456250546
"Wave_549",0.961432206412235
"Wave_550",0.90002498848946
"Wave_551",0.703190801395684
"Wave_552",0.664887453568187
"Wave_553",0.889275816210729
"Wave_554",0.880816694248012
"Wave_555",0.610818117096807
"Wave_556",0.425651371441271
"Wave_557",0.15602856187365
"Wave_558",-0.0954803304114049
"Wave_559",-0.255807071108012
"Wave_560",-0.424067163863153
"Wave_561",-0.658344024642345
"Wave_562",-0.690016421938675
"Wave_563",-0.618656683515451
"Wave_564",-0.74787070326484
"Wave_565",-0.748389494954807
"Wave_566",-0.692836207741794
"Wave_567",-0.813458837482997
"Wave_568",-0.844637039301677
"Wave_569",-0.807396297205186
"Wave_570",-0.844989871341834
"Wave_571",-0.792211519638272
"Wave_572",-0.800728936842959
"Wave_573",-0.874789543039722
"Wave_574",-0.985092842317231
"Wave_575",-1.01538158088316
"Wave_576",-1.029277695678
"Wave_577",-1.15123011016281
"Wave_578",-1.16556560513378
"Wave_579",-1.1233325866144
"Wave_580",-1.09486622393532
"Wave_581",-1.09901528901681
"Wave_582",-1.02927778343891
"Wave_583",-1.0186771753926
"Wave_584",-1.02497897877774
"Wave_585",-1.02524538718546
"Wave_586",-0.887528236158762
"Wave_587",-0.793801846378997
"Wave_588",-0.75956192274204
"Wave_589",-0.663162081351989
"Wave_590",-0.57099236740876
"Wave_591",-0.490715091158243
"Wave_592",-0.439640614589229
"Wave_593",-0.31525764823326
"Wave_594",-0.199429831637992
"Wave_595",-0.102521525753516
"Wave_596",0.0601522861225701
"Wave_597",0.125044824951744
"Wave_598",0.165195962145613
"Wave_599",0.25212868465602
"Wave_600",0.29244917787929
"Wave_601",0.266450668650587
"Wave_602",0.265331765822401
"Wave_603",0.246450381911144
"Wave_604",0.199148627323024
"Wave_605",0.109799357887224
"Wave_606",0.0214614893347602
"Wave_607",-0.0148926332924153
"Wave_608",-0.12212994800525
"Wave_609",-0.2266757551513
"Wave_610",-0.299004700178232
"Wave_611",-0.465556337926049
"Wave_612",-0.471457896156951
"Wave_613",-0.450772371792104
"Wave_614",-0.534946032924464
"Wave_615",-0.631621135493424
"Wave_616",-0.687237921510806
"Wave_617",-0.735382939325309
"Wave_618",-0.772844129595009
"Wave_619",-0.750740091220969
"Wave_620",-0.748669570933307
"Wave_621",-0.728471119554839
"Wave_622",-0.744348001265138
"Wave_623",-0.72996596547395
"Wave_624",-0.676489417797105
"Wave_625",-0.670669942537505
"Wave_626",-0.644905082966891
"Wave_627",-0.568572191286641
"Wave_628",-0.514656926053333
"Wave_629",-0.482546208251942
"Wave_630",-0.427057772095179
"Wave_631",-0.307981400514721
"Wave_632",-0.166666946689714
"Wave_633",-0.0703557096446952
"Wave_634",-0.0585171675467809
"Wave_635",0.0645995932496595
"Wave_636",0.192186335950942
"Wave_637",0.336146406665323
"Wave_638",0.473827584078623
"Wave_639",0.616504432568699
"Wave_640",0.84616409946075
"Wave_641",0.947276119697061
"Wave_642",1.04039148268079
"Wave_643",1.21307345880683
"Wave_644",1.31081349776052
"Wave_645",1.37992505114507
"Wave_646",1.42665531523036
"Wave_647",1.45884016918823
"Wave_648",1.39985050945424
"Wave_649",1.2972974371817
"Wave_650",1.26166116637616
"Wave_651",1.24668988094189
"Wave_652",1.22468471133003
"Wave_653",1.21158628251414
"Wave_654",1.1567429297613
"Wave_655",1.02620451472767
"Wave_656",0.841622898229617
"Wave_657",0.752953061807246
"Wave_658",0.73458313542361
"Wave_659",0.752142563410835
"Wave_660",0.785837485411475
"Wave_661",0.781890588638769
"Wave_662",0.782433708510567
"Wave_663",0.799409452434413
"Wave_664",0.687391579980519
"Wave_665",0.658153695385003
"Wave_666",0.564832640203536
"Wave_667",0.478818865557102
"Wave_668",0.451053210158526
"Wave_669",0.409230385769858
"Wave_670",0.390138310553791
"Wave_671",0.35142263911062
"Wave_672",0.306235851206933
"Wave_673",0.23328914266377
"Wave_674",0.128402380321994
"Wave_675",0.0101126035865767
"Wave_676",-0.0483470763684872
"Wave_677",-0.140497283936295
"Wave_678",-0.268039884968429
"Wave_679",-0.307565268084285
"Wave_680",-0.330095965944378
"Wave_681",-0.36590193412619
"Wave_682",-0.479505135520272
"Wave_683",-0.585772956275593
"Wave_684",-0.639720853083076
"Wave_685",-0.594282515298043
"Wave_686",-0.595301520165231
"Wave_687",-0.737304014338011
"Wave_688",-0.743036823475353
"Wave_689",-0.72445234540359
"Wave_690",-0.764178384316427
"Wave_691",-0.749023381577478
"Wave_692",-0.547942917681987
"Wave_693",-0.478108876056368
"Wave_694",-0.559338762500122
"Wave_695",-0.494671864964731
"Wave_696",-0.422979967979546
"Wave_697",-0.410651545861676
"Wave_698",-0.259631142928505
"Wave_699",-0.114042266780436
"Wave_700",-0.0886520215317238
"Wave_701",0.0693894986707022
"Wave_702",0.124257553635716
"Wave_703",0.282086345311549
"Wave_704",0.375259321305957
"Wave_705",0.597969425800193
"Wave_706",0.879172094728932
"Wave_707",0.917258640453502
"Wave_708",0.89175727059449
"Wave_709",1.04210688601045
"Wave_710",1.23926818913037
"Wave_711",1.37742187502239
"Wave_712",1.36934000387923
"Wave_713",1.44751591082028
"Wave_714",1.43754972018806
"Wave_715",1.22247027672181
"Wave_716",1.1714263247846
"Wave_717",1.12783036396158
"Wave_718",1.01486311529677
"Wave_719",0.849807337740065
"Wave_720",0.696557593764594
"Wave_721",0.510521215326761
"Wave_722",0.318032173529345
"Wave_723",0.148478497260079
"Wave_724",-0.0413876291757233
"Wave_725",-0.24234208743181
"Wave_726",-0.418250516265185
"Wave_727",-0.575389675713357
"Wave_728",-0.719367114049243
"Wave_729",-0.872224939980129
"Wave_730",-1.04700940601801
"Wave_731",-1.20820083191063
"Wave_732",-1.28459616434898
"Wave_733",-1.38561506003836
"Wave_734",-1.5603438624528
"Wave_735",-1.73380664666864
"Wave_736",-1.84511375634913
"Wave_737",-1.93406954287099
"Wave_738",-1.9949777268365
"Wave_739",-1.94596613238165
"Wave_740",-1.81491510114675
"Wave_741",-1.79201659951685
"Wave_742",-1.77814669371082
"Wave_743",-1.86580712136624
"Wave_744",-1.75756418392922
"Wave_745",-1.59185095668376
"Wave_746",-1.4287868293498
"Wave_747",-1.46368282709909
"Wave_748",-1.34982653936752
"Wave_749",-1.27116224348188
"Wave_750",-1.18617272085199
"Wave_751",-1.10266735275055
"Wave_752",-0.987337122166646
"Wave_753",-0.90686507521962
"Wave_754",-0.807352184205296
"Wave_755",-0.705791305904046
"Wave_756",-0.578440443844477
"Wave_757",-0.470641028875565
"Wave_758",-0.353357143868624
"Wave_759",-0.250184218153091
"Wave_760",-0.0674709632647319
"Wave_761",0.140436877265374
"Wave_762",0.184663601874107
"Wave_763",0.130432955796597
"Wave_764",0.0794906245290096
"Wave_765",0.212678013068568
"Wave_766",0.348622690927357
"Wave_767",0.48518655236925
"Wave_768",0.582555420606894
"Wave_769",0.656467027746826
"Wave_770",0.659488406963422
"Wave_771",0.743913341645483
"Wave_772",0.824372367078575
"Wave_773",0.897174660459219
"Wave_774",0.899140887808894
"Wave_775",0.943236084584466
"Wave_776",1.11584001123904
"Wave_777",1.22706838805903
"Wave_778",1.24073718582088
"Wave_779",1.24730457752838
"Wave_780",1.27593545165322
"Wave_781",1.26775045926956
"Wave_782",1.29202110557969
"Wave_783",1.24054750406463
"Wave_784",1.24453608232433
"Wave_785",1.29406035376069
"Wave_786",1.39494244690994
"Wave_787",1.30792587116745
"Wave_788",1.24787507270894
"Wave_789",1.14276528110302
"Wave_790",1.2321118111849
"Wave_791",1.24043406049481
"Wave_792",1.36816959314473
"Wave_793",1.48324686668053
"Wave_794",1.44414996032606
"Wave_795",1.38179669617434
"Wave_796",1.14224034477975
"Wave_797",1.11049260005182
"Wave_798",1.21095130612831
"Wave_799",1.33092712974273
"Wave_800",1.31642809323775
"Wave_801",1.29942048337604
"Wave_802",1.26393987006958
"Wave_803",1.14999461719431
"Wave_804",1.07439305093206
"Wave_805",0.891509485191674
"Wave_806",0.996702024012306
"Wave_807",1.18900070710952
"Wave_808",1.17345905594782
"Wave_809",1.03541653494323
"Wave_810",1.08117808514761
"Wave_811",1.12340119823229
"Wave_812",1.01991734895556
"Wave_813",1.12186637914727
"Wave_814",1.06894894925655
"Wave_815",1.01096139205842
"Wave_816",0.782930446563692
"Wave_817",0.607953596586128
"Wave_818",0.532756716406916
"Wave_819",0.475746191829885
"Wave_820",0.594192854122887
"Wave_821",0.794005769823625
"Wave_822",0.688822599855669
"Wave_823",0.579021472635879
"Wave_824",0.631592229916799
"Wave_825",0.545007382726808
"Wave_826",0.52048017086622
"Wave_827",0.443705742281351
"Wave_828",0.417666717604275
"Wave_829",0.378971546411095
"Wave_830",0.270707502039517
"Wave_831",0.188084675813448
"Wave_832",0.0858448951366876
"Wave_833",0.113407063620215
"Wave_834",0.160445242156792
"Wave_835",0.0933451637304448
"Wave_836",0.0438311604952817
"Wave_837",0.113794361723152
"Wave_838",0.268575760923038
"Wave_839",-0.121575969839341
"Wave_840",-0.0508546027697121
"Wave_841",-0.0468756241526981
"Wave_842",-0.135741076705608
"Wave_843",-0.185302615760918
"Wave_844",-0.262918252468591
"Wave_845",-0.514668250635174
"Wave_846",-0.390360221422245
"Wave_847",-0.206095113388354
"Wave_848",-0.212050330709333
"Wave_849",-0.293753475398199
"Wave_850",-0.416534884943222
"Wave_851",-0.242127992736142
"Wave_852",-0.299693924573179
"Wave_853",-0.438720331986544
"Wave_854",-0.177741559284084
"Wave_855",-0.221072481922681
"Wave_856",-0.497149689344374
"Wave_857",-0.652452116187653
"Wave_858",-0.588774073044939
"Wave_859",-0.322234687366826
"Wave_860",-0.080108348114518
"Wave_861",-0.405630014636486
"Wave_862",-0.556647134716107
"Wave_863",-0.767399756222994
"Wave_864",-0.811579755831779
"Wave_865",-0.5953739680716
"Wave_866",-0.356905261089453
"Wave_867",-0.229167275634426
"Wave_868",-0.358350942616434
"Wave_869",-0.488374405624027
"Wave_870",-0.563626618891157
"Wave_871",-0.687361686183168
"Wave_872",-0.689928958669173
"Wave_873",-0.786030180069274
"Wave_874",-0.575616726112927
"Wave_875",-0.53788795807153
"Wave_876",-0.692825796719033
"Wave_877",-0.463797049319459
"Wave_878",-0.234533494898628
"Wave_879",-0.335457888712004
"Wave_880",-0.369543833608304
"Wave_881",-0.357612149849971
"Wave_882",-0.463599968204547
"Wave_883",-0.632564500367581
"Wave_884",-0.890716986474211
"Wave_885",-0.513729630761129
"Wave_886",-0.343799816806593
"Wave_887",-0.498379019697292
"Wave_888",-0.700109839587046
"Wave_889",-0.596154022729561
"Wave_890",-0.300955135148292
"Wave_891",-0.143158034050516
"Wave_892",-0.0682548098416882
"Wave_893",-0.214566684548958
"Wave_894",-0.41951775044458
"Wave_895",-0.112709312687418
"Wave_896",-0.406000607004066
"Wave_897",-0.482255791160397
"Wave_898",-0.809012597406089
"Wave_899",-0.892843196329233
"Wave_900",-0.534430204758804
"Wave_901",-0.226241845776003
"Wave_902",-0.115206434171255
"Wave_903",-0.269425146311805
"Wave_904",-0.421017550777248
"Wave_905",-0.523052333169567
"Wave_906",-0.599515058169985
"Wave_907",-0.633030377843099
"Wave_908",-0.650642796497949
"Wave_909",-0.591382015859474
"Wave_910",-0.403850673414268
"Wave_911",-0.372695368743241
"Wave_912",-0.322148550653058
"Wave_913",-0.134523059609166
"Wave_914",-0.242511238974562
"Wave_915",-0.231011154862058
"Wave_916",-0.00627193594187121
"Wave_917",-0.0741714805626811
"Wave_918",-0.34419119415817
"Wave_919",-0.348710351642339
"Wave_920",0.174739109869042
"Wave_921",-0.289069442399705
"Wave_922",-0.42081230741003
"Wave_923",-0.282763981135942
"Wave_924",-0.0815768306777593
"Wave_925",0.15717247340605
"Wave_926",0.314508988796017
"Wave_927",0.184837215844607
"Wave_928",0.000267088919228026
"Wave_929",0.0470721045476924
"Wave_930",0.0317464844257766
"Wave_931",0.144006113234942
"Wave_932",0.231853521557823
"Wave_933",-0.019748864561865
"Wave_934",-0.615215542558936
"Wave_935",-0.457389987593749
"Wave_936",-0.108150875493057
"Wave_937",0.0274509970580874
"Wave_938",0.435801980211968
"Wave_939",0.844317366623743
"Wave_940",0.830885715456601
"Wave_941",0.534608334394094
"Wave_942",-0.303710689734538
"Wave_943",0.0401446364766112
"Wave_944",0.189793935029511
"Wave_945",0.229747419331225
"Wave_946",0.279406590968523
"Wave_947",0.224886397517318
"Wave_948",-0.196926120960232
"Wave_949",-0.270047153687668
"Wave_950",0.110969635049899
"Wave_951",0.349012866609139
"Wave_952",0.496179708652126
"Wave_953",0.273519329378539
"Wave_954",-0.166257897113143
"Wave_955",-0.212697313926066
"Wave_956",-0.16716084383543
"Wave_957",0.0643484525675099
"Wave_958",0.765901509979017
"Wave_959",0.293765527379212
"Wave_960",-0.264379701603236
"Wave_961",-0.0228215100331249
"Wave_962",0.202827258787765
"Wave_963",0.378055664979918
"Wave_964",0.0755412033279272
"Wave_965",-0.628444444179697
"Wave_966",-0.150155955643311
"Wave_967",0.184471497482859
"Wave_968",-0.294045258090536
"Wave_969",0.46794432258439
"Wave_970",-0.00105790358879032
"Wave_971",-0.314864174329996
"Wave_972",-0.627500659487913
"Wave_973",-0.523583388746083
"Wave_974",-0.419666061487302
"Wave_975",-0.295910894443001
"Wave_976",-0.340323886447253
"Wave_977",-0.644428504530582
"Wave_978",-0.94853309944124
"Wave_979",-0.941140899623139
"Wave_980",-0.677791214342899
"Wave_981",-0.266877347120437
"Wave_982",0.119801005032892
"Wave_983",0.288358726833827
"Wave_984",0.229543069873575
"Wave_985",0.113883993483961
"Wave_986",-0.00461167464143672
"Wave_987",-0.134453703898216
"Wave_988",-0.0508891695313532
"Wave_989",0.0326753473617217
"Wave_990",0.140779722963586
"Wave_991",0.213075613470649
"Wave_992",-0.00510149629579879
"Wave_993",-0.223278642675474
"Wave_994",-0.45731543785297
"Wave_995",-0.552207894753091
"Wave_996",-0.29775974146367
"Wave_997",-0.043311443004068
"Wave_998",0.139380051446311
"Wave_999",0.0992943540697309
"Wave_1000",-0.132815805021455
"Wave_1001",-0.364925946302884
"Wave_1002",-0.5086788296619
"Wave_1003",-0.598194283544638
"Wave_1004",-0.668672654058404
"Wave_1005",-0.734982066029467
"Wave_1006",-0.763770651152019
"Wave_1007",-0.681158377872278
"Wave_1008",-0.586168192008625
"Wave_1009",-0.509360539112428
"Wave_1010",-0.509981020216408
"Wave_1011",-0.552879834157739
"Wave_1012",-0.595778589155191
"Wave_1013",-0.624815271010333
"Wave_1014",-0.647938737695307
"Wave_1015",-0.705782010358396
"Wave_1016",-0.763625235287944
"Wave_1017",-0.845925629173275
"Wave_1018",-0.883361188025167
"Wave_1019",-0.859627095518175
"Wave_1020",-0.835893051220933
"Wave_1021",-0.805875465180214
"Wave_1022",-0.825254922738816
"Wave_1023",-0.866958665830471
"Wave_1024",-0.908662475488962
"Wave_1025",-0.935767017930536
"Wave_1026",-0.961291155006101
"Wave_1027",-0.986819836889999
"Wave_1028",-1.01278840691524
"Wave_1029",-1.03783712085498
"Wave_1030",-1.01897693839603
"Wave_1031",-1.00011684069519
"Wave_1032",-0.982129938077918
"Wave_1033",-0.953156338241099
"Wave_1034",-0.890397033938853
"Wave_1035",-0.827637758453162
"Wave_1036",-0.756124887154722
"Wave_1037",-0.715216237712113
"Wave_1038",-0.71804184067858
"Wave_1039",-0.720867643819808
"Wave_1040",-0.748224280298316
"Wave_1041",-0.758453165377066
"Wave_1042",-0.754332730990324
"Wave_1043",-0.750212250383967
"Wave_1044",-0.724084014966551
"Wave_1045",-0.695528243186992
"Wave_1046",-0.667314109220517
"Wave_1047",-0.639099832161664
"Wave_1048",-0.617909839658064
"Wave_1049",-0.59151951396246
"Wave_1050",-0.565129124674758
"Wave_1051",-0.538736234731932
"Wave_1052",-0.512693657528043
"Wave_1053",-0.487525099134641
"Wave_1054",-0.462356446930858
"Wave_1055",-0.436543576653219
"Wave_1056",-0.407824985722421
"Wave_1057",-0.377703764620867
"Wave_1058",-0.347582513981568
"Wave_1059",-0.33083063055199
"Wave_1060",-0.318833217707266
"Wave_1061",-0.303143594802554
"Wave_1062",-0.287454088475076
"Wave_1063",-0.256586648770921
"Wave_1064",-0.226838743910806
"Wave_1065",-0.197938047955211
"Wave_1066",-0.169037266871727
"Wave_1067",-0.147079321457131
"Wave_1068",-0.14375448979857
"Wave_1069",-0.140429579518875
"Wave_1070",-0.137104686195398
"Wave_1071",-0.136298270870663
"Wave_1072",-0.132745772642907
"Wave_1073",-0.129193279276285
"Wave_1074",-0.128629491406423
"Wave_1075",-0.133325536026992
"Wave_1076",-0.131326584621752
"Wave_1077",-0.129327544347233
"Wave_1078",-0.11561650733449
"Wave_1079",-0.0925609453237547
"Wave_1080",-0.0730296058671795
"Wave_1081",-0.0534983034110929
"Wave_1082",-0.045572108049107
"Wave_1083",-0.0257936693306904
"Wave_1084",-0.00383874689138376
"Wave_1085",0.0181161310263215
"Wave_1086",0.0358326093278371
"Wave_1087",0.0711605163279935
"Wave_1088",0.106488627553081
"Wave_1089",0.141816640886487
"Wave_1090",0.190887943618838
"Wave_1091",0.211081145899038
"Wave_1092",0.231274446956196
"Wave_1093",0.247811934712116
"Wave_1094",0.252860055856437
"Wave_1095",0.259997332586211
"Wave_1096",0.267134639218331
"Wave_1097",0.2694632136264
"Wave_1098",0.272240769073446
"Wave_1099",0.277935814533402
"Wave_1100",0.283630767518841
"Wave_1101",0.286507498103137
"Wave_1102",0.300270793592047
"Wave_1103",0.314034115065286
"Wave_1104",0.3277974253043
"Wave_1105",0.343177619661875
"Wave_1106",0.33516233667809
"Wave_1107",0.327147212204052
"Wave_1108",0.319132011182654
"Wave_1109",0.3289111289465
"Wave_1110",0.36634825339798
"Wave_1111",0.403785486974173
"Wave_1112",0.438952361831164
"Wave_1113",0.458585182762224
"Wave_1114",0.481483690774399
"Wave_1115",0.504382203338577
"Wave_1116",0.532287345706713
"Wave_1117",0.509932426672158
"Wave_1118",0.472091912862034
"Wave_1119",0.434251444518992
"Wave_1120",0.400575230861421
"Wave_1121",0.423030375574206
"Wave_1122",0.445485515740848
"Wave_1123",0.467940670117481
"Wave_1124",0.474186213355097
"Wave_1125",0.482366840148586
"Wave_1126",0.490547632087792
"Wave_1127",0.49872839804858
"Wave_1128",0.492434776449805
"Wave_1129",0.489414162609271
"Wave_1130",0.486393612113581
"Wave_1131",0.480693859486492
"Wave_1132",0.4568119137346
"Wave_1133",0.435471458584135
"Wave_1134",0.414130914839107
"Wave_1135",0.382737090916084
"Wave_1136",0.307821441699895
"Wave_1137",0.230676498708744
"Wave_1138",0.153531517807354
"Wave_1139",0.0693152377577974
"Wave_1140",0.0515488643194994
"Wave_1141",0.033782535957736
"Wave_1142",0.0160161439753202
"Wave_1143",-0.0122313878760808
"Wave_1144",-0.077823892273962
"Wave_1145",-0.143416508528621
"Wave_1146",-0.209009060350555
"Wave_1147",-0.227183684048344
"Wave_1148",-0.230022848007024
"Wave_1149",-0.232861992134405
"Wave_1150",-0.237291987844379
"Wave_1151",-0.210660161143505
"Wave_1152",-0.172683520434773
"Wave_1153",-0.13470691777714
"Wave_1154",-0.0660120931743721
"Wave_1155",-0.12009091566148
"Wave_1156",-0.174169857796803
"Wave_1157",-0.228248611020432
"Wave_1158",-0.277318890016387
"Wave_1159",-0.291991639736871
"Wave_1160",-0.306664495646042
"Wave_1161",-0.321337300374907
"Wave_1162",-0.31466564470814
"Wave_1163",-0.29131599850377
"Wave_1164",-0.267966272174141
"Wave_1165",-0.244616625629094
"Wave_1166",-0.242189524167155
"Wave_1167",-0.249127202462728
"Wave_1168",-0.256064812108001
"Wave_1169",-0.262115918393074
"Wave_1170",-0.284297744090085
"Wave_1171",-0.308665932426023
"Wave_1172",-0.333034032690575
"Wave_1173",-0.359543761041921
"Wave_1174",-0.390366223999971
"Wave_1175",-0.421188715261713
"Wave_1176",-0.452011202371622
"Wave_1177",-0.464674101369153
"Wave_1178",-0.451835597335813
"Wave_1179",-0.438997004668971
"Wave_1180",-0.426158433271623
"Wave_1181",-0.4157892095156
"Wave_1182",-0.403841005393441
"Wave_1183",-0.391892739903956
"Wave_1184",-0.37994450754018
"Wave_1185",-0.330577600410632
"Wave_1186",-0.278105835953534
"Wave_1187",-0.225634055262911
"Wave_1188",-0.178825387976659
"Wave_1189",-0.096274075479656
"Wave_1190",-0.0137229277060722
"Wave_1191",0.068828336820677
"Wave_1192",0.14111080180531
"Wave_1193",0.110396869506459
"Wave_1194",0.079682970727373
"Wave_1195",0.0489690349228626
"Wave_1196",0.0312187440999585
"Wave_1197",0.0440534736955972
"Wave_1198",0.0568882364926747
"Wave_1199",0.0697230229523359
"Wave_1200",0.0889977012709033
"Wave_1201",0.108624365007782
"Wave_1202",0.128251045239474
"Wave_1203",0.14827486419525
"Wave_1204",0.169852703711226
"Wave_1205",0.191206070673272
"Wave_1206",0.212559404637683
"Wave_1207",0.233532912175663
"Wave_1208",0.249009783085188
"Wave_1209",0.264486553953901
"Wave_1210",0.279963355856185
"Wave_1211",0.291304397900037
"Wave_1212",0.295686438040613
"Wave_1213",0.300068499826309
"Wave_1214",0.304450552804245
"Wave_1215",0.300339758657995
"Wave_1216",0.292262733170106
"Wave_1217",0.284185751584499
"Wave_1218",0.276108728083986
"Wave_1219",0.280612878543765
"Wave_1220",0.284009201434933
"Wave_1221",0.287405607766036
"Wave_1222",0.289959012719876
"Wave_1223",0.299563098703109
"Wave_1224",0.309167330506022
"Wave_1225",0.318771486204575
"Wave_1226",0.329959521880719
"Wave_1227",0.338869566674061
"Wave_1228",0.347779801641902
"Wave_1229",0.356689985082817
"Wave_1230",0.358605933671209
"Wave_1231",0.359767437453529
"Wave_1232",0.360929018090806
"Wave_1233",0.362090664017434
"Wave_1234",0.382936068605593
"Wave_1235",0.408306781448835
"Wave_1236",0.433677503885499
"Wave_1237",0.457979475474771
"Wave_1238",0.465250658336949
"Wave_1239",0.472521746045177
"Wave_1240",0.47979298422469
"Wave_1241",0.488858852474905
"Wave_1242",0.498714593008856
"Wave_1243",0.508570429518814
"Wave_1244",0.518426201730911
"Wave_1245",0.520532476564421
"Wave_1246",0.518386856692733
"Wave_1247",0.516241066820514
"Wave_1248",0.514095392257056
"Wave_1249",0.528677564125209
"Wave_1250",0.546251760036225
"Wave_1251",0.563825984100843
"Wave_1252",0.578500083614862
"Wave_1253",0.575074620766225
"Wave_1254",0.571649088994356
"Wave_1255",0.568223684934318
"Wave_1256",0.564855562264946
"Wave_1257",0.561621542452452
"Wave_1258",0.558387451618746
"Wave_1259",0.555153350813955
"Wave_1260",0.543921791976304
"Wave_1261",0.524613468583177
"Wave_1262",0.5053051961206
"Wave_1263",0.485996905804385
"Wave_1264",0.48989961218741
"Wave_1265",0.499605171755768
"Wave_1266",0.509310687802956
"Wave_1267",0.518436086670641
"Wave_1268",0.519384641632632
"Wave_1269",0.520333227603024
"Wave_1270",0.521281851501133
"Wave_1271",0.528753295031157
"Wave_1272",0.557723054568651
"Wave_1273",0.586692803673499
"Wave_1274",0.61566262554089
"Wave_1275",0.624381314595012
"Wave_1276",0.621988755103217
"Wave_1277",0.619596390665328
"Wave_1278",0.617203911723903
"Wave_1279",0.637941181065493
"Wave_1280",0.665757482588144
"Wave_1281",0.693573785015934
"Wave_1282",0.721390020484294
"Wave_1283",0.682269879936279
"Wave_1284",0.643149705730192
"Wave_1285",0.604029588211076
"Wave_1286",0.567884600058246
"Wave_1287",0.552336226335342
"Wave_1288",0.536787883988705
"Wave_1289",0.521239571772321
"Wave_1290",0.512032880914809
"Wave_1291",0.509167898243447
"Wave_1292",0.506302868345594
"Wave_1293",0.503437850480211
"Wave_1294",0.499339082527817
"Wave_1295",0.494931815886271
"Wave_1296",0.490524594794703
"Wave_1297",0.486117297544837
"Wave_1298",0.476750530676536
"Wave_1299",0.467383885566168
"Wave_1300",0.458017146071244
"Wave_1301",0.454400168776591
"Wave_1302",0.464199670286817
"Wave_1303",0.473999094586577
"Wave_1304",0.48379852889792
"Wave_1305",0.475714099459621
"Wave_1306",0.448781869510318
"Wave_1307",0.42184960743945
"Wave_1308",0.394917345631915
"Wave_1309",0.378741520037782
"Wave_1310",0.365254651267
"Wave_1311",0.351767900734861
"Wave_1312",0.340268832790872
"Wave_1313",0.327859483930981
"Wave_1314",0.315450160439922
"Wave_1315",0.303040804710487
"Wave_1316",0.287380916688534
"Wave_1317",0.264136619213254
"Wave_1318",0.240892276134926
"Wave_1319",0.217647996277875
"Wave_1320",0.19491056036032
"Wave_1321",0.172510896832042
"Wave_1322",0.150111376923725
"Wave_1323",0.12771173269536
"Wave_1324",0.104031531117523
"Wave_1325",0.0800311001264898
"Wave_1326",0.0560306345123921
"Wave_1327",0.0337311856318582
"Wave_1328",0.0267410102858076
"Wave_1329",0.019750938928185
"Wave_1330",0.0127607229209525
"Wave_1331",0.0052533844153571
"Wave_1332",-0.00117793715177222
"Wave_1333",-0.00760927904544913
"Wave_1334",-0.0140406403553076
"Wave_1335",-0.0202659768862923
"Wave_1336",-0.026353964820038
"Wave_1337",-0.0324419585611423
"Wave_1338",-0.0385299908402064
"Wave_1339",-0.0543633594456274
"Wave_1340",-0.0712794405774034
"Wave_1341",-0.0881955378865375
"Wave_1342",-0.101844319890308
"Wave_1343",-0.102423392416846
"Wave_1344",-0.103002513974089
"Wave_1345",-0.103581620315102
"Wave_1346",-0.107360001054616
"Wave_1347",-0.115937295695859
"Wave_1348",-0.124514558510695
"Wave_1349",-0.133091824737035
"Wave_1350",-0.136311727745026
"Wave_1351",-0.137235709262597
"Wave_1352",-0.138159660497056
"Wave_1353",-0.13908356864969
"Wave_1354",-0.17497209661409
"Wave_1355",-0.210860496580639
"Wave_1356",-0.246749000270057
"Wave_1357",-0.273786349242899
"Wave_1358",-0.265419090270893
"Wave_1359",-0.257051710377483
"Wave_1360",-0.24868444176827
"Wave_1361",-0.234436358719956
"Wave_1362",-0.214307674583131
"Wave_1363",-0.194178962886929
"Wave_1364",-0.174050209249182
"Wave_1365",-0.170580836414889
"Wave_1366",-0.171276228481238
"Wave_1367",-0.171971669449317
"Wave_1368",-0.175020427876145
"Wave_1369",-0.199248959197475
"Wave_1370",-0.223477390055716
"Wave_1371",-0.247705902575356
"Wave_1372",-0.283868777928736
"Wave_1373",-0.347878537500188
"Wave_1374",-0.411888327403795
"Wave_1375",-0.475898133828676
"Wave_1376",-0.508943452670884
"Wave_1377",-0.521345680183975
"Wave_1378",-0.533747954280586
"Wave_1379",-0.546150250327216
"Wave_1380",-0.545179130841052
"Wave_1381",-0.542721973167406
"Wave_1382",-0.540264884790595
"Wave_1383",-0.540460873509784
"Wave_1384",-0.551268814085742
"Wave_1385",-0.562076815989226
"Wave_1386",-0.572884818664704
"Wave_1387",-0.601343148895132
"Wave_1388",-0.64745203883074
"Wave_1389",-0.693560837244886
"Wave_1390",-0.739669633712912
"Wave_1391",-0.752723227281906
"Wave_1392",-0.768316246295059
"Wave_1393",-0.783909321729996
"Wave_1394",-0.799502310267164
"Wave_1395",-0.762003697404754
"Wave_1396",-0.724504824954819
"Wave_1397",-0.687006192706005
"Wave_1398",-0.640179268056784
"Wave_1399",-0.571586760772366
"Wave_1400",-0.502994261030875
"Wave_1401",-0.434401757214879
"Wave_1402",-0.367743239966241
"Wave_1403",-0.302374066963697
"Wave_1404",-0.237004891947442
"Wave_1405",-0.171635710010892
"Wave_1406",-0.111259523780993
"Wave_1407",-0.051438156144464
"Wave_1408",0.00838323969139776
"Wave_1409",0.0644452316057666
"Wave_1410",0.105469511060563
"Wave_1411",0.146493807386736
"Wave_1412",0.187518084822703
"Wave_1413",0.228234598181224
"Wave_1414",0.268643238111818
"Wave_1415",0.309051944519182
"Wave_1416",0.349460583203908
"Wave_1417",0.391527737459408
"Wave_1418",0.434009466620318
"Wave_1419",0.476491321839787
"Wave_1420",0.516613264256272
"Wave_1421",0.535497475682149
"Wave_1422",0.554381707390423
"Wave_1423",0.573265868918054
"Wave_1424",0.5739653420766
"Wave_1425",0.560151657893739
"Wave_1426",0.54633775441359
"Wave_1427",0.532524008345437
"Wave_1428",0.526028589630374
"Wave_1429",0.522669544849369
"Wave_1430",0.519310445013398
"Wave_1431",0.515951508116853
"Wave_1432",0.501118303421815
"Wave_1433",0.490648505737037
"Wave_1434",0.480178692412913
"Wave_1435",0.46647315341862
"Wave_1436",0.452127415318913
"Wave_1437",0.437781537696173
"Wave_1438",0.423435687580272
"Wave_1439",0.405164045542754
"Wave_1440",0.384275206526668
"Wave_1441",0.36338633132474
"Wave_1442",0.342497513820364
"Wave_1443",0.340663579251234
"Wave_1444",0.342757373674334
"Wave_1445",0.344851343824832
"Wave_1446",0.342707738148332
"Wave_1447",0.323613825217962
"Wave_1448",0.304519931431154
"Wave_1449",0.285426037990103
"Wave_1450",0.262208456907261
"Wave_1451",0.234867147111667
"Wave_1452",0.207525848255155
"Wave_1453",0.180184560687305
"Wave_1454",0.169097333758126
"Wave_1455",0.162073822317808
"Wave_1456",0.1550500738261
"Wave_1457",0.148976788141872
"Wave_1458",0.151455884616458
"Wave_1459",0.153935039528162
"Wave_1460",0.156414288856564
"Wave_1461",0.151286574371338
"Wave_1462",0.134748704307991
"Wave_1463",0.118210803548512
"Wave_1464",0.101672922804189
"Wave_1465",0.0974719192178602
"Wave_1466",0.098558250905148
"Wave_1467",0.0996445154660101
"Wave_1468",0.100730836992093
"Wave_1469",0.0873815065325995
"Wave_1470",0.0740322521314368
"Wave_1471",0.0606828863945298
"Wave_1472",0.0461133007327491
"Wave_1473",0.0286962801758959
"Wave_1474",0.0112792517101977
"Wave_1475",-0.00613776175058522
"Wave_1476",-0.0276347635607923
"Wave_1477",-0.0490481855130795
"Wave_1478",-0.0704615970413319
"Wave_1479",-0.0918749537506092
"Wave_1480",-0.104090721104403
"Wave_1481",-0.114166642277847
"Wave_1482",-0.124242647036248
"Wave_1483",-0.143354282494965
"Wave_1484",-0.183549295896846
"Wave_1485",-0.22374430723713
"Wave_1486",-0.263939160313275
"Wave_1487",-0.297474769743188
"Wave_1488",-0.326570614013789
"Wave_1489",-0.35566645614514
"Wave_1490",-0.384762327898221
"Wave_1491",-0.440749024449194
"Wave_1492",-0.499723664724913
"Wave_1493",-0.558698315670399
"Wave_1494",-0.608828766825366
"Wave_1495",-0.62358291571774
"Wave_1496",-0.638337153203809
"Wave_1497",-0.653091375404358
"Wave_1498",-0.666616798005262
"Wave_1499",-0.679323122573161
"Wave_1500",-0.692029304175756
"Wave_1501",-0.704735559682357
"Wave_1502",-0.73769421451226
"Wave_1503",-0.772902978936593
"Wave_1504",-0.808111765051549
"Wave_1505",-0.839201779286882
"Wave_1506",-0.853816812005543
"Wave_1507",-0.868431888522827
"Wave_1508",-0.883046856515582
"Wave_1509",-0.888019710618112
"Wave_1510",-0.888443350179953
"Wave_1511",-0.888866971115486
"Wave_1512",-0.88929069091058
"Wave_1513",-0.900641877339144
"Wave_1514",-0.913207313854357
"Wave_1515",-0.925772667787704
"Wave_1516",-0.919166531949478
"Wave_1517",-0.835874185397543
"Wave_1518",-0.752581810518054
"Wave_1519",-0.669289434808893
"Wave_1520",-0.682768761418898
"Wave_1521",-0.754226513533003
"Wave_1522",-0.825684357193329
"Wave_1523",-0.897142063844613
"Wave_1524",-0.893105837965099
"Wave_1525",-0.882923159525557
"Wave_1526",-0.872740559620643
"Wave_1527",-0.863280024397878
"Wave_1528",-0.856708029284208
"Wave_1529",-0.850136032303179
"Wave_1530",-0.843563962058545
"Wave_1531",-0.828751689587405
"Wave_1532",-0.806394593165943
"Wave_1533",-0.784037643206676
"Wave_1534",-0.761680530307966
"Wave_1535",-0.741517914502269
"Wave_1536",-0.721598952097956
"Wave_1537",-0.701680063872988
"Wave_1538",-0.679187174217585
"Wave_1539",-0.646398052050918
"Wave_1540",-0.613608948152115
"Wave_1541",-0.58081973301048
"Wave_1542",-0.530148881272089
"Wave_1543",-0.470108184328311
"Wave_1544",-0.410067433215644
"Wave_1545",-0.350026594336425
"Wave_1546",-0.325977766001818
"Wave_1547",-0.305928111692847
"Wave_1548",-0.285878246943577
"Wave_1549",-0.262128001913449
"Wave_1550",-0.231554848645218
"Wave_1551",-0.200981749646147
"Wave_1552",-0.170408675618307
"Wave_1553",-0.14904292783298
"Wave_1554",-0.133815563548418
"Wave_1555",-0.118588152439779
"Wave_1556",-0.103360719590738
"Wave_1557",-0.0622844158143095
"Wave_1558",-0.0188346540738868
"Wave_1559",0.024615168421953
"Wave_1560",0.0599918915585838
"Wave_1561",0.0765316779892805
"Wave_1562",0.0930714212275539
"Wave_1563",0.109611225058952
"Wave_1564",0.134786955409947
"Wave_1565",0.163442555355301
"Wave_1566",0.192098138969026
"Wave_1567",0.220753769718623
"Wave_1568",0.204116135174629
"Wave_1569",0.187478654765968
"Wave_1570",0.170841023435623
"Wave_1571",0.173503073784173
"Wave_1572",0.201933436621907
"Wave_1573",0.230363812145822
"Wave_1574",0.258794234744969
"Wave_1575",0.286304168613742
"Wave_1576",0.312863866161479
"Wave_1577",0.339423661137573
"Wave_1578",0.365926179454893
"Wave_1579",0.378838068690489
"Wave_1580",0.391749937006406
"Wave_1581",0.404661823258157
"Wave_1582",0.417437611317168
"Wave_1583",0.428007048965647
"Wave_1584",0.438576474599277
"Wave_1585",0.449145964990278
"Wave_1586",0.463151974332567
"Wave_1587",0.478750968862533
"Wave_1588",0.494349993593376
"Wave_1589",0.511424915707256
"Wave_1590",0.529506158508638
"Wave_1591",0.547587398880423
"Wave_1592",0.565668708800292
"Wave_1593",0.574944493397435
"Wave_1594",0.577729557029405
"Wave_1595",0.580514571709873
"Wave_1596",0.583299574448583
"Wave_1597",0.592964056431805
"Wave_1598",0.60236716186003
"Wave_1599",0.611770332767097
"Wave_1600",0.621723125853078
"Wave_1601",0.628125116644845
"Wave_1602",0.634527115754865
"Wave_1603",0.640929066623547
"Wave_1604",0.640495249078951
"Wave_1605",0.634080084740705
"Wave_1606",0.627664998659065
"Wave_1607",0.613569852088459
"Wave_1608",0.559901810176486
"Wave_1609",0.509516758804451
"Wave_1610",0.459131793884402
"Wave_1611",0.43507763160569
"Wave_1612",0.437188539936001
"Wave_1613",0.439299671213013
"Wave_1614",0.441410748742856
"Wave_1615",0.444537839200181
"Wave_1616",0.450051140487935
"Wave_1617",0.455564332878588
"Wave_1618",0.457906056032356
"Wave_1619",0.442864092071009
"Wave_1620",0.427822154919279
"Wave_1621",0.412780195565499
"Wave_1622",0.388579266553236
"Wave_1623",0.361064042729109
"Wave_1624",0.333548917339801
"Wave_1625",0.306033737834094
"Wave_1626",0.313898995456185
"Wave_1627",0.322656635884263
"Wave_1628",0.331414227679878
"Wave_1629",0.329042339159793
"Wave_1630",0.303887737983494
"Wave_1631",0.278733023311737
"Wave_1632",0.253578430617568
"Wave_1633",0.255535081593368
"Wave_1634",0.269148860401688
"Wave_1635",0.282762603911608
"Wave_1636",0.294242116161394
"Wave_1637",0.295389135237755
"Wave_1638",0.297522494208525
"Wave_1639",0.299655733844824
"Wave_1640",0.299228019001837
"Wave_1641",0.290516009047473
"Wave_1642",0.281804137154772
"Wave_1643",0.273092029507863
"Wave_1644",0.292630151229321
"Wave_1645",0.313299289154382
"Wave_1646",0.333968442741454
"Wave_1647",0.354045356063563
"Wave_1648",0.34029282534881
"Wave_1649",0.326540326521385
"Wave_1650",0.312787754876654
"Wave_1651",0.319910361143119
"Wave_1652",0.34467138805923
"Wave_1653",0.369432405073514
"Wave_1654",0.393386304751945
"Wave_1655",0.412336334376505
"Wave_1656",0.431851604282987
"Wave_1657",0.451366928277106
"Wave_1658",0.464215447639156
"Wave_1659",0.457031226976049
"Wave_1660",0.449847132759981
"Wave_1661",0.442662881869767
"Wave_1662",0.436408827199108
"Wave_1663",0.434005533546586
"Wave_1664",0.431602068528944
"Wave_1665",0.437855022118661
"Wave_1666",0.399707384001002
"Wave_1667",0.361559805724508
"Wave_1668",0.323412207393189
"Wave_1669",0.275791157183676
"Wave_1670",0.221679322920325
"Wave_1671",0.167567613104288
"Wave_1672",0.10917805565782
"Wave_1673",0.0233889328772262
"Wave_1674",-0.0596252338391557
"Wave_1675",-0.142639376115363
"Wave_1676",-0.223319172845522
"Wave_1677",-0.316886446607227
"Wave_1678",-0.410453735304144
"Wave_1679",-0.504021030082815
"Wave_1680",-0.547680096690078
"Wave_1681",-0.584763640463085
"Wave_1682",-0.621847252315365
"Wave_1683",-0.672002849943018
"Wave_1684",-0.736897128587053
"Wave_1685",-0.801791402503069
"Wave_1686",-0.866685600909056
"Wave_1687",-0.902505016059557
"Wave_1688",-0.92397943538943
"Wave_1689",-0.945453958961701
"Wave_1690",-0.964964050698502
"Wave_1691",-0.961468982369232
"Wave_1692",-0.956642310578912
"Wave_1693",-0.951815652341589
"Wave_1694",-0.943068318624555
"Wave_1695",-0.934651304781942
"Wave_1696",-0.926234409748471
"Wave_1697",-0.917817313574396
"Wave_1698",-0.874928432285326
"Wave_1699",-0.843313120422285
"Wave_1700",-0.811697843554252
"Wave_1701",-0.794051221772821
"Wave_1702",-0.795499032636367
"Wave_1703",-0.79694668024643
"Wave_1704",-0.798394587256989
"Wave_1705",-0.804300282011275
"Wave_1706",-0.801778186512537
"Wave_1707",-0.799256154323726
"Wave_1708",-0.786779989716677
"Wave_1709",-0.750119500782472
"Wave_1710",-0.717367088678695
"Wave_1711",-0.684614617010535
"Wave_1712",-0.685622928558036
"Wave_1713",-0.711319153753557
"Wave_1714",-0.737015317670762
"Wave_1715",-0.762207362503049
"Wave_1716",-0.787160303685526
"Wave_1717",-0.814978054723146
"Wave_1718",-0.842795897812848
"Wave_1719",-0.853086217519149
"Wave_1720",-0.843424003688402
"Wave_1721",-0.83376174605769
"Wave_1722",-0.824099574336844
"Wave_1723",-0.842927497661842
"Wave_1724",-0.870632024432097
"Wave_1725",-0.898336566306625
"Wave_1726",-0.93393289969697
"Wave_1727",-0.947952669980978
"Wave_1728",-0.958259483752289
"Wave_1729",-0.968566444030343
"Wave_1730",-0.95000419306623
"Wave_1731",-0.937049148236181
"Wave_1732",-0.924094134621682
"Wave_1733",-0.909563874454096
"Wave_1734",-0.877620898310888
"Wave_1735",-0.839790542555105
"Wave_1736",-0.801960212740928
"Wave_1737",-0.762048945800764
"Wave_1738",-0.736616479361051
"Wave_1739",-0.711184039620862
"Wave_1740",-0.678982859518969
"Wave_1741",-0.622383420629979
"Wave_1742",-0.567568325317355
"Wave_1743",-0.512753254080042
"Wave_1744",-0.437142479143318
"Wave_1745",-0.348227003894259
"Wave_1746",-0.259311601570342
"Wave_1747",-0.171328702709371
"Wave_1748",-0.0977953030317879
"Wave_1749",-0.0333455676614333
"Wave_1750",0.0311042576244772
"Wave_1751",0.0699674228667235
"Wave_1752",0.0954137406476145
"Wave_1753",0.123902494939274
"Wave_1754",0.152391241290792
"Wave_1755",0.21411485694344
"Wave_1756",0.264189442707307
"Wave_1757",0.314263985671468
"Wave_1758",0.354841500469807
"Wave_1759",0.399503009034897
"Wave_1760",0.452020083846529
"Wave_1761",0.504537217104056
"Wave_1762",0.580724690802652
"Wave_1763",0.670789741334418
"Wave_1764",0.760854768445344
"Wave_1765",0.842714377456254
"Wave_1766",0.908308337533328
"Wave_1767",0.975822765986238
"Wave_1768",1.04333711632772
"Wave_1769",1.08359566954707
"Wave_1770",1.12767103437946
"Wave_1771",1.17174642326773
"Wave_1772",1.2180232174061
"Wave_1773",1.26353736647537
"Wave_1774",1.29469952674852
"Wave_1775",1.32586172370468
"Wave_1776",1.29160689844388
"Wave_1777",1.2447413606451
"Wave_1778",1.19958973681791
"Wave_1779",1.16199812268311
"Wave_1780",1.15576038257634
"Wave_1781",1.15212153507525
"Wave_1782",1.14848261383136
"Wave_1783",1.13135501173626
"Wave_1784",1.11590022154912
"Wave_1785",1.10311161929931
"Wave_1786",1.09018447924362
"Wave_1787",1.0804671302162
"Wave_1788",1.08857597061299
"Wave_1789",1.09668486635955
"Wave_1790",1.08432474061441
"Wave_1791",1.04794582920428
"Wave_1792",1.00712150012781
"Wave_1793",0.965598017296939
"Wave_1794",0.921363955834362
"Wave_1795",0.909362465455997
"Wave_1796",0.897360976792766
"Wave_1797",0.902687534866906
"Wave_1798",0.915373599158077
"Wave_1799",0.921413925874638
"Wave_1800",0.927454359295432
"Wave_1801",0.897365646784432
"Wave_1802",0.887841933451991
"Wave_1803",0.878318256020693
"Wave_1804",0.885067446354487
"Wave_1805",0.90185656115982
"Wave_1806",0.912412654538886
"Wave_1807",0.922968692139357
"Wave_1808",0.874067517036191
"Wave_1809",0.828418218662822
"Wave_1810",0.783130283910303
"Wave_1811",0.761212986343696
"Wave_1812",0.77301604968832
"Wave_1813",0.782815567390171
"Wave_1814",0.792614953852464
"Wave_1815",0.799469598923133
"Wave_1816",0.790034479936679
"Wave_1817",0.776608603165363
"Wave_1818",0.765725802778271
"Wave_1819",0.760412957845676
"Wave_1820",0.759195546810342
"Wave_1821",0.757978130925536
"Wave_1822",0.756804375636606
"Wave_1823",0.757823388813085
"Wave_1824",0.759389382564011
"Wave_1825",0.763423272704447
"Wave_1826",0.765534913008074
"Wave_1827",0.745149619475525
"Wave_1828",0.724764258757395
"Wave_1829",0.738436656539876
"Wave_1830",0.717681293874443
"Wave_1831",0.680549415927123
"Wave_1832",0.650556869493877
"Wave_1833",0.635076910082347
"Wave_1834",0.634811076199698
"Wave_1835",0.634545176370817
"Wave_1836",0.677544911876567
"Wave_1837",0.689449537208489
"Wave_1838",0.677419205533083
"Wave_1839",0.667003995090671
"Wave_1840",0.656773166273453
"Wave_1841",0.626398993388554
"Wave_1842",0.59602483785903
"Wave_1843",0.671890908159802
"Wave_1844",0.716701793841696
"Wave_1845",0.732939601363696
"Wave_1846",0.751835448204072
"Wave_1847",0.770277263320911
"Wave_1848",0.748748790757816
"Wave_1849",0.727220303029727
"Wave_1850",0.793790750430226
"Wave_1851",0.822368802654841
"Wave_1852",0.803165581841766
"Wave_1853",0.832465534298115
"Wave_1854",0.934520463563061
"Wave_1855",0.957240045593296
"Wave_1856",0.979959648664279
"Wave_1857",0.999626787890415
"Wave_1858",0.973968395549229
"Wave_1859",0.9029841850916
"Wave_1860",0.89454210099246
"Wave_1861",0.948641932572108
"Wave_1862",0.90695694949686
"Wave_1863",0.865271927167307
"Wave_1864",0.960948760934181
"Wave_1865",0.992607023454252
"Wave_1866",0.928237065967723
"Wave_1867",0.966441475350669
"Wave_1868",1.10722017658945
"Wave_1869",1.17326363406431
"Wave_1870",1.23974972024657
"Wave_1871",1.3849555256985
"Wave_1872",1.49473686394027
"Wave_1873",1.55138151874677
"Wave_1874",1.58094152492815
"Wave_1875",1.59244510302739
"Wave_1876",1.57911222862979
"Wave_1877",1.55602894994414
"Wave_1878",1.47002800985845
"Wave_1879",1.39612024324484
"Wave_1880",1.34035219770098
"Wave_1881",1.25207912324465
"Wave_1882",1.14213619447368
"Wave_1883",1.09977237117683
"Wave_1884",1.04446488751001
"Wave_1885",0.907347311580841
"Wave_1886",0.814234429004757
"Wave_1887",0.787128546416947
"Wave_1888",0.64206925166678
"Wave_1889",0.446458515894354
"Wave_1890",0.383250434828212
"Wave_1891",0.307592264390023
"Wave_1892",0.123288026663916
"Wave_1893",0.00530767373160249
"Wave_1894",-0.0131868488432975
"Wave_1895",-0.181905536712173
"Wave_1896",-0.388180269601129
"Wave_1897",-0.460522219931517
"Wave_1898",-0.478102583454784
"Wave_1899",-0.402629216333643
"Wave_1900",-0.186144605454663
"Wave_1901",0.247093829334452
"Wave_1902",0.727464630652884
"Wave_1903",1.03342540055131
"Wave_1904",0.898965677371962
"Wave_1905",0.714310329912366
"Wave_1906",0.62888906252151
"Wave_1907",0.510994872154231
"Wave_1908",0.368443423301571
"Wave_1909",0.288906543106156
"Wave_1910",0.197151977326812
"Wave_1911",0.120727343552603
"Wave_1912",0.0728160882905829
"Wave_1913",-0.0243047400425942
"Wave_1914",-0.0822297248152793
"Wave_1915",-0.127218662920495
"Wave_1916",-0.177862408938721
"Wave_1917",-0.188640486216815
"Wave_1918",-0.256254695093575
"Wave_1919",-0.315608686671587
"Wave_1920",-0.350487652014682
"Wave_1921",-0.398215349414992
"Wave_1922",-0.437564665711839
"Wave_1923",-0.456036540107882
"Wave_1924",-0.469151707234864
"Wave_1925",-0.482019412609882
"Wave_1926",-0.517540342804717
"Wave_1927",-0.549921540433788
"Wave_1928",-0.580512714998602
"Wave_1929",-0.627257108924824
"Wave_1930",-0.655154908378392
"Wave_1931",-0.660418189716731
"Wave_1932",-0.664058071013152
"Wave_1933",-0.650922317818243
"Wave_1934",-0.641767020488744
"Wave_1935",-0.634059286969069
"Wave_1936",-0.640517968906927
"Wave_1937",-0.659540847891667
"Wave_1938",-0.671735058490549
"Wave_1939",-0.683515076009748
"Wave_1940",-0.696898708381228
"Wave_1941",-0.691239862806856
"Wave_1942",-0.677693928648989
"Wave_1943",-0.660944283419936
"Wave_1944",-0.63877434223418
"Wave_1945",-0.627696163634886
"Wave_1946",-0.622630715432438
"Wave_1947",-0.633974698122306
"Wave_1948",-0.647917844390521
"Wave_1949",-0.646725386761884
"Wave_1950",-0.649131947106184
"Wave_1951",-0.647570824127125
"Wave_1952",-0.634355697657054
"Wave_1953",-0.625357275741352
"Wave_1954",-0.627565818251825
"Wave_1955",-0.599753661049779
"Wave_1956",-0.567775725378633
"Wave_1957",-0.523984114468501
"Wave_1958",-0.505395589436422
"Wave_1959",-0.481106102537581
"Wave_1960",-0.470096156864013
"Wave_1961",-0.476807412226695
"Wave_1962",-0.487430337743838
"Wave_1963",-0.474122306839303
"Wave_1964",-0.460814274589103
"Wave_1965",-0.457318812251691
"Wave_1966",-0.468068506052928
"Wave_1967",-0.469790226555687
"Wave_1968",-0.462280596228334
"Wave_1969",-0.456618382130718
"Wave_1970",-0.447934275655659
"Wave_1971",-0.432780464914403
"Wave_1972",-0.418174030820777
"Wave_1973",-0.402559529929314
"Wave_1974",-0.378043372365452
"Wave_1975",-0.354798032051147
"Wave_1976",-0.347241458625588
"Wave_1977",-0.34328937969731
"Wave_1978",-0.333537287306892
"Wave_1979",-0.34819818439466
"Wave_1980",-0.362501745585389
"Wave_1981",-0.361150861339409
"Wave_1982",-0.350316599091716
"Wave_1983",-0.330354441620914
"Wave_1984",-0.295902471380182
"Wave_1985",-0.261450496547008
"Wave_1986",-0.246899365157643
"Wave_1987",-0.252458516521995
"Wave_1988",-0.25141897428742
"Wave_1989",-0.241169354219986
"Wave_1990",-0.233571233171325
"Wave_1991",-0.234901322702467
"Wave_1992",-0.24029827616481
"Wave_1993",-0.244858958445801
"Wave_1994",-0.235031593340829
"Wave_1995",-0.218342481445081
"Wave_1996",-0.202171044111452
"Wave_1997",-0.198464180303154
"Wave_1998",-0.196084741673181
"Wave_1999",-0.185097440074512
"Wave_2000",-0.183558450667995
"Wave_2001",-0.189752719145731
"Wave_2002",-0.187812230109044
"Wave_2003",-0.174652172177854
"Wave_2004",-0.149978027057972
"Wave_2005",-0.145335089954801
"Wave_2006",-0.141912655126459
"Wave_2007",-0.150157540633809
"Wave_2008",-0.159085246104011
"Wave_2009",-0.158292974532891
"Wave_2010",-0.15485607698954
"Wave_2011",-0.152205328162842
"Wave_2012",-0.15433434775329
"Wave_2013",-0.15185715928092
"Wave_2014",-0.158716793712731
"Wave_2015",-0.139383491947894
"Wave_2016",-0.108055482890014
"Wave_2017",-0.0688488952201749
"Wave_2018",-0.0705249871851847
"Wave_2019",-0.0740042519782129
"Wave_2020",-0.087700172370102
"Wave_2021",-0.0973881309754995
"Wave_2022",-0.106406005815604
"Wave_2023",-0.121403310933399
"Wave_2024",-0.136400616489925
"Wave_2025",-0.12226861401018
"Wave_2026",-0.101433955738019
"Wave_2027",-0.0880219049834994
"Wave_2028",-0.115645606058517
"Wave_2029",-0.149198389773756
"Wave_2030",-0.185092687760518
"Wave_2031",-0.202605309398593
"Wave_2032",-0.218099720491668
"Wave_2033",-0.239679294483937
"Wave_2034",-0.267326597338877
"Wave_2035",-0.286229371090118
"Wave_2036",-0.258786774883536
"Wave_2037",-0.231344173360886
"Wave_2038",-0.200161948302164
"Wave_2039",-0.171839501427949
"Wave_2040",-0.168223454452517
"Wave_2041",-0.216297947627574
"Wave_2042",-0.264372418629096
"Wave_2043",-0.288973245471201
"Wave_2044",-0.322417478479652
"Wave_2045",-0.359738857182606
"Wave_2046",-0.354767040982813
"Wave_2047",-0.344090768746348
"Wave_2048",-0.346590780556476
"Wave_2049",-0.358712244395556
"Wave_2050",-0.370413477387753
"Wave_2051",-0.398781933830931
"Wave_2052",-0.43501385009854
"Wave_2053",-0.44863551187797
"Wave_2054",-0.41207705476404
"Wave_2055",-0.378933380708819
"Wave_2056",-0.37136278368897
"Wave_2057",-0.360352057609652
"Wave_2058",-0.333779571284852
"Wave_2059",-0.312753187960392
"Wave_2060",-0.291726793306456
"Wave_2061",-0.247927031198019
"Wave_2062",-0.189416469890862
"Wave_2063",-0.133623344998812
"Wave_2064",-0.0663913814331079
"Wave_2065",0.000840596616663858
"Wave_2066",0.0453062745939131
"Wave_2067",0.0888934141252924
"Wave_2068",0.148841227759349
"Wave_2069",0.219672966077963
"Wave_2070",0.287472437911004
"Wave_2071",0.343314511611786
"Wave_2072",0.414944946282876
"Wave_2073",0.492726367433842
"Wave_2074",0.599394962297446
"Wave_2075",0.707134373929156
"Wave_2076",0.791458103275538
"Wave_2077",0.831378819991242
"Wave_2078",0.869372142510705
"Wave_2079",0.91117882951027
"Wave_2080",0.958275615829526
"Wave_2081",0.992463712120419
"Wave_2082",1.04079086586877
"Wave_2083",1.0976172285952
"Wave_2084",1.19705989478793
"Wave_2085",1.28198419556147
"Wave_2086",1.32708222229466
"Wave_2087",1.34962403817239
"Wave_2088",1.37216597039755
"Wave_2089",1.46996436358351
"Wave_2090",1.5593711809454
"Wave_2091",1.61214218263958
"Wave_2092",1.63875056421164
"Wave_2093",1.66535896237367
"Wave_2094",1.71166772403671
"Wave_2095",1.75887300735027
"Wave_2096",1.7944053793168
"Wave_2097",1.80463178175209
"Wave_2098",1.81485820693502
"Wave_2099",1.85984690796738
"Wave_2100",1.90684993519911
"Wave_2101",1.9521333878172
"Wave_2102",1.96617559310396
"Wave_2103",1.98021781008136
"Wave_2104",1.98103358532773
"Wave_2105",1.9790221783675
"Wave_2106",1.95246579803264
"Wave_2107",1.96921625441488
"Wave_2108",1.98596671753858
"Wave_2109",2.07040087785465
"Wave_2110",2.11238967285047
"Wave_2111",2.13021457110522
"Wave_2112",2.13450915342626
"Wave_2113",2.13880369737569
"Wave_2114",2.14153775339448
"Wave_2115",2.14615228795956
"Wave_2116",2.17781315062712
"Wave_2117",2.17089348624463
"Wave_2118",2.16397379812713
"Wave_2119",2.10858412016179
"Wave_2120",2.08165106451655
"Wave_2121",2.05226646360982
"Wave_2122",2.02565052453097
"Wave_2123",1.99903466788333
"Wave_2124",1.98448936313363
"Wave_2125",1.95660052907978
"Wave_2126",1.92276484893852
"Wave_2127",1.92557149048296
"Wave_2128",1.92837809804538
"Wave_2129",1.87100251775661
"Wave_2130",1.78865767223209
"Wave_2131",1.7293493656569
"Wave_2132",1.70976351354107
"Wave_2133",1.69017765383822
"Wave_2134",1.60169760377986
"Wave_2135",1.50738794579811
"Wave_2136",1.41516314933184
"Wave_2137",1.29802689042759
"Wave_2138",1.18089065368859
"Wave_2139",1.07254287238359
"Wave_2140",0.960646674804504
"Wave_2141",0.845863339976653
"Wave_2142",0.785288501694964
"Wave_2143",0.724713594226797
"Wave_2144",0.6700602823481
"Wave_2145",0.590540540287608
"Wave_2146",0.503282548628545
"Wave_2147",0.373679554196214
"Wave_2148",0.244076535997225
"Wave_2149",0.0902087094695307
"Wave_2150",-0.0412770489173546
"Wave_2151",-0.161852482291751
"Wave_2152",-0.272776695361742
"Wave_2153",-0.382114654602674
"Wave_2154",-0.516639023645804
"Wave_2155",-0.661029129283664
"Wave_2156",-0.784796708155769
"Wave_2157",-0.897371734770578
"Wave_2158",-1.01704745976857
"Wave_2159",-1.12382447725585
"Wave_2160",-1.22206744431038
"Wave_2161",-1.33039725774154
"Wave_2162",-1.44641039257202
"Wave_2163",-1.54760009431259
"Wave_2164",-1.65971018515123
"Wave_2165",-1.77182025732666
"Wave_2166",-1.8860890901308
"Wave_2167",-1.98546406901678
"Wave_2168",-2.09043028789449
"Wave_2169",-2.1882625241579
"Wave_2170",-2.28609476882235
"Wave_2171",-2.3459502182698
"Wave_2172",-2.38222917898448
"Wave_2173",-2.40436879430575
"Wave_2174",-2.47817333380218
"Wave_2175",-2.55197780599674
"Wave_2176",-2.6389752833139
"Wave_2177",-2.69723294912085
"Wave_2178",-2.71791556988113
"Wave_2179",-2.66066400120046
"Wave_2180",-2.60341246404721
"Wave_2181",-2.59906898643832
"Wave_2182",-2.60907022266521
"Wave_2183",-2.62225645384025
"Wave_2184",-2.60566722391587
"Wave_2185",-2.58169760014378
"Wave_2186",-2.59847195619547
"Wave_2187",-2.61524649531858
"Wave_2188",-2.60236930953722
"Wave_2189",-2.56142467537802
"Wave_2190",-2.524638242626
"Wave_2191",-2.5420548641302
"Wave_2192",-2.55947147487608
"Wave_2193",-2.55282545224768
"Wave_2194",-2.53889712094093
"Wave_2195",-2.50923544706862
"Wave_2196",-2.445670011383
"Wave_2197",-2.38210470604752
"Wave_2198",-2.33958584151183
"Wave_2199",-2.28455027835129
"Wave_2200",-2.22326659326954
"Wave_2201",-2.19403826732503
"Wave_2202",-2.16815639288185
"Wave_2203",-2.12691647048791
"Wave_2204",-2.08567666464393
"Wave_2205",-2.05531395728234
"Wave_2206",-2.03439654399764
"Wave_2207",-2.02507329130007
"Wave_2208",-2.03539615520711
"Wave_2209",-2.04571899438436
"Wave_2210",-2.06674156703114
"Wave_2211",-2.08958420632068
"Wave_2212",-2.08799813701516
"Wave_2213",-2.06576825883682
"Wave_2214",-2.04458568140457
"Wave_2215",-2.03235251296597
"Wave_2216",-2.02006627739438
"Wave_2217",-1.98671774478892
"Wave_2218",-1.92928785253123
"Wave_2219",-1.87398249337665
"Wave_2220",-1.81630833103853
"Wave_2221",-1.75863427568518
"Wave_2222",-1.70224128705848
"Wave_2223",-1.64505463233856
"Wave_2224",-1.57468276780389
"Wave_2225",-1.49452294750515
"Wave_2226",-1.41436309269356
"Wave_2227",-1.4034317282131
"Wave_2228",-1.39390100141574
"Wave_2229",-1.40326864059697
"Wave_2230",-1.42369407494537
"Wave_2231",-1.43743737176562
"Wave_2232",-1.41476821390531
"Wave_2233",-1.39209899478329
"Wave_2234",-1.39400981614776
"Wave_2235",-1.40206569303275
"Wave_2236",-1.39162355768794
"Wave_2237",-1.3534343969021
"Wave_2238",-1.32230898559584
"Wave_2239",-1.3314990487113
"Wave_2240",-1.34068923135106
"Wave_2241",-1.34537490673243
"Wave_2242",-1.349379583494
"Wave_2243",-1.34420974642948
"Wave_2244",-1.31083255186094
"Wave_2245",-1.27745537749192
"Wave_2246",-1.24357542211443
"Wave_2247",-1.20419223542268
"Wave_2248",-1.18135633835629
"Wave_2249",-1.18333325689751
"Wave_2250",-1.18250478011918
"Wave_2251",-1.15642773706891
"Wave_2252",-1.13035070859065
"Wave_2253",-1.10365446203607
"Wave_2254",-1.07764559235195
"Wave_2255",-1.0579071891418
"Wave_2256",-1.01852195910521
"Wave_2257",-0.979136662082568
"Wave_2258",-0.965932030628579
"Wave_2259",-0.952727407854963
"Wave_2260",-0.949439445592708
"Wave_2261",-0.95276267819521
"Wave_2262",-0.929865448186717
"Wave_2263",-0.83291343343116
"Wave_2264",-0.73596141617675
"Wave_2265",-0.724159114057636
"Wave_2266",-0.721817985826096
"Wave_2267",-0.698110739236862
"Wave_2268",-0.659115899894052
"Wave_2269",-0.611590364011838
"Wave_2270",-0.529941850577921
"Wave_2271",-0.448293324694933
"Wave_2272",-0.388728637187182
"Wave_2273",-0.334684974958055
"Wave_2274",-0.27065355822164
"Wave_2275",-0.196634404422614
"Wave_2276",-0.127279915593366
"Wave_2277",-0.0999078596047566
"Wave_2278",-0.0725357292522488
"Wave_2279",-0.0313856645287203
"Wave_2280",0.0132089640037292
"Wave_2281",0.0524600166595286
"Wave_2282",0.0836956941954825
"Wave_2283",0.112083357642025
"Wave_2284",0.114839234765065
"Wave_2285",0.117595016784109
"Wave_2286",0.0964185853356352
"Wave_2287",0.0696657195561785
"Wave_2288",0.0406997986665675
"Wave_2289",0.00841427627732633
"Wave_2290",-0.0170986748262029
"Wave_2291",0.0183418514640619
"Wave_2292",0.053782363419055
"Wave_2293",0.112263177319657
"Wave_2294",0.180618328778862
"Wave_2295",0.240414906370217
"Wave_2296",0.287373540418609
"Wave_2297",0.33314860208934
"Wave_2298",0.368272007051687
"Wave_2299",0.403395427187676
"Wave_2300",0.4522816039452
"Wave_2301",0.507066105625519
"Wave_2302",0.553181788801589
"Wave_2303",0.586294148233887
"Wave_2304",0.623082491665125
"Wave_2305",0.692954073555633
"Wave_2306",0.762825629732185
"Wave_2307",0.841002161277183
"Wave_2308",0.921254919867603
"Wave_2309",1.0127551535509
"Wave_2310",1.12112641300992
"Wave_2311",1.21709080132456
"Wave_2312",1.20139296502705
"Wave_2313",1.18569519305034
"Wave_2314",1.14836156010897
"Wave_2315",1.10561884053744
"Wave_2316",1.05512880248968
"Wave_2317",0.996891277800791
"Wave_2318",0.951267168178918
"Wave_2319",0.956096241259698
"Wave_2320",0.960925295380463
"Wave_2321",0.948047067164096
"Wave_2322",0.933201496725163
"Wave_2323",0.930649383077305
"Wave_2324",0.936293058111147
"Wave_2325",0.93637797144948
"Wave_2326",0.923492327353292
"Wave_2327",0.910606702384399
"Wave_2328",0.852595822758733
"Wave_2329",0.794584946495547
"Wave_2330",0.73322647235993
"Wave_2331",0.670433295244488
"Wave_2332",0.637485307942484
"Wave_2333",0.649304927235292
"Wave_2334",0.656344000039796
"Wave_2335",0.620356937799847
"Wave_2336",0.5843698655285
"Wave_2337",0.527451359043046
"Wave_2338",0.465299978841396
"Wave_2339",0.405337222550655
"Wave_2340",0.347563102473722
"Wave_2341",0.293714066623761
"Wave_2342",0.255565390748152
"Wave_2343",0.217416703243533
"Wave_2344",0.215335200734011
"Wave_2345",0.217261113022807
"Wave_2346",0.230595473365861
"Wave_2347",0.25275333818458
"Wave_2348",0.261907043109425
"Wave_2349",0.25829006545594
"Wave_2350",0.253700416810125
"Wave_2351",0.24035658499545
"Wave_2352",0.227012783504085
"Wave_2353",0.285526880646188
"Wave_2354",0.362005476383195
"Wave_2355",0.402048402795938
"Wave_2356",0.421912211166263
"Wave_2357",0.433226641737936
"Wave_2358",0.415819912790374
"Wave_2359",0.398413140048928
"Wave_2360",0.341615002832265
"Wave_2361",0.284816865666805
"Wave_2362",0.129273639132615
"Wave_2363",-0.0473692922067451
"Wave_2364",-0.118802852089115
"Wave_2365",-0.0929926429613452
"Wave_2366",-0.0652853464810091
"Wave_2367",-0.0299897980053185
"Wave_2368",0.00530578329551377
"Wave_2369",0.0239737244355424
"Wave_2370",0.0474218872465604
"Wave_2371",0.0436766031429711
"Wave_2372",0.0282769770387439
"Wave_2373",0.0665943587140468
"Wave_2374",0.18548728124392
"Wave_2375",0.300901638970155
"Wave_2376",0.309078534240287
"Wave_2377",0.317255409950585
"Wave_2378",0.318567243144275
"Wave_2379",0.31911630595685
"Wave_2380",0.317893492462606
"Wave_2381",0.311687091764228
"Wave_2382",0.290787576355038
"Wave_2383",0.247848403209307
"Wave_2384",0.202151440676922
"Wave_2385",0.145423159613698
"Wave_2386",0.088694873966629
"Wave_2387",0.187743728037371
"Wave_2388",0.286590700294558
"Wave_2389",0.312426632317997
"Wave_2390",0.306972117275034
"Wave_2391",0.242612596492803
"Wave_2392",0.131528881282325
"Wave_2393",0.0697656773931087
"Wave_2394",0.0806001276997041
"Wave_2395",0.0914345832688797
"Wave_2396",0.152368603488649
"Wave_2397",0.213302609152358
"Wave_2398",0.248153311789053
"Wave_2399",0.283271461945017
"Wave_2400",0.267586912652484
