"","fructose_umol_m2.10.comps"
"(Intercept)",6.87194967052724
"Wave_500",-1.01074631746615
"Wave_501",-0.773552297493566
"Wave_502",-0.780615891150063
"Wave_503",-0.705482698468853
"Wave_504",-0.736258435861566
"Wave_505",-0.718642217931784
"Wave_506",-0.617140807306645
"Wave_507",-0.383926988763333
"Wave_508",-0.192934699673088
"Wave_509",-0.158708504408916
"Wave_510",0.13748217008285
"Wave_511",0.156314436063628
"Wave_512",-0.134952428520119
"Wave_513",-0.233645808725785
"Wave_514",-0.503096118887384
"Wave_515",-0.610394535032944
"Wave_516",-0.62998786563359
"Wave_517",-0.479615183759424
"Wave_518",-0.392294458667065
"Wave_519",-0.313554596891885
"Wave_520",-0.591972247214692
"Wave_521",-0.593790819494588
"Wave_522",-0.501587636093454
"Wave_523",-0.533852993544411
"Wave_524",-0.619908371784211
"Wave_525",-0.423428471350267
"Wave_526",-0.275572500485095
"Wave_527",-0.465708807136278
"Wave_528",-0.332440052688638
"Wave_529",-0.0735961287040807
"Wave_530",0.0830596137331178
"Wave_531",0.163581626340543
"Wave_532",0.0830759436672135
"Wave_533",0.0446300769810789
"Wave_534",0.0322789923351157
"Wave_535",0.199714498337521
"Wave_536",0.496271827759424
"Wave_537",0.40090712056567
"Wave_538",0.400739590450583
"Wave_539",0.474607850993458
"Wave_540",0.584533277144825
"Wave_541",0.351078667683309
"Wave_542",0.379133471441893
"Wave_543",0.566894009377412
"Wave_544",0.491082462873228
"Wave_545",0.420944038683238
"Wave_546",0.190123665840399
"Wave_547",0.232144888029029
"Wave_548",0.0164160449196739
"Wave_549",-0.130399374621137
"Wave_550",0.0955484520600015
"Wave_551",0.2730117576754
"Wave_552",0.549432667429217
"Wave_553",0.722967220447295
"Wave_554",0.499467206430695
"Wave_555",0.330693614877017
"Wave_556",0.377068380585606
"Wave_557",0.400728783597508
"Wave_558",0.257318048333054
"Wave_559",0.163286260731027
"Wave_560",0.1022707245564
"Wave_561",-0.052635300497167
"Wave_562",-0.152288051998503
"Wave_563",-0.16803895296312
"Wave_564",-0.267962991868861
"Wave_565",-0.369763103737535
"Wave_566",-0.407739329804985
"Wave_567",-0.527941629652466
"Wave_568",-0.56189456554965
"Wave_569",-0.634254430711364
"Wave_570",-0.756630326981614
"Wave_571",-0.75926533830106
"Wave_572",-0.776778455630053
"Wave_573",-0.787339690134615
"Wave_574",-0.795208657537009
"Wave_575",-0.757433603485752
"Wave_576",-0.765697718641602
"Wave_577",-0.79736620455467
"Wave_578",-0.768784864039066
"Wave_579",-0.727215420109842
"Wave_580",-0.578855582699467
"Wave_581",-0.499695162106556
"Wave_582",-0.552923256413578
"Wave_583",-0.442491045536108
"Wave_584",-0.386940873656341
"Wave_585",-0.351307076270278
"Wave_586",-0.209832672491872
"Wave_587",-0.220181182463925
"Wave_588",-0.166349541319311
"Wave_589",0.0698510320868777
"Wave_590",0.254142764439452
"Wave_591",0.300484008764272
"Wave_592",0.411416922574499
"Wave_593",0.668120579689929
"Wave_594",0.579804259288525
"Wave_595",0.647817253454642
"Wave_596",0.884071244210989
"Wave_597",0.978835583816503
"Wave_598",1.08766420680043
"Wave_599",1.2336032650272
"Wave_600",1.47610873252625
"Wave_601",1.54409473090022
"Wave_602",1.56101025092849
"Wave_603",1.47708919409873
"Wave_604",1.49509083323983
"Wave_605",1.51128948484435
"Wave_606",1.58549948631505
"Wave_607",1.59802972741837
"Wave_608",1.6283229079425
"Wave_609",1.57213551840814
"Wave_610",1.43058018688821
"Wave_611",1.34635427598747
"Wave_612",1.34600661060546
"Wave_613",1.28241375311175
"Wave_614",1.20388014905294
"Wave_615",1.187603490266
"Wave_616",1.23135800539153
"Wave_617",1.07517653231201
"Wave_618",1.0045684120393
"Wave_619",1.23780653188481
"Wave_620",1.25486302818468
"Wave_621",1.19179157450481
"Wave_622",1.31681237573927
"Wave_623",1.27548623535235
"Wave_624",1.10719921197109
"Wave_625",1.02397377760582
"Wave_626",1.07139499977781
"Wave_627",1.1634824454637
"Wave_628",1.2685302723347
"Wave_629",1.30084018896435
"Wave_630",1.34961462529696
"Wave_631",1.2797381616688
"Wave_632",1.24304301890902
"Wave_633",1.31821376156738
"Wave_634",1.36953703972702
"Wave_635",1.59343946840903
"Wave_636",1.85668064944006
"Wave_637",2.00902198787481
"Wave_638",2.12007982237719
"Wave_639",2.3089697148659
"Wave_640",2.5698562715858
"Wave_641",2.74296073981081
"Wave_642",2.93876154316298
"Wave_643",3.20412725077355
"Wave_644",3.38380663114445
"Wave_645",3.43900614678516
"Wave_646",3.43039798943783
"Wave_647",3.42502443043257
"Wave_648",3.46540513215137
"Wave_649",3.34124394908138
"Wave_650",3.22588398552016
"Wave_651",3.0845210792585
"Wave_652",2.99794752499856
"Wave_653",2.80782733514912
"Wave_654",2.63650545707907
"Wave_655",2.50549412372575
"Wave_656",2.2885958971863
"Wave_657",2.08453803762671
"Wave_658",1.78613821040404
"Wave_659",1.554060617752
"Wave_660",1.23916612590469
"Wave_661",0.89507013756683
"Wave_662",0.526061455338417
"Wave_663",0.320976567057113
"Wave_664",-0.0706757302737868
"Wave_665",-0.440313226800684
"Wave_666",-0.81257664601655
"Wave_667",-1.33954111066269
"Wave_668",-1.7547059328624
"Wave_669",-2.1268933307187
"Wave_670",-2.42241448989733
"Wave_671",-2.73540879379477
"Wave_672",-2.92745820061397
"Wave_673",-3.1209902652288
"Wave_674",-3.4332354630418
"Wave_675",-3.85235086520414
"Wave_676",-4.12282025120465
"Wave_677",-4.43577008537397
"Wave_678",-4.70996486409582
"Wave_679",-4.72130642052243
"Wave_680",-4.78112968009196
"Wave_681",-4.87596887367583
"Wave_682",-4.86523269471764
"Wave_683",-4.61824822265294
"Wave_684",-4.40277891466834
"Wave_685",-4.09317672061054
"Wave_686",-3.71348436272465
"Wave_687",-3.3842647471152
"Wave_688",-2.88143295794206
"Wave_689",-2.32175433775358
"Wave_690",-2.19261734852073
"Wave_691",-2.35141313063644
"Wave_692",-2.30229410008636
"Wave_693",-2.44350206414901
"Wave_694",-2.7771684351559
"Wave_695",-2.87228099577421
"Wave_696",-3.24446270487484
"Wave_697",-3.72053417196329
"Wave_698",-4.00751494879964
"Wave_699",-4.09212852712322
"Wave_700",-4.30013243848623
"Wave_701",-4.19638587454116
"Wave_702",-4.23552858444762
"Wave_703",-4.05469112385845
"Wave_704",-3.99689688253458
"Wave_705",-3.57583785606786
"Wave_706",-3.12119199286087
"Wave_707",-2.69585564865217
"Wave_708",-2.39695319422214
"Wave_709",-1.80512744976574
"Wave_710",-1.16965514086952
"Wave_711",-0.657909386326338
"Wave_712",-0.33926821624182
"Wave_713",0.162389157503061
"Wave_714",0.710286134845185
"Wave_715",1.04585902628823
"Wave_716",1.34989896346798
"Wave_717",1.64070071890466
"Wave_718",1.84899169147273
"Wave_719",1.94667839754957
"Wave_720",2.02307232432897
"Wave_721",2.0920231478686
"Wave_722",2.08300276442116
"Wave_723",2.0776278758254
"Wave_724",1.93610840544375
"Wave_725",1.73541443180201
"Wave_726",1.68184044667445
"Wave_727",1.52845331544893
"Wave_728",1.51941376285032
"Wave_729",1.34114930603668
"Wave_730",1.13873276316022
"Wave_731",0.877796737348791
"Wave_732",0.525428752610614
"Wave_733",0.262718315113381
"Wave_734",0.235247067084737
"Wave_735",0.275143230431997
"Wave_736",0.303317584129298
"Wave_737",0.303292908830877
"Wave_738",-0.0905328037052446
"Wave_739",-0.377681030438943
"Wave_740",-0.267554256250972
"Wave_741",-0.29020213352659
"Wave_742",-0.323977306436068
"Wave_743",-0.531006382053723
"Wave_744",-0.546613523146644
"Wave_745",-0.51276149698284
"Wave_746",-0.423154650493682
"Wave_747",-0.336875895955874
"Wave_748",-0.201243749176801
"Wave_749",-0.0309858570376927
"Wave_750",0.134890953241997
"Wave_751",0.0299558452391667
"Wave_752",0.0026741262967791
"Wave_753",-0.166860604443876
"Wave_754",-0.12660644440935
"Wave_755",0.017740499426073
"Wave_756",0.00616395954275734
"Wave_757",-0.000403144933540545
"Wave_758",0.154574982149907
"Wave_759",0.160650877263595
"Wave_760",0.0835804229654504
"Wave_761",0.268264619039498
"Wave_762",0.352692146660976
"Wave_763",0.438970865695421
"Wave_764",0.618680394363515
"Wave_765",0.755297345860767
"Wave_766",0.920368301335062
"Wave_767",1.06398703420719
"Wave_768",1.02423423662005
"Wave_769",0.902302777896341
"Wave_770",1.00712280465783
"Wave_771",1.14268604941567
"Wave_772",1.27238112104924
"Wave_773",1.45384111314237
"Wave_774",1.36227804992402
"Wave_775",1.60852459159317
"Wave_776",1.78262668694299
"Wave_777",1.7755157403923
"Wave_778",1.81232825294594
"Wave_779",1.57483890356416
"Wave_780",1.46094583363037
"Wave_781",1.77748385746451
"Wave_782",1.88657722441281
"Wave_783",1.83012872779334
"Wave_784",2.00931726670047
"Wave_785",1.82498159583898
"Wave_786",1.83756981707437
"Wave_787",1.90417534991219
"Wave_788",1.99399352650637
"Wave_789",1.80647240490261
"Wave_790",1.5683536075068
"Wave_791",1.74867008738057
"Wave_792",1.99272897601866
"Wave_793",2.02664288661015
"Wave_794",2.02257686702908
"Wave_795",1.91541551169872
"Wave_796",1.9505118772453
"Wave_797",1.86149422074086
"Wave_798",1.8355168503251
"Wave_799",1.75531949377849
"Wave_800",1.70110089267195
"Wave_801",1.96444009420561
"Wave_802",1.86888915319457
"Wave_803",1.85981253558735
"Wave_804",2.11361524382438
"Wave_805",1.83015686886309
"Wave_806",2.08397240167054
"Wave_807",2.00958523926
"Wave_808",1.94189628948346
"Wave_809",1.93169740799507
"Wave_810",1.5894085293072
"Wave_811",1.67399074223485
"Wave_812",1.75690725539081
"Wave_813",1.97651245325913
"Wave_814",1.86690196470525
"Wave_815",1.71524936566721
"Wave_816",1.74622702052826
"Wave_817",1.53129588061451
"Wave_818",1.44959143642395
"Wave_819",1.21688719317442
"Wave_820",1.62133129787112
"Wave_821",1.38272722026385
"Wave_822",1.3427015529733
"Wave_823",1.37191319611147
"Wave_824",1.28129643540517
"Wave_825",1.24092759513857
"Wave_826",1.35900425777662
"Wave_827",1.2661748684352
"Wave_828",1.02062414950525
"Wave_829",1.02787614199359
"Wave_830",1.04411650445508
"Wave_831",1.12057098916326
"Wave_832",1.15637988528391
"Wave_833",1.05184258192561
"Wave_834",0.631167896388246
"Wave_835",0.451628633148972
"Wave_836",0.651158808487344
"Wave_837",0.852195849642063
"Wave_838",1.05504443026774
"Wave_839",0.828556316689421
"Wave_840",0.426625482733026
"Wave_841",0.558885296071825
"Wave_842",0.398917781301978
"Wave_843",0.47173437438223
"Wave_844",0.441562651044828
"Wave_845",0.56547629082865
"Wave_846",0.44458025929061
"Wave_847",0.501461280241087
"Wave_848",0.267381732946517
"Wave_849",-0.0417761212224752
"Wave_850",-0.0888869062630188
"Wave_851",-0.030025098365331
"Wave_852",0.112468886847942
"Wave_853",0.113867700136926
"Wave_854",0.362975275764193
"Wave_855",0.139498535963126
"Wave_856",0.167123743388105
"Wave_857",0.042696185818994
"Wave_858",-0.279537270024814
"Wave_859",-0.0757713527315598
"Wave_860",0.272227566458982
"Wave_861",0.375330788989179
"Wave_862",0.0607544156287445
"Wave_863",-0.0185855796009049
"Wave_864",-0.0503936637722591
"Wave_865",-0.0415506895934748
"Wave_866",0.0295631079377055
"Wave_867",-0.0318079601413251
"Wave_868",0.0548072458171162
"Wave_869",0.00433066273448615
"Wave_870",0.228903606256418
"Wave_871",0.214634751589289
"Wave_872",0.313225020870625
"Wave_873",-0.145308757952631
"Wave_874",-0.310783234740433
"Wave_875",-0.265014788715205
"Wave_876",-0.0541321644229768
"Wave_877",-0.327841578968964
"Wave_878",-0.188307746304095
"Wave_879",-0.668013921046686
"Wave_880",-0.606053981447173
"Wave_881",-0.31902568830224
"Wave_882",-0.082964957253636
"Wave_883",0.373856113105356
"Wave_884",-0.801327174941981
"Wave_885",-0.577606867270013
"Wave_886",-0.614622235919705
"Wave_887",-0.502369084644111
"Wave_888",-0.285057100575067
"Wave_889",-0.730455757418927
"Wave_890",-0.734118364855271
"Wave_891",-0.85224647694266
"Wave_892",-0.88103831668956
"Wave_893",-0.83262736629303
"Wave_894",-0.697623330632989
"Wave_895",-0.819559955281455
"Wave_896",-0.802399253827771
"Wave_897",-0.415822044328172
"Wave_898",-0.250524564532575
"Wave_899",-0.637716313521367
"Wave_900",-1.12027006074083
"Wave_901",-0.660769951460459
"Wave_902",-0.559477366292865
"Wave_903",-0.584151339609084
"Wave_904",-0.593021286314356
"Wave_905",-0.386664843882281
"Wave_906",-0.533965618392711
"Wave_907",-1.51747354591718
"Wave_908",-2.05249458601857
"Wave_909",-1.3849795447681
"Wave_910",-1.35640426677326
"Wave_911",-1.17983113023093
"Wave_912",-1.04232213886067
"Wave_913",-1.24071182701641
"Wave_914",-1.26108208072299
"Wave_915",-0.984691264136135
"Wave_916",-0.756824525304554
"Wave_917",-0.523136868018037
"Wave_918",-0.936758831983418
"Wave_919",-1.43216880980377
"Wave_920",-0.811515990152641
"Wave_921",-1.04966064937869
"Wave_922",-1.09956925172315
"Wave_923",-1.50702315568058
"Wave_924",-1.95336906778316
"Wave_925",-1.68594529350413
"Wave_926",-1.2009348478813
"Wave_927",-1.53530898452789
"Wave_928",-1.5026857611482
"Wave_929",-1.11096321430282
"Wave_930",-0.732533478204184
"Wave_931",-1.17283281053591
"Wave_932",-1.32869513479518
"Wave_933",-0.934276792112887
"Wave_934",-1.87968553717054
"Wave_935",-1.94184023239549
"Wave_936",-1.64665648257988
"Wave_937",-1.56380404641795
"Wave_938",-1.12808911317629
"Wave_939",-0.719341271741209
"Wave_940",-0.879223108702908
"Wave_941",-1.81888531370138
"Wave_942",-2.47778270879228
"Wave_943",-1.6057358836695
"Wave_944",-1.29573941856779
"Wave_945",-1.28789416396524
"Wave_946",-1.52174900016372
"Wave_947",-1.9372526594571
"Wave_948",-2.61879377697824
"Wave_949",-2.32958451753877
"Wave_950",-1.77314088316322
"Wave_951",-2.0754651112132
"Wave_952",-1.91048791085393
"Wave_953",-1.95352228939378
"Wave_954",-2.69234003675891
"Wave_955",-2.79786439107901
"Wave_956",-2.68840607911956
"Wave_957",-2.46209739768224
"Wave_958",-1.36975636793071
"Wave_959",-2.02604493243621
"Wave_960",-2.92214518144271
"Wave_961",-3.07876796444532
"Wave_962",-3.1040455202423
"Wave_963",-1.70877242102965
"Wave_964",-2.08496150291847
"Wave_965",-1.99278494284035
"Wave_966",-2.41338256349122
"Wave_967",-2.44838139754549
"Wave_968",-2.25553559422415
"Wave_969",-3.49404090724008
"Wave_970",-2.60723092975449
"Wave_971",-2.81934168775996
"Wave_972",-2.61273746035165
"Wave_973",-2.79849360737876
"Wave_974",-2.98424990686273
"Wave_975",-3.14845851302903
"Wave_976",-3.25672805989572
"Wave_977",-3.28916947752703
"Wave_978",-3.32161079146419
"Wave_979",-3.29900200839181
"Wave_980",-3.32103073580661
"Wave_981",-3.37689548091623
"Wave_982",-3.40594258969696
"Wave_983",-3.19363190474742
"Wave_984",-2.8783914118256
"Wave_985",-2.53741838737567
"Wave_986",-2.22664294356133
"Wave_987",-2.03665672389762
"Wave_988",-1.97333604060569
"Wave_989",-1.91001546390705
"Wave_990",-1.84565468104365
"Wave_991",-1.79100063062402
"Wave_992",-1.78141548103663
"Wave_993",-1.77183039652995
"Wave_994",-1.69226117944325
"Wave_995",-1.59108494153898
"Wave_996",-1.54835710481969
"Wave_997",-1.50562908141472
"Wave_998",-1.55332115313963
"Wave_999",-1.66183144535828
"Wave_1000",-1.7924086315357
"Wave_1001",-1.92298579247618
"Wave_1002",-1.84500851769607
"Wave_1003",-1.65787691477038
"Wave_1004",-1.43389594193726
"Wave_1005",-1.20515077372282
"Wave_1006",-0.933526746631106
"Wave_1007",-0.712910890193251
"Wave_1008",-0.497962876729621
"Wave_1009",-0.292749179483064
"Wave_1010",-0.122937887541091
"Wave_1011",0.0786924438763856
"Wave_1012",0.280322780505617
"Wave_1013",0.414885922514719
"Wave_1014",0.447142196476362
"Wave_1015",0.475418384636673
"Wave_1016",0.503694437615178
"Wave_1017",0.49931799627662
"Wave_1018",0.516108218703294
"Wave_1019",0.575833492239877
"Wave_1020",0.635558748879925
"Wave_1021",0.697305204532664
"Wave_1022",0.739277389373403
"Wave_1023",0.772403671916591
"Wave_1024",0.805530032107521
"Wave_1025",0.807273296881804
"Wave_1026",0.817227078549853
"Wave_1027",0.828480604570021
"Wave_1028",0.833815635329912
"Wave_1029",0.789641288850963
"Wave_1030",0.779275655319341
"Wave_1031",0.768910078265756
"Wave_1032",0.75178585347589
"Wave_1033",0.723164228103481
"Wave_1034",0.730796451729999
"Wave_1035",0.738428620636472
"Wave_1036",0.778576273423181
"Wave_1037",0.819498412773928
"Wave_1038",0.812421391288421
"Wave_1039",0.805344541170108
"Wave_1040",0.763833246761494
"Wave_1041",0.733189489332162
"Wave_1042",0.717041571068154
"Wave_1043",0.700893686579604
"Wave_1044",0.700477687071168
"Wave_1045",0.712680415586029
"Wave_1046",0.725848284802164
"Wave_1047",0.739016225785584
"Wave_1048",0.748534833894209
"Wave_1049",0.760919567569117
"Wave_1050",0.77330421637929
"Wave_1051",0.785954688194013
"Wave_1052",0.798808025182979
"Wave_1053",0.806553256036418
"Wave_1054",0.814298465909493
"Wave_1055",0.825006011138402
"Wave_1056",0.849782655875326
"Wave_1057",0.881715883676221
"Wave_1058",0.91364905507387
"Wave_1059",0.9192475462536
"Wave_1060",0.904756487414114
"Wave_1061",0.892941922164205
"Wave_1062",0.881127274754439
"Wave_1063",0.905739318426494
"Wave_1064",0.930650623756457
"Wave_1065",0.953860594124115
"Wave_1066",0.977070531181057
"Wave_1067",0.95954824311169
"Wave_1068",0.939337016637923
"Wave_1069",0.919125777191914
"Wave_1070",0.898914588160249
"Wave_1071",0.878115556025958
"Wave_1072",0.852422638906284
"Wave_1073",0.826729736574286
"Wave_1074",0.800670350933163
"Wave_1075",0.810046660648779
"Wave_1076",0.856324552716333
"Wave_1077",0.902602464152017
"Wave_1078",0.97029169284735
"Wave_1079",1.01151724321867
"Wave_1080",1.0276368597296
"Wave_1081",1.04375644012912
"Wave_1082",1.04086597500029
"Wave_1083",1.06720601932877
"Wave_1084",1.09820213088972
"Wave_1085",1.12919819764175
"Wave_1086",1.10811620653343
"Wave_1087",1.09003815559399
"Wave_1088",1.07196007882008
"Wave_1089",1.05388198853946
"Wave_1090",1.08287827598529
"Wave_1091",1.05868868777773
"Wave_1092",1.03449915071257
"Wave_1093",0.996815773985602
"Wave_1094",0.949382478548637
"Wave_1095",0.931432775020404
"Wave_1096",0.91348308289805
"Wave_1097",0.896253489967827
"Wave_1098",0.893528000149387
"Wave_1099",0.894008486096879
"Wave_1100",0.894488994933244
"Wave_1101",0.883295995204383
"Wave_1102",0.860255191903572
"Wave_1103",0.837214332463237
"Wave_1104",0.814173472866451
"Wave_1105",0.819778180157066
"Wave_1106",0.824223864828849
"Wave_1107",0.828669710991078
"Wave_1108",0.833115360785855
"Wave_1109",0.828690619538417
"Wave_1110",0.842529532633249
"Wave_1111",0.856368371415784
"Wave_1112",0.867847441108427
"Wave_1113",0.86973346240009
"Wave_1114",0.879382794502501
"Wave_1115",0.889032335761263
"Wave_1116",0.904051517320601
"Wave_1117",0.872209958237447
"Wave_1118",0.825520586851749
"Wave_1119",0.77883133262222
"Wave_1120",0.729002572451416
"Wave_1121",0.746171523063561
"Wave_1122",0.76334046770165
"Wave_1123",0.780509387023644
"Wave_1124",0.779783672686773
"Wave_1125",0.792250206712639
"Wave_1126",0.804716733699453
"Wave_1127",0.817183279259725
"Wave_1128",0.817275915623654
"Wave_1129",0.829614943572583
"Wave_1130",0.841954010476643
"Wave_1131",0.844495217414656
"Wave_1132",0.824929517287559
"Wave_1133",0.833681019081452
"Wave_1134",0.842432389880071
"Wave_1135",0.838369923496297
"Wave_1136",0.816136270009646
"Wave_1137",0.795205735835442
"Wave_1138",0.774275212853211
"Wave_1139",0.714755623390089
"Wave_1140",0.690533354495118
"Wave_1141",0.666311271492444
"Wave_1142",0.642089028426446
"Wave_1143",0.632026788412051
"Wave_1144",0.576092546995147
"Wave_1145",0.520158326613522
"Wave_1146",0.464224084509265
"Wave_1147",0.394090357069655
"Wave_1148",0.308163027452663
"Wave_1149",0.222235703529341
"Wave_1150",0.135804911368785
"Wave_1151",0.0426104767879247
"Wave_1152",-0.0511419910941966
"Wave_1153",-0.144894529715906
"Wave_1154",-0.172107811227202
"Wave_1155",-0.214113622215561
"Wave_1156",-0.256119226198177
"Wave_1157",-0.298124950562836
"Wave_1158",-0.343590783994724
"Wave_1159",-0.38309226184364
"Wave_1160",-0.422593675187281
"Wave_1161",-0.46209512424948
"Wave_1162",-0.478074565784721
"Wave_1163",-0.495328043326426
"Wave_1164",-0.512581452184323
"Wave_1165",-0.529834950763166
"Wave_1166",-0.536153396616488
"Wave_1167",-0.543344995210801
"Wave_1168",-0.550536625289566
"Wave_1169",-0.555912608180346
"Wave_1170",-0.558675928273686
"Wave_1171",-0.56195591457552
"Wave_1172",-0.565235967604006
"Wave_1173",-0.569146017535466
"Wave_1174",-0.573232390128182
"Wave_1175",-0.577319000715938
"Wave_1176",-0.581405415213881
"Wave_1177",-0.586164644869324
"Wave_1178",-0.575446920939094
"Wave_1179",-0.564729302820939
"Wave_1180",-0.554011629167
"Wave_1181",-0.554629499651235
"Wave_1182",-0.565911906283674
"Wave_1183",-0.577194271636107
"Wave_1184",-0.588476728475813
"Wave_1185",-0.597595266838118
"Wave_1186",-0.608701078852478
"Wave_1187",-0.619807054436271
"Wave_1188",-0.63777749352241
"Wave_1189",-0.636609846931394
"Wave_1190",-0.635442166192313
"Wave_1191",-0.634274516738883
"Wave_1192",-0.61175787511157
"Wave_1193",-0.626886963834722
"Wave_1194",-0.642016103420051
"Wave_1195",-0.657145244434298
"Wave_1196",-0.671585573902946
"Wave_1197",-0.665949678159536
"Wave_1198",-0.660313705987503
"Wave_1199",-0.65467785657839
"Wave_1200",-0.671311829697724
"Wave_1201",-0.698244915386456
"Wave_1202",-0.725178024846971
"Wave_1203",-0.749323769314803
"Wave_1204",-0.745855321635193
"Wave_1205",-0.742106089133692
"Wave_1206",-0.738356826840957
"Wave_1207",-0.723007767621936
"Wave_1208",-0.680140637490125
"Wave_1209",-0.637273539007774
"Wave_1210",-0.59440638685541
"Wave_1211",-0.559057427590824
"Wave_1212",-0.52926990339944
"Wave_1213",-0.499482228828055
"Wave_1214",-0.469694631970392
"Wave_1215",-0.462679339083153
"Wave_1216",-0.457851881836266
"Wave_1217",-0.453024527717891
"Wave_1218",-0.448197033645336
"Wave_1219",-0.419546850131673
"Wave_1220",-0.396463977471169
"Wave_1221",-0.373381020035871
"Wave_1222",-0.355927959655385
"Wave_1223",-0.348889640635569
"Wave_1224",-0.341851339830017
"Wave_1225",-0.334813074862624
"Wave_1226",-0.327614383180037
"Wave_1227",-0.311572697193037
"Wave_1228",-0.295531111684543
"Wave_1229",-0.279489469993202
"Wave_1230",-0.2759409439502
"Wave_1231",-0.277133648473063
"Wave_1232",-0.278326310205074
"Wave_1233",-0.279518925304845
"Wave_1234",-0.277052866518026
"Wave_1235",-0.273360826674045
"Wave_1236",-0.269668747504837
"Wave_1237",-0.264424247522672
"Wave_1238",-0.258524568608355
"Wave_1239",-0.252624961082532
"Wave_1240",-0.246725349331409
"Wave_1241",-0.247491385701235
"Wave_1242",-0.259952567058513
"Wave_1243",-0.272413591615816
"Wave_1244",-0.284874786413388
"Wave_1245",-0.278030273775762
"Wave_1246",-0.255288453569578
"Wave_1247",-0.232546447659727
"Wave_1248",-0.209804471018122
"Wave_1249",-0.206368850160723
"Wave_1250",-0.2053127732475
"Wave_1251",-0.204256778871303
"Wave_1252",-0.205116944933301
"Wave_1253",-0.184091900006136
"Wave_1254",-0.163066789555321
"Wave_1255",-0.142041799854292
"Wave_1256",-0.126198238215123
"Wave_1257",-0.122444844042646
"Wave_1258",-0.118691452706361
"Wave_1259",-0.114937985832874
"Wave_1260",-0.107978778291749
"Wave_1261",-0.0983208290766904
"Wave_1262",-0.0886628912404231
"Wave_1263",-0.0790048882117914
"Wave_1264",-0.066207859738748
"Wave_1265",-0.0526262040828115
"Wave_1266",-0.0390444222439397
"Wave_1267",-0.0287590144115898
"Wave_1268",-0.0207018926695666
"Wave_1269",-0.0126447496877314
"Wave_1270",-0.00458775986340958
"Wave_1271",0.00932487469193745
"Wave_1272",0.0406359425202238
"Wave_1273",0.0719470283606665
"Wave_1274",0.103258033072232
"Wave_1275",0.0861297729261036
"Wave_1276",0.0408626072334974
"Wave_1277",-0.00440459269156632
"Wave_1278",-0.0496717798777569
"Wave_1279",-0.055609609094058
"Wave_1280",-0.0479292090159742
"Wave_1281",-0.0402486112899445
"Wave_1282",-0.0325681716823413
"Wave_1283",-0.0213245193965873
"Wave_1284",-0.0100807320225737
"Wave_1285",0.00116297108287161
"Wave_1286",0.00530313677651246
"Wave_1287",-0.000526290038453836
"Wave_1288",-0.00635558081613587
"Wave_1289",-0.0121849077211402
"Wave_1290",-0.0171824936564816
"Wave_1291",-0.0213481326057522
"Wave_1292",-0.0255138907007226
"Wave_1293",-0.0296794792641787
"Wave_1294",-0.0101568735802849
"Wave_1295",0.0152877568632644
"Wave_1296",0.0407324786154167
"Wave_1297",0.0661770618248745
"Wave_1298",0.0760874975242404
"Wave_1299",0.0859980366703132
"Wave_1300",0.095908491160862
"Wave_1301",0.104796691056435
"Wave_1302",0.111299795281243
"Wave_1303",0.117803011274871
"Wave_1304",0.124306206435385
"Wave_1305",0.10984104538073
"Wave_1306",0.0775947830658073
"Wave_1307",0.0453484336251958
"Wave_1308",0.0131021699664714
"Wave_1309",-0.00554603960863998
"Wave_1310",-0.0207947762966989
"Wave_1311",-0.0360434590871897
"Wave_1312",-0.0465130336246356
"Wave_1313",-0.0400749956795052
"Wave_1314",-0.0336370746463109
"Wave_1315",-0.0271991259333197
"Wave_1316",-0.0295299776829068
"Wave_1317",-0.0523215959415327
"Wave_1318",-0.0751131581729884
"Wave_1319",-0.0979046629971811
"Wave_1320",-0.119525816576198
"Wave_1321",-0.140366734475739
"Wave_1322",-0.161207585094334
"Wave_1323",-0.182048552136529
"Wave_1324",-0.192498005968801
"Wave_1325",-0.200349677214736
"Wave_1326",-0.208201364846572
"Wave_1327",-0.219639638006103
"Wave_1328",-0.2633571874762
"Wave_1329",-0.307074784306211
"Wave_1330",-0.350792368094801
"Wave_1331",-0.381359638161172
"Wave_1332",-0.380674100996675
"Wave_1333",-0.379988733432728
"Wave_1334",-0.379303277232683
"Wave_1335",-0.408809590981193
"Wave_1336",-0.458443943028737
"Wave_1337",-0.508078277498301
"Wave_1338",-0.55771253608464
"Wave_1339",-0.596592761848462
"Wave_1340",-0.63427803286926
"Wave_1341",-0.671963300821887
"Wave_1342",-0.71235314448215
"Wave_1343",-0.76356097088417
"Wave_1344",-0.814768794378344
"Wave_1345",-0.865976543784179
"Wave_1346",-0.918983457085687
"Wave_1347",-0.974689013337733
"Wave_1348",-1.03039469832055
"Wave_1349",-1.08610041178002
"Wave_1350",-1.13707017430687
"Wave_1351",-1.1860102094296
"Wave_1352",-1.23495018319911
"Wave_1353",-1.28389026473601
"Wave_1354",-1.30624710942559
"Wave_1355",-1.32860390722081
"Wave_1356",-1.35096080841455
"Wave_1357",-1.36726077450781
"Wave_1358",-1.35933309275163
"Wave_1359",-1.35140529452231
"Wave_1360",-1.34347759599343
"Wave_1361",-1.31678239997946
"Wave_1362",-1.27132003332833
"Wave_1363",-1.22585748354314
"Wave_1364",-1.18039500504223
"Wave_1365",-1.15585346873642
"Wave_1366",-1.13654197388325
"Wave_1367",-1.11723055751608
"Wave_1368",-1.09199908489374
"Wave_1369",-1.01348644366595
"Wave_1370",-0.934973867808159
"Wave_1371",-0.856461119244735
"Wave_1372",-0.785279158447899
"Wave_1373",-0.731201987497894
"Wave_1374",-0.677124856790668
"Wave_1375",-0.623047643965952
"Wave_1376",-0.528134455361714
"Wave_1377",-0.405997196167693
"Wave_1378",-0.283860002875035
"Wave_1379",-0.161722816844498
"Wave_1380",-0.0227807006761359
"Wave_1381",0.118028739783513
"Wave_1382",0.258838184404838
"Wave_1383",0.384881017496517
"Wave_1384",0.451857650604019
"Wave_1385",0.518834234061405
"Wave_1386",0.585810842067149
"Wave_1387",0.627928910157569
"Wave_1388",0.645188578726943
"Wave_1389",0.662448179819789
"Wave_1390",0.67970770152503
"Wave_1391",0.615943377896596
"Wave_1392",0.507999534796741
"Wave_1393",0.400055824339518
"Wave_1394",0.292112118108959
"Wave_1395",0.199701458281333
"Wave_1396",0.107290827124473
"Wave_1397",0.0148801448135413
"Wave_1398",-0.0807300932251965
"Wave_1399",-0.183806220645791
"Wave_1400",-0.286882263123822
"Wave_1401",-0.389958317355061
"Wave_1402",-0.492553744747486
"Wave_1403",-0.594828763432352
"Wave_1404",-0.697103675628387
"Wave_1405",-0.799378741881772
"Wave_1406",-0.883800433478348
"Wave_1407",-0.966238489709445
"Wave_1408",-1.04867647823692
"Wave_1409",-1.1258382938882
"Wave_1410",-1.18189570600352
"Wave_1411",-1.23795311476747
"Wave_1412",-1.29401041475462
"Wave_1413",-1.34677303711735
"Wave_1414",-1.39624093542623
"Wave_1415",-1.44570878510925
"Wave_1416",-1.49517674816767
"Wave_1417",-1.50633058420487
"Wave_1418",-1.50790593879509
"Wave_1419",-1.50948126154011
"Wave_1420",-1.51054701833195
"Wave_1421",-1.50702683930881
"Wave_1422",-1.50350661830904
"Wave_1423",-1.49998640151186
"Wave_1424",-1.51751096720843
"Wave_1425",-1.53505979228082
"Wave_1426",-1.55260853446472
"Wave_1427",-1.57015738618447
"Wave_1428",-1.55646411006385
"Wave_1429",-1.52938146851236
"Wave_1430",-1.50229877306338
"Wave_1431",-1.47521604079831
"Wave_1432",-1.46152738276051
"Wave_1433",-1.43792603257893
"Wave_1434",-1.41432463390748
"Wave_1435",-1.39600426483944
"Wave_1436",-1.37570471928639
"Wave_1437",-1.35540513832728
"Wave_1438",-1.33510561554722
"Wave_1439",-1.30212307619093
"Wave_1440",-1.26068528661158
"Wave_1441",-1.21924756869545
"Wave_1442",-1.17780977822585
"Wave_1443",-1.16108807722343
"Wave_1444",-1.14428709758384
"Wave_1445",-1.12748614374927
"Wave_1446",-1.1056286387835
"Wave_1447",-1.0635448216783
"Wave_1448",-1.02146100001296
"Wave_1449",-0.979377278113532
"Wave_1450",-0.951998450595182
"Wave_1451",-0.939324553267193
"Wave_1452",-0.926650737484709
"Wave_1453",-0.91397687218979
"Wave_1454",-0.895553568122593
"Wave_1455",-0.875692731012837
"Wave_1456",-0.855832084292623
"Wave_1457",-0.836482543413202
"Wave_1458",-0.821733393701302
"Wave_1459",-0.806984215050642
"Wave_1460",-0.792235042287312
"Wave_1461",-0.772399489264769
"Wave_1462",-0.744934365541804
"Wave_1463",-0.717469184969844
"Wave_1464",-0.690004185197914
"Wave_1465",-0.667553808745965
"Wave_1466",-0.647252848426767
"Wave_1467",-0.626951797751574
"Wave_1468",-0.606650755161944
"Wave_1469",-0.594452746420984
"Wave_1470",-0.582254686302007
"Wave_1471",-0.57005679522449
"Wave_1472",-0.558449876105613
"Wave_1473",-0.548222492618765
"Wave_1474",-0.537995031876794
"Wave_1475",-0.527767596765293
"Wave_1476",-0.519038314940125
"Wave_1477",-0.506672317553569
"Wave_1478",-0.494306282864014
"Wave_1479",-0.481940232782984
"Wave_1480",-0.457720329035461
"Wave_1481",-0.430698899562951
"Wave_1482",-0.403677395799324
"Wave_1483",-0.377099508801919
"Wave_1484",-0.351556741988479
"Wave_1485",-0.32601398041119
"Wave_1486",-0.300471192435435
"Wave_1487",-0.295258991412697
"Wave_1488",-0.303600641124887
"Wave_1489",-0.311942277260682
"Wave_1490",-0.320283839433526
"Wave_1491",-0.314709977612993
"Wave_1492",-0.307589942097014
"Wave_1493",-0.300469875434008
"Wave_1494",-0.296861846195562
"Wave_1495",-0.307301888361255
"Wave_1496",-0.317741876138801
"Wave_1497",-0.328181861349339
"Wave_1498",-0.329013268008732
"Wave_1499",-0.323438797280646
"Wave_1500",-0.317864501529912
"Wave_1501",-0.312290019441456
"Wave_1502",-0.316979175620449
"Wave_1503",-0.322808690225577
"Wave_1504",-0.328638272704436
"Wave_1505",-0.339051471242591
"Wave_1506",-0.367798933317458
"Wave_1507",-0.396546490168799
"Wave_1508",-0.42529385055109
"Wave_1509",-0.42856840058514
"Wave_1510",-0.415032477297609
"Wave_1511",-0.401496542141951
"Wave_1512",-0.387960713906974
"Wave_1513",-0.415192763823215
"Wave_1514",-0.446954582512026
"Wave_1515",-0.478716478829604
"Wave_1516",-0.492692844861434
"Wave_1517",-0.435527267200104
"Wave_1518",-0.378361779557055
"Wave_1519",-0.321196154144384
"Wave_1520",-0.362331389221749
"Wave_1521",-0.456933583110777
"Wave_1522",-0.55153588654948
"Wave_1523",-0.646138083119928
"Wave_1524",-0.657346645070519
"Wave_1525",-0.665887235628222
"Wave_1526",-0.674427816689988
"Wave_1527",-0.686156937562333
"Wave_1528",-0.710640426152217
"Wave_1529",-0.73512376113358
"Wave_1530",-0.759607117052134
"Wave_1531",-0.76988961525158
"Wave_1532",-0.771377330004611
"Wave_1533",-0.772864989554085
"Wave_1534",-0.774352796829065
"Wave_1535",-0.80244836413828
"Wave_1536",-0.833500595121834
"Wave_1537",-0.864552588084916
"Wave_1538",-0.893139470996103
"Wave_1539",-0.911865044011373
"Wave_1540",-0.930590734080941
"Wave_1541",-0.949316250027704
"Wave_1542",-0.971762444437896
"Wave_1543",-1.00017810864486
"Wave_1544",-1.02859377153035
"Wave_1545",-1.05700941867067
"Wave_1546",-1.08972215339216
"Wave_1547",-1.12291232524274
"Wave_1548",-1.15610254959283
"Wave_1549",-1.18132478354225
"Wave_1550",-1.18976668544611
"Wave_1551",-1.19820845099883
"Wave_1552",-1.20665029863169
"Wave_1553",-1.22378521522878
"Wave_1554",-1.24671531133859
"Wave_1555",-1.26964558651689
"Wave_1556",-1.29257567878004
"Wave_1557",-1.30830481360035
"Wave_1558",-1.32247104129634
"Wave_1559",-1.33663726846295
"Wave_1560",-1.35474306778246
"Wave_1561",-1.38204095409998
"Wave_1562",-1.40933885125256
"Wave_1563",-1.43663673180983
"Wave_1564",-1.45339384430022
"Wave_1565",-1.4657146535936
"Wave_1566",-1.47803547928826
"Wave_1567",-1.49035628139946
"Wave_1568",-1.48420316081001
"Wave_1569",-1.47804991774214
"Wave_1570",-1.47189674785875
"Wave_1571",-1.46908251964868
"Wave_1572",-1.48190398691294
"Wave_1573",-1.49472536494129
"Wave_1574",-1.50754679826496
"Wave_1575",-1.52430296890808
"Wave_1576",-1.54588200723293
"Wave_1577",-1.56746099532328
"Wave_1578",-1.58807862360125
"Wave_1579",-1.5818807455905
"Wave_1580",-1.57568278214229
"Wave_1581",-1.56948492069741
"Wave_1582",-1.56290232547313
"Wave_1583",-1.56326038075167
"Wave_1584",-1.56361836990709
"Wave_1585",-1.56397644426811
"Wave_1586",-1.53444287603459
"Wave_1587",-1.49454488807923
"Wave_1588",-1.45464701856778
"Wave_1589",-1.41604223943751
"Wave_1590",-1.3907457009617
"Wave_1591",-1.36544890169281
"Wave_1592",-1.34015228463467
"Wave_1593",-1.31839269416982
"Wave_1594",-1.29478739547655
"Wave_1595",-1.27118235790288
"Wave_1596",-1.24757709622686
"Wave_1597",-1.21871576253021
"Wave_1598",-1.19243139810676
"Wave_1599",-1.16614700879045
"Wave_1600",-1.13713416576507
"Wave_1601",-1.11032145167287
"Wave_1602",-1.08350861446325
"Wave_1603",-1.05669585906142
"Wave_1604",-1.02880796552263
"Wave_1605",-0.99890275356093
"Wave_1606",-0.968997588619153
"Wave_1607",-0.944220222529943
"Wave_1608",-0.926927279853196
"Wave_1609",-0.905337835686025
"Wave_1610",-0.8837484332938
"Wave_1611",-0.854381898897724
"Wave_1612",-0.838765682479632
"Wave_1613",-0.823149319757967
"Wave_1614",-0.807533033947525
"Wave_1615",-0.787443830893337
"Wave_1616",-0.762967374080947
"Wave_1617",-0.738490981058848
"Wave_1618",-0.710775990145693
"Wave_1619",-0.667426048616695
"Wave_1620",-0.624076143797875
"Wave_1621",-0.580726086776395
"Wave_1622",-0.554759630027664
"Wave_1623",-0.538187698776137
"Wave_1624",-0.521615946376525
"Wave_1625",-0.505044088482123
"Wave_1626",-0.4364836626709
"Wave_1627",-0.366961440381104
"Wave_1628",-0.297439327251241
"Wave_1629",-0.237581269504446
"Wave_1630",-0.194639735519058
"Wave_1631",-0.151698223289716
"Wave_1632",-0.108756636805443
"Wave_1633",-0.0873822665735204
"Wave_1634",-0.0888473879115974
"Wave_1635",-0.0903125217685142
"Wave_1636",-0.0949296809481513
"Wave_1637",-0.0626262892457427
"Wave_1638",-0.0230685031217001
"Wave_1639",0.0164892438000238
"Wave_1640",0.0666191349428769
"Wave_1641",0.123442843099639
"Wave_1642",0.180266643763726
"Wave_1643",0.237090350917595
"Wave_1644",0.286200538209377
"Wave_1645",0.326393163467632
"Wave_1646",0.366585754756134
"Wave_1647",0.420780030258362
"Wave_1648",0.433561143806231
"Wave_1649",0.446342211523965
"Wave_1650",0.459123281696067
"Wave_1651",0.495282939427582
"Wave_1652",0.540888318713804
"Wave_1653",0.586493804719422
"Wave_1654",0.627348949198491
"Wave_1655",0.640481145027922
"Wave_1656",0.657370957201101
"Wave_1657",0.674260670519441
"Wave_1658",0.69377824843561
"Wave_1659",0.694497570811694
"Wave_1660",0.695216895181841
"Wave_1661",0.695936275599815
"Wave_1662",0.708316896320974
"Wave_1663",0.731628003338043
"Wave_1664",0.754939137410114
"Wave_1665",0.800378730890825
"Wave_1666",0.798626676098043
"Wave_1667",0.796874697808686
"Wave_1668",0.79512264595885
"Wave_1669",0.813551026538389
"Wave_1670",0.832753303583712
"Wave_1671",0.851955623741368
"Wave_1672",0.86805629968187
"Wave_1673",0.853405041528882
"Wave_1674",0.838044533197358
"Wave_1675",0.822684050387063
"Wave_1676",0.81889849749209
"Wave_1677",0.801606656134034
"Wave_1678",0.784314831436162
"Wave_1679",0.767023051463806
"Wave_1680",0.741141568998435
"Wave_1681",0.707059035915399
"Wave_1682",0.672976586820541
"Wave_1683",0.64695972298355
"Wave_1684",0.638774908634713
"Wave_1685",0.630590138873592
"Wave_1686",0.622405404007056
"Wave_1687",0.623740511088248
"Wave_1688",0.638478374562575
"Wave_1689",0.653216150477868
"Wave_1690",0.6692377211859
"Wave_1691",0.71107674081607
"Wave_1692",0.75648191953652
"Wave_1693",0.801887118425301
"Wave_1694",0.820862118186798
"Wave_1695",0.812836831153372
"Wave_1696",0.804811541290779
"Wave_1697",0.79678635598313
"Wave_1698",0.819678896144985
"Wave_1699",0.824097244516435
"Wave_1700",0.828515546994616
"Wave_1701",0.818294479419005
"Wave_1702",0.807047482047218
"Wave_1703",0.7958004718212
"Wave_1704",0.784553371944111
"Wave_1705",0.823981590556833
"Wave_1706",0.911511718812378
"Wave_1707",0.999041818793012
"Wave_1708",1.09205345440227
"Wave_1709",1.15236315012218
"Wave_1710",1.19901582530244
"Wave_1711",1.24566844578443
"Wave_1712",1.24918138106635
"Wave_1713",1.2462378126229
"Wave_1714",1.24329433118779
"Wave_1715",1.24085629803769
"Wave_1716",1.20126765764756
"Wave_1717",1.13387966828457
"Wave_1718",1.06649155894488
"Wave_1719",1.01294906544989
"Wave_1720",1.00874379681309
"Wave_1721",1.00453854706314
"Wave_1722",1.00033334752361
"Wave_1723",1.01015732893437
"Wave_1724",0.996574926821245
"Wave_1725",0.982992437542262
"Wave_1726",0.941615994220746
"Wave_1727",0.898908796517983
"Wave_1728",0.860686025742404
"Wave_1729",0.822463248522936
"Wave_1730",0.826909486463284
"Wave_1731",0.793353268877566
"Wave_1732",0.759797182446467
"Wave_1733",0.716792413357024
"Wave_1734",0.687177201759039
"Wave_1735",0.672748895795602
"Wave_1736",0.658320597800091
"Wave_1737",0.682299965549753
"Wave_1738",0.689716370476072
"Wave_1739",0.69713297505893
"Wave_1740",0.704416671037061
"Wave_1741",0.700742293819693
"Wave_1742",0.690116502873055
"Wave_1743",0.679490811124039
"Wave_1744",0.692799824481079
"Wave_1745",0.754252610547816
"Wave_1746",0.815705460400748
"Wave_1747",0.876239114486356
"Wave_1748",0.90462735065185
"Wave_1749",0.897205494290451
"Wave_1750",0.889783652631273
"Wave_1751",0.845418313844998
"Wave_1752",0.807827514580495
"Wave_1753",0.781166133662599
"Wave_1754",0.754504963296925
"Wave_1755",0.794298466651384
"Wave_1756",0.813994440350858
"Wave_1757",0.833690517717663
"Wave_1758",0.833659896595308
"Wave_1759",0.827863567011826
"Wave_1760",0.83227763608808
"Wave_1761",0.836691707758407
"Wave_1762",0.846573440607004
"Wave_1763",0.854047460863198
"Wave_1764",0.8615214713694
"Wave_1765",0.859015390311096
"Wave_1766",0.837940038844889
"Wave_1767",0.820010113800851
"Wave_1768",0.802080146880713
"Wave_1769",0.764806781785272
"Wave_1770",0.752766336882343
"Wave_1771",0.740725967209296
"Wave_1772",0.738214905989112
"Wave_1773",0.775192029962474
"Wave_1774",0.814225193832889
"Wave_1775",0.853258405765946
"Wave_1776",0.799493997443215
"Wave_1777",0.759729079520743
"Wave_1778",0.725938693880665
"Wave_1779",0.694588053115867
"Wave_1780",0.683064351020583
"Wave_1781",0.695031894106004
"Wave_1782",0.706999603734288
"Wave_1783",0.68158892476206
"Wave_1784",0.665666767082936
"Wave_1785",0.658346492856263
"Wave_1786",0.649295700875115
"Wave_1787",0.629590558948945
"Wave_1788",0.629567350761158
"Wave_1789",0.629544123362435
"Wave_1790",0.64058368551328
"Wave_1791",0.656472074032844
"Wave_1792",0.671277758562887
"Wave_1793",0.679702140146379
"Wave_1794",0.635824526598201
"Wave_1795",0.63811154896723
"Wave_1796",0.640398532802973
"Wave_1797",0.675744403474851
"Wave_1798",0.701090189423563
"Wave_1799",0.697729848556508
"Wave_1800",0.694369561139252
"Wave_1801",0.641960800483056
"Wave_1802",0.656980083376965
"Wave_1803",0.671999381292847
"Wave_1804",0.723574230824243
"Wave_1805",0.797319672133801
"Wave_1806",0.856680358986214
"Wave_1807",0.916040961530847
"Wave_1808",0.889628620370181
"Wave_1809",0.864530778683534
"Wave_1810",0.839578968489176
"Wave_1811",0.832124907988817
"Wave_1812",0.836515373426482
"Wave_1813",0.819302433750863
"Wave_1814",0.802089736883379
"Wave_1815",0.803779291304824
"Wave_1816",0.793921153017735
"Wave_1817",0.780651170052764
"Wave_1818",0.779609546409446
"Wave_1819",0.800344773714102
"Wave_1820",0.82909295111264
"Wave_1821",0.85784092359999
"Wave_1822",0.892326778856649
"Wave_1823",0.931522450882504
"Wave_1824",0.971736090542874
"Wave_1825",1.01451222051169
"Wave_1826",1.04735120165005
"Wave_1827",1.0250683312915
"Wave_1828",1.00278548915419
"Wave_1829",1.06457752545184
"Wave_1830",1.06981657189377
"Wave_1831",1.04681531449696
"Wave_1832",1.03596233366766
"Wave_1833",1.05169893887074
"Wave_1834",1.10090341920216
"Wave_1835",1.15010790251767
"Wave_1836",1.23778806681205
"Wave_1837",1.26577240964329
"Wave_1838",1.25110974158293
"Wave_1839",1.27745830912494
"Wave_1840",1.35919890180043
"Wave_1841",1.38581984292698
"Wave_1842",1.41244068562306
"Wave_1843",1.55609637552808
"Wave_1844",1.61796727727213
"Wave_1845",1.61664561655498
"Wave_1846",1.65488825811686
"Wave_1847",1.74282867465823
"Wave_1848",1.74392981632954
"Wave_1849",1.74503089115824
"Wave_1850",1.85642845100729
"Wave_1851",1.89396716660838
"Wave_1852",1.84539171384695
"Wave_1853",1.9133007111393
"Wave_1854",2.1559365473969
"Wave_1855",2.14101039828121
"Wave_1856",2.12608430687628
"Wave_1857",2.20066311692247
"Wave_1858",2.21262052192904
"Wave_1859",2.16195672135285
"Wave_1860",2.21073511543871
"Wave_1861",2.35895576994972
"Wave_1862",2.28371955580177
"Wave_1863",2.2084833047766
"Wave_1864",2.46652973048714
"Wave_1865",2.57924568871704
"Wave_1866",2.47396562319865
"Wave_1867",2.55402797040814
"Wave_1868",2.81943267346512
"Wave_1869",2.86331891205108
"Wave_1870",2.9016181704966
"Wave_1871",3.1111535042485
"Wave_1872",3.23825348542262
"Wave_1873",3.24170065490335
"Wave_1874",3.25700997107258
"Wave_1875",3.28022721799522
"Wave_1876",3.19903645465725
"Wave_1877",3.09983674440523
"Wave_1878",2.94296342292706
"Wave_1879",2.79150947108715
"Wave_1880",2.64818491677314
"Wave_1881",2.50192944939691
"Wave_1882",2.35372007871564
"Wave_1883",2.32420978186898
"Wave_1884",2.2556693889957
"Wave_1885",1.97825287229847
"Wave_1886",1.79155567365447
"Wave_1887",1.74093741941223
"Wave_1888",1.4349031024736
"Wave_1889",1.01940477959911
"Wave_1890",0.886349279708478
"Wave_1891",0.720599560431192
"Wave_1892",0.298542868689733
"Wave_1893",0.0271787845673271
"Wave_1894",-0.0181463507089986
"Wave_1895",-0.33838709103403
"Wave_1896",-0.727356727585134
"Wave_1897",-0.759935729533825
"Wave_1898",-1.02204596829373
"Wave_1899",-1.91212669900379
"Wave_1900",-2.41672394896464
"Wave_1901",-2.21087918278034
"Wave_1902",-0.815083354146096
"Wave_1903",0.14739957670379
"Wave_1904",0.0047692651873254
"Wave_1905",-0.278935763737088
"Wave_1906",-0.352702563993001
"Wave_1907",-0.483318090319013
"Wave_1908",-0.663135498845031
"Wave_1909",-0.651354854413233
"Wave_1910",-0.786130571889964
"Wave_1911",-0.893957598189007
"Wave_1912",-0.968366390685685
"Wave_1913",-1.15433987390995
"Wave_1914",-1.22507119877088
"Wave_1915",-1.26032174572092
"Wave_1916",-1.31329257124616
"Wave_1917",-1.29204578306481
"Wave_1918",-1.36099638109881
"Wave_1919",-1.40809311211026
"Wave_1920",-1.38605017711213
"Wave_1921",-1.39142089738998
"Wave_1922",-1.38462635198489
"Wave_1923",-1.40723647126564
"Wave_1924",-1.44766226242133
"Wave_1925",-1.46012892778314
"Wave_1926",-1.50722967719453
"Wave_1927",-1.54708279992442
"Wave_1928",-1.55857202691465
"Wave_1929",-1.57100113458199
"Wave_1930",-1.55330026599966
"Wave_1931",-1.53098643403453
"Wave_1932",-1.51960847065456
"Wave_1933",-1.48107500840933
"Wave_1934",-1.49566962168639
"Wave_1935",-1.5057096743845
"Wave_1936",-1.4941266401016
"Wave_1937",-1.47743630676452
"Wave_1938",-1.44461958417216
"Wave_1939",-1.42080477539221
"Wave_1940",-1.4032720537003
"Wave_1941",-1.35743357175483
"Wave_1942",-1.3435054337815
"Wave_1943",-1.32929672413755
"Wave_1944",-1.32314284482433
"Wave_1945",-1.33075474436483
"Wave_1946",-1.33163317081826
"Wave_1947",-1.32356223238974
"Wave_1948",-1.31493731495529
"Wave_1949",-1.27865493009616
"Wave_1950",-1.2353829485667
"Wave_1951",-1.18201878917786
"Wave_1952",-1.12389534661895
"Wave_1953",-1.10138138771726
"Wave_1954",-1.0870226841783
"Wave_1955",-1.07146494692244
"Wave_1956",-1.05516990284696
"Wave_1957",-1.01207591505222
"Wave_1958",-0.989477738382707
"Wave_1959",-0.95612142111956
"Wave_1960",-0.911228883251401
"Wave_1961",-0.875380422761941
"Wave_1962",-0.856305975147027
"Wave_1963",-0.842927365092702
"Wave_1964",-0.829548763782686
"Wave_1965",-0.763732853068897
"Wave_1966",-0.7062249535799
"Wave_1967",-0.658609880753657
"Wave_1968",-0.634737042093647
"Wave_1969",-0.614679790418425
"Wave_1970",-0.556072895782437
"Wave_1971",-0.500592669997501
"Wave_1972",-0.44708071555395
"Wave_1973",-0.416756470275458
"Wave_1974",-0.394642211582595
"Wave_1975",-0.37549315045343
"Wave_1976",-0.359687795096137
"Wave_1977",-0.343977069198874
"Wave_1978",-0.303497353382716
"Wave_1979",-0.271735853671619
"Wave_1980",-0.233899399010777
"Wave_1981",-0.169441546471252
"Wave_1982",-0.103435967105463
"Wave_1983",-0.027931495031885
"Wave_1984",0.0412774442454271
"Wave_1985",0.110486407139101
"Wave_1986",0.152094618283943
"Wave_1987",0.165954466805959
"Wave_1988",0.191583415948225
"Wave_1989",0.238490837408392
"Wave_1990",0.282748493407096
"Wave_1991",0.301133702030754
"Wave_1992",0.325073538870859
"Wave_1993",0.353215247343268
"Wave_1994",0.415506256775446
"Wave_1995",0.474129687582956
"Wave_1996",0.523528237044408
"Wave_1997",0.564177973804758
"Wave_1998",0.604880620848077
"Wave_1999",0.66743985134838
"Wave_2000",0.712912363677139
"Wave_2001",0.74714530898847
"Wave_2002",0.786807222726703
"Wave_2003",0.840035398623621
"Wave_2004",0.914952662103114
"Wave_2005",0.969201524946805
"Wave_2006",1.0199469171146
"Wave_2007",1.03813994778441
"Wave_2008",1.05531196415218
"Wave_2009",1.08966841878791
"Wave_2010",1.14401381653556
"Wave_2011",1.1986708230822
"Wave_2012",1.21021603923667
"Wave_2013",1.20370901469925
"Wave_2014",1.18975867397539
"Wave_2015",1.22542360677625
"Wave_2016",1.27783428570557
"Wave_2017",1.35222925663772
"Wave_2018",1.40516918378988
"Wave_2019",1.45726921667757
"Wave_2020",1.50161145375931
"Wave_2021",1.54582112763156
"Wave_2022",1.56414628157419
"Wave_2023",1.55168533528264
"Wave_2024",1.5392243872257
"Wave_2025",1.59106392693122
"Wave_2026",1.63603036464357
"Wave_2027",1.66328415726913
"Wave_2028",1.67659756931389
"Wave_2029",1.69675826882627
"Wave_2030",1.68952626973818
"Wave_2031",1.67509293421471
"Wave_2032",1.66637745284876
"Wave_2033",1.68041688746466
"Wave_2034",1.69440630843542
"Wave_2035",1.69831110557115
"Wave_2036",1.71211477431162
"Wave_2037",1.72591843168417
"Wave_2038",1.74200532417749
"Wave_2039",1.76186469730276
"Wave_2040",1.74846745228391
"Wave_2041",1.69013195025184
"Wave_2042",1.63179642541034
"Wave_2043",1.64567156219404
"Wave_2044",1.66450185159093
"Wave_2045",1.6700246648949
"Wave_2046",1.68131203638851
"Wave_2047",1.69668999137215
"Wave_2048",1.65247913504681
"Wave_2049",1.58188108868576
"Wave_2050",1.51456941073592
"Wave_2051",1.45989433019157
"Wave_2052",1.4050011279597
"Wave_2053",1.39010620822355
"Wave_2054",1.41627218516831
"Wave_2055",1.43252805870197
"Wave_2056",1.38456300308975
"Wave_2057",1.35324465940387
"Wave_2058",1.34959175564952
"Wave_2059",1.30348585982308
"Wave_2060",1.25737991510184
"Wave_2061",1.22157273620177
"Wave_2062",1.19801997339051
"Wave_2063",1.17454709953187
"Wave_2064",1.21543442119044
"Wave_2065",1.25632176553403
"Wave_2066",1.22388902824869
"Wave_2067",1.1579881100637
"Wave_2068",1.12800172082162
"Wave_2069",1.15410768489308
"Wave_2070",1.17713492473098
"Wave_2071",1.16041553490007
"Wave_2072",1.16183468249825
"Wave_2073",1.16926612768562
"Wave_2074",1.18855689513698
"Wave_2075",1.20480023943201
"Wave_2076",1.18027213212008
"Wave_2077",1.08442629330047
"Wave_2078",0.990778197895607
"Wave_2079",0.993777073468902
"Wave_2080",1.01599275688855
"Wave_2081",0.95600027735585
"Wave_2082",0.858417528472354
"Wave_2083",0.778917519311243
"Wave_2084",0.810213973988492
"Wave_2085",0.819246879173662
"Wave_2086",0.759284771250189
"Wave_2087",0.673347342464604
"Wave_2088",0.587409957841737
"Wave_2089",0.626711151868405
"Wave_2090",0.61724430163415
"Wave_2091",0.538778672702533
"Wave_2092",0.425933132757652
"Wave_2093",0.313087605195041
"Wave_2094",0.264707703808844
"Wave_2095",0.251911384342859
"Wave_2096",0.212789903155144
"Wave_2097",0.110402534411724
"Wave_2098",0.00801514282383151
"Wave_2099",0.0362430010534886
"Wave_2100",0.075838716244076
"Wave_2101",0.0898540965850734
"Wave_2102",-0.00352705902496883
"Wave_2103",-0.0969082185083371
"Wave_2104",-0.161448826276348
"Wave_2105",-0.204484234355547
"Wave_2106",-0.305478618158143
"Wave_2107",-0.385692783457361
"Wave_2108",-0.465906943488876
"Wave_2109",-0.404948471668748
"Wave_2110",-0.439095980553522
"Wave_2111",-0.529404707621789
"Wave_2112",-0.62251287660291
"Wave_2113",-0.715621027639883
"Wave_2114",-0.740591379706635
"Wave_2115",-0.709339004279127
"Wave_2116",-0.631793656884206
"Wave_2117",-0.63482970635622
"Wave_2118",-0.637865806798242
"Wave_2119",-0.754542440288452
"Wave_2120",-0.849438712009599
"Wave_2121",-0.936427863558318
"Wave_2122",-0.982641861971268
"Wave_2123",-1.02885596043714
"Wave_2124",-1.07806943624261
"Wave_2125",-1.16513555274877
"Wave_2126",-1.27386694207919
"Wave_2127",-1.30328279714366
"Wave_2128",-1.33269855515006
"Wave_2129",-1.37928103325168
"Wave_2130",-1.42332566027801
"Wave_2131",-1.42899847841576
"Wave_2132",-1.45259722560065
"Wave_2133",-1.47619586851025
"Wave_2134",-1.55036063547408
"Wave_2135",-1.60028519728475
"Wave_2136",-1.6482349258735
"Wave_2137",-1.73323229355576
"Wave_2138",-1.81822960877181
"Wave_2139",-1.86812716798327
"Wave_2140",-1.90280770164476
"Wave_2141",-1.96180579757201
"Wave_2142",-2.00535753053373
"Wave_2143",-2.04890928975582
"Wave_2144",-2.05703903312387
"Wave_2145",-2.10836740942453
"Wave_2146",-2.15819020670161
"Wave_2147",-2.19153179981246
"Wave_2148",-2.22487344530742
"Wave_2149",-2.30251025338698
"Wave_2150",-2.33741946818545
"Wave_2151",-2.35133145031777
"Wave_2152",-2.3590061909143
"Wave_2153",-2.36142820207983
"Wave_2154",-2.36261697344813
"Wave_2155",-2.37531594977811
"Wave_2156",-2.38017666077836
"Wave_2157",-2.40799463758445
"Wave_2158",-2.45175649588991
"Wave_2159",-2.50261940157867
"Wave_2160",-2.5383274301165
"Wave_2161",-2.58360176840959
"Wave_2162",-2.61497995918891
"Wave_2163",-2.6054029199285
"Wave_2164",-2.60582213741518
"Wave_2165",-2.60624131118908
"Wave_2166",-2.64142759497554
"Wave_2167",-2.64747406224341
"Wave_2168",-2.65502841195112
"Wave_2169",-2.69700813967055
"Wave_2170",-2.73898786529689
"Wave_2171",-2.72499334174036
"Wave_2172",-2.66462796762352
"Wave_2173",-2.57424199667165
"Wave_2174",-2.54629016930345
"Wave_2175",-2.51833829613401
"Wave_2176",-2.55978145155866
"Wave_2177",-2.57254562305328
"Wave_2178",-2.54108236315934
"Wave_2179",-2.45065149458562
"Wave_2180",-2.36022056902536
"Wave_2181",-2.34434646648954
"Wave_2182",-2.34790477610444
"Wave_2183",-2.36904477682001
"Wave_2184",-2.33216600096502
"Wave_2185",-2.27754391498866
"Wave_2186",-2.28748395027619
"Wave_2187",-2.29742376850604
"Wave_2188",-2.29361364454929
"Wave_2189",-2.26089207707159
"Wave_2190",-2.21754181284509
"Wave_2191",-2.17490795891622
"Wave_2192",-2.13227406619231
"Wave_2193",-2.07258630142959
"Wave_2194",-2.00706655737761
"Wave_2195",-1.93803904381819
"Wave_2196",-1.8604516808908
"Wave_2197",-1.78286434443351
"Wave_2198",-1.78591584078761
"Wave_2199",-1.77104813271384
"Wave_2200",-1.69832467363169
"Wave_2201",-1.63659892332926
"Wave_2202",-1.58239227506679
"Wave_2203",-1.56557864182565
"Wave_2204",-1.54876499595853
"Wave_2205",-1.48704906076543
"Wave_2206",-1.40075676274213
"Wave_2207",-1.32726888739408
"Wave_2208",-1.25224760140252
"Wave_2209",-1.1772262881391
"Wave_2210",-1.13848664695277
"Wave_2211",-1.10067870242827
"Wave_2212",-1.054250924891
"Wave_2213",-1.08859896949517
"Wave_2214",-1.12449371042061
"Wave_2215",-1.13556072973748
"Wave_2216",-1.14232247706029
"Wave_2217",-1.13042527558999
"Wave_2218",-1.09030897658781
"Wave_2219",-1.05395711087986
"Wave_2220",-1.00115827842846
"Wave_2221",-0.948359485098198
"Wave_2222",-0.87664477909728
"Wave_2223",-0.794377949112395
"Wave_2224",-0.732797490752461
"Wave_2225",-0.73142760063842
"Wave_2226",-0.730057583943817
"Wave_2227",-0.712579905713673
"Wave_2228",-0.692551117913961
"Wave_2229",-0.672145322422804
"Wave_2230",-0.631211695402424
"Wave_2231",-0.585664251047268
"Wave_2232",-0.559795445676006
"Wave_2233",-0.533926718502039
"Wave_2234",-0.496297197801152
"Wave_2235",-0.455727497680528
"Wave_2236",-0.432947571193309
"Wave_2237",-0.436852130333173
"Wave_2238",-0.451725718520262
"Wave_2239",-0.4373025140216
"Wave_2240",-0.422879291919585
"Wave_2241",-0.416037963549224
"Wave_2242",-0.429020768250354
"Wave_2243",-0.427172670348384
"Wave_2244",-0.358948600889439
"Wave_2245",-0.290724482157481
"Wave_2246",-0.352857610649725
"Wave_2247",-0.430269055647399
"Wave_2248",-0.489895116890277
"Wave_2249",-0.522463975243764
"Wave_2250",-0.544319648593019
"Wave_2251",-0.469756723892792
"Wave_2252",-0.395193752260525
"Wave_2253",-0.407490013064793
"Wave_2254",-0.452669808765384
"Wave_2255",-0.505556162557324
"Wave_2256",-0.504301441337475
"Wave_2257",-0.503046669103785
"Wave_2258",-0.505450157705087
"Wave_2259",-0.507853635355198
"Wave_2260",-0.535483170356722
"Wave_2261",-0.57992998837951
"Wave_2262",-0.619769175249859
"Wave_2263",-0.668114798403223
"Wave_2264",-0.716460420684097
"Wave_2265",-0.690763785749731
"Wave_2266",-0.656840226764495
"Wave_2267",-0.616534281895907
"Wave_2268",-0.565348506319898
"Wave_2269",-0.523552264721495
"Wave_2270",-0.519313682795306
"Wave_2271",-0.515075077092698
"Wave_2272",-0.563958338808261
"Wave_2273",-0.62612206873841
"Wave_2274",-0.627037762264661
"Wave_2275",-0.566705450007281
"Wave_2276",-0.506696947803063
"Wave_2277",-0.449603817092148
"Wave_2278",-0.392510766051837
"Wave_2279",-0.288703313469696
"Wave_2280",-0.17321727084512
"Wave_2281",-0.0825364103646565
"Wave_2282",-0.0290631521345765
"Wave_2283",0.0240794131548495
"Wave_2284",0.0742452577650026
"Wave_2285",0.124410903672773
"Wave_2286",0.188539063134978
"Wave_2287",0.262489835614467
"Wave_2288",0.326557396785371
"Wave_2289",0.375800357350953
"Wave_2290",0.429011927084511
"Wave_2291",0.517942233190916
"Wave_2292",0.606872577381648
"Wave_2293",0.691850759120518
"Wave_2294",0.775135114899232
"Wave_2295",0.840967134858475
"Wave_2296",0.880620471326935
"Wave_2297",0.913689199395248
"Wave_2298",0.887495081593239
"Wave_2299",0.861301006632405
"Wave_2300",0.982528958482917
"Wave_2301",1.16693778645722
"Wave_2302",1.28794756940153
"Wave_2303",1.31385874940805
"Wave_2304",1.33674492202017
"Wave_2305",1.33240587428031
"Wave_2306",1.32806669422331
"Wave_2307",1.31589575271182
"Wave_2308",1.301766851764
"Wave_2309",1.26214980468334
"Wave_2310",1.184301016482
"Wave_2311",1.11585943333221
"Wave_2312",1.13208410177051
"Wave_2313",1.14830871548141
"Wave_2314",1.21416552683685
"Wave_2315",1.29243029320145
"Wave_2316",1.35369926221526
"Wave_2317",1.39797228972078
"Wave_2318",1.44753750814008
"Wave_2319",1.51827150980891
"Wave_2320",1.58900546047461
"Wave_2321",1.57979495602192
"Wave_2322",1.56170170257778
"Wave_2323",1.57311815755357
"Wave_2324",1.60420755174287
"Wave_2325",1.62896248802685
"Wave_2326",1.63893693774312
"Wave_2327",1.64891138577339
"Wave_2328",1.64772332525695
"Wave_2329",1.64653531781511
"Wave_2330",1.6836186880226
"Wave_2331",1.73710425211323
"Wave_2332",1.77312946839912
"Wave_2333",1.78296424786195
"Wave_2334",1.79208550021475
"Wave_2335",1.7947840875095
"Wave_2336",1.79748265917323
"Wave_2337",1.79987538813959
"Wave_2338",1.80219158025993
"Wave_2339",1.77314378984105
"Wave_2340",1.7127319653897
"Wave_2341",1.67307557970475
"Wave_2342",1.7164407349334
"Wave_2343",1.75980583955053
"Wave_2344",1.87866773108094
"Wave_2345",2.00591804728404
"Wave_2346",2.14011594320308
"Wave_2347",2.28103360822366
"Wave_2348",2.37573343736847
"Wave_2349",2.41622377516675
"Wave_2350",2.44242143952874
"Wave_2351",2.33998343600418
"Wave_2352",2.23754538297742
"Wave_2353",2.20782348934946
"Wave_2354",2.19628062122775
"Wave_2355",2.17429695371411
"Wave_2356",2.15833506789107
"Wave_2357",2.14081949823004
"Wave_2358",2.12892655314704
"Wave_2359",2.11703363002299
"Wave_2360",2.16680472032855
"Wave_2361",2.21657592709393
"Wave_2362",2.20509279070293
"Wave_2363",2.17362708746432
"Wave_2364",2.22460603991675
"Wave_2365",2.33914305586301
"Wave_2366",2.43919552189332
"Wave_2367",2.48130937048295
"Wave_2368",2.52342326995627
"Wave_2369",2.55714708311106
"Wave_2370",2.58698264860922
"Wave_2371",2.59657421552125
"Wave_2372",2.59748984014333
"Wave_2373",2.66065669837453
"Wave_2374",2.81720034025825
"Wave_2375",2.97801337434666
"Wave_2376",2.90845952473212
"Wave_2377",2.83890568557456
"Wave_2378",2.81803155210624
"Wave_2379",2.80256630403448
"Wave_2380",2.85711853939879
"Wave_2381",2.92472289686938
"Wave_2382",2.9408255289096
"Wave_2383",2.87967580057836
"Wave_2384",2.8127858592057
"Wave_2385",2.72293493469378
"Wave_2386",2.63308397296039
"Wave_2387",2.68990163407419
"Wave_2388",2.7410955753407
"Wave_2389",2.81251584004054
"Wave_2390",2.89260450290211
"Wave_2391",2.90513026360395
"Wave_2392",2.86136260914143
"Wave_2393",2.82302832661285
"Wave_2394",2.70334010607024
"Wave_2395",2.58365188941372
"Wave_2396",2.64149730581779
"Wave_2397",2.69934271956092
"Wave_2398",2.71165238666507
"Wave_2399",2.7349052489696
"Wave_2400",2.7546098400739
