"","all_carb_m2.12.comps"
"(Intercept)",60.7627287987391
"Wave_500",56.6888948297598
"Wave_501",59.7071279798561
"Wave_502",56.3826827093872
"Wave_503",44.9119258258783
"Wave_504",39.2276582435311
"Wave_505",40.2847155596531
"Wave_506",36.8474256029546
"Wave_507",33.7132991188034
"Wave_508",33.878833052275
"Wave_509",31.2421750499354
"Wave_510",26.5150852739758
"Wave_511",20.1106071450017
"Wave_512",13.7289965783995
"Wave_513",12.0762772263006
"Wave_514",7.36495897461415
"Wave_515",3.32936809521814
"Wave_516",-7.4239402360262
"Wave_517",-15.7746768599019
"Wave_518",-20.6100312822268
"Wave_519",-23.130469222702
"Wave_520",-24.6201307735527
"Wave_521",-25.1692367497225
"Wave_522",-26.8630919260015
"Wave_523",-24.2838448279226
"Wave_524",-30.2394068928379
"Wave_525",-33.6064367838528
"Wave_526",-35.2136063064123
"Wave_527",-31.2614618083154
"Wave_528",-29.7063051055162
"Wave_529",-27.6343940177706
"Wave_530",-22.3140367130806
"Wave_531",-18.8742361914999
"Wave_532",-17.2904221070856
"Wave_533",-13.5840801748643
"Wave_534",-10.2486442874586
"Wave_535",-7.79294569742883
"Wave_536",-3.17512138847338
"Wave_537",0.183496811496971
"Wave_538",3.27847228598617
"Wave_539",7.18774131446988
"Wave_540",5.6626175293455
"Wave_541",5.91298008383192
"Wave_542",5.14185487613824
"Wave_543",9.19944861486136
"Wave_544",13.7647070006732
"Wave_545",19.1224453291474
"Wave_546",17.0580293418041
"Wave_547",15.3116074022451
"Wave_548",12.2167738378063
"Wave_549",10.8877246001437
"Wave_550",12.0810016233778
"Wave_551",14.6463937426783
"Wave_552",21.1369063707013
"Wave_553",23.2549233202789
"Wave_554",21.7967486724502
"Wave_555",16.0796404156313
"Wave_556",10.6655374803068
"Wave_557",11.4533240342342
"Wave_558",14.2524762658509
"Wave_559",14.314994014151
"Wave_560",12.2916704944833
"Wave_561",13.9511864448166
"Wave_562",10.3964266192138
"Wave_563",3.91656078705469
"Wave_564",-2.29188635220231
"Wave_565",-2.35342381059415
"Wave_566",-3.46144682426794
"Wave_567",-3.8423510706132
"Wave_568",-6.75212801335828
"Wave_569",-9.03914318398345
"Wave_570",-12.2555883112495
"Wave_571",-17.2730190050484
"Wave_572",-15.9262543842487
"Wave_573",-13.2336872589666
"Wave_574",-14.3746277373261
"Wave_575",-13.2750508087557
"Wave_576",-11.9603971514559
"Wave_577",-12.5074758594118
"Wave_578",-10.8001025179569
"Wave_579",-10.5624448088918
"Wave_580",-10.3605428696438
"Wave_581",-7.87457839036248
"Wave_582",-5.04307342723459
"Wave_583",-6.05122215446402
"Wave_584",-7.17685457124807
"Wave_585",-7.46018130207039
"Wave_586",-7.96297578083266
"Wave_587",-8.93519753243156
"Wave_588",-9.35086487014934
"Wave_589",-7.13863919353301
"Wave_590",-3.43528425596037
"Wave_591",-1.0407822038649
"Wave_592",-1.3854000420169
"Wave_593",-2.40650514185127
"Wave_594",-5.43372582324106
"Wave_595",-6.22673866570071
"Wave_596",-3.69159604203919
"Wave_597",-2.28943849761235
"Wave_598",-4.26092362966503
"Wave_599",-6.24538755190802
"Wave_600",-5.30599381084391
"Wave_601",-6.8713923286242
"Wave_602",-8.47117672904179
"Wave_603",-7.91396185958848
"Wave_604",-6.86637477440377
"Wave_605",-10.4678712669504
"Wave_606",-11.7360052209745
"Wave_607",-10.4664450857257
"Wave_608",-6.81548879341474
"Wave_609",-5.75671445914628
"Wave_610",-5.93656190098996
"Wave_611",-3.72859714980071
"Wave_612",-4.62777398986512
"Wave_613",-4.11818622434307
"Wave_614",-1.52103446910359
"Wave_615",1.80228574445663
"Wave_616",2.48702585357073
"Wave_617",3.71181511446552
"Wave_618",6.97922065353574
"Wave_619",7.89930573284352
"Wave_620",9.25220061820918
"Wave_621",11.7256428039942
"Wave_622",15.0197875586068
"Wave_623",14.8842072632802
"Wave_624",14.2354464579344
"Wave_625",14.3474001776696
"Wave_626",12.4354975488606
"Wave_627",12.8351687131709
"Wave_628",15.6580641908288
"Wave_629",16.0108865068597
"Wave_630",15.9641575419188
"Wave_631",15.5356987421433
"Wave_632",13.7134999530515
"Wave_633",11.3620075028411
"Wave_634",8.60676749413797
"Wave_635",7.56093181927592
"Wave_636",9.22286701532467
"Wave_637",9.31387532178589
"Wave_638",9.75773894718435
"Wave_639",7.7271802252328
"Wave_640",5.85821492191336
"Wave_641",3.72502079872712
"Wave_642",4.35333847230593
"Wave_643",5.43890452648058
"Wave_644",6.06820380500046
"Wave_645",8.17505488914551
"Wave_646",8.4846732999194
"Wave_647",6.60176877031526
"Wave_648",7.78724798820546
"Wave_649",8.90275580684922
"Wave_650",9.2637597130563
"Wave_651",11.3443184962175
"Wave_652",13.1111372921929
"Wave_653",10.5179438687287
"Wave_654",7.79659864030063
"Wave_655",9.57919756934168
"Wave_656",12.2672723298155
"Wave_657",16.007480801385
"Wave_658",20.2115326754897
"Wave_659",22.7303559106942
"Wave_660",23.8129111638936
"Wave_661",25.9717441139869
"Wave_662",27.3023073737968
"Wave_663",31.5907808902378
"Wave_664",36.0541231018648
"Wave_665",36.729806862149
"Wave_666",35.4014795555265
"Wave_667",33.3798405531966
"Wave_668",32.4289089687799
"Wave_669",31.3517049202757
"Wave_670",30.6983883571236
"Wave_671",27.6250526174479
"Wave_672",26.1711515814588
"Wave_673",24.6202537908427
"Wave_674",21.3926360567427
"Wave_675",15.0464115527379
"Wave_676",10.5747620126439
"Wave_677",4.59960753571567
"Wave_678",-1.60789001292535
"Wave_679",-6.07659648016274
"Wave_680",-10.124679364413
"Wave_681",-13.4984552505904
"Wave_682",-16.2275788440689
"Wave_683",-16.2897070388401
"Wave_684",-18.3738396042452
"Wave_685",-23.1154626692143
"Wave_686",-25.7767846780495
"Wave_687",-24.1209759030071
"Wave_688",-25.1316503806643
"Wave_689",-28.0446930992017
"Wave_690",-30.8826630077825
"Wave_691",-34.8945789625288
"Wave_692",-41.8671703774156
"Wave_693",-46.8023174030182
"Wave_694",-49.994571360912
"Wave_695",-54.4565197675768
"Wave_696",-61.8550362536249
"Wave_697",-63.9705210710977
"Wave_698",-61.9379136112604
"Wave_699",-59.806597320385
"Wave_700",-54.5099963491493
"Wave_701",-51.099505944328
"Wave_702",-46.9198477354193
"Wave_703",-35.4167944279984
"Wave_704",-22.0966240423526
"Wave_705",-12.4997055471595
"Wave_706",-0.519891332433989
"Wave_707",10.5562416271243
"Wave_708",23.0587938316124
"Wave_709",32.7702088874829
"Wave_710",43.9274384852482
"Wave_711",51.4287372094084
"Wave_712",59.5463074725069
"Wave_713",63.9025546128962
"Wave_714",70.295767812227
"Wave_715",68.5167765992361
"Wave_716",65.832685892678
"Wave_717",60.2616806432075
"Wave_718",58.0730763596967
"Wave_719",53.9713527976964
"Wave_720",46.3173737563934
"Wave_721",40.5268777244378
"Wave_722",36.163779548454
"Wave_723",27.2400450248666
"Wave_724",18.6542661891681
"Wave_725",7.70733903578064
"Wave_726",-1.74058115539348
"Wave_727",-7.8385690600818
"Wave_728",-16.3765006026899
"Wave_729",-24.5965613231032
"Wave_730",-33.5073833172301
"Wave_731",-40.091695924345
"Wave_732",-48.1634772707362
"Wave_733",-54.5074718786952
"Wave_734",-59.8212525129721
"Wave_735",-66.0371727631543
"Wave_736",-65.9974048304661
"Wave_737",-66.9833262134547
"Wave_738",-66.0490788706701
"Wave_739",-65.8951387258933
"Wave_740",-62.7779886524199
"Wave_741",-62.3261053834318
"Wave_742",-64.7103439305268
"Wave_743",-70.6882447452158
"Wave_744",-65.1402929059401
"Wave_745",-56.8248359858171
"Wave_746",-49.1685505039566
"Wave_747",-49.1878825308101
"Wave_748",-43.6683492874715
"Wave_749",-41.5432081325822
"Wave_750",-40.216612783548
"Wave_751",-41.3765246964886
"Wave_752",-44.2062887659527
"Wave_753",-37.865794251982
"Wave_754",-31.1486941965119
"Wave_755",-27.6119630306013
"Wave_756",-28.227102173609
"Wave_757",-26.1261624301158
"Wave_758",-27.0354762520956
"Wave_759",-23.5081164601423
"Wave_760",-14.7699005279993
"Wave_761",-12.5728595585337
"Wave_762",-8.17402507728499
"Wave_763",-3.65071567020494
"Wave_764",-1.65013735689714
"Wave_765",-0.830069510001929
"Wave_766",-0.509699169274738
"Wave_767",2.76244115009218
"Wave_768",6.31033717048768
"Wave_769",6.24539070756784
"Wave_770",8.93248085529366
"Wave_771",11.9364057696409
"Wave_772",9.52128720982223
"Wave_773",8.83658550393001
"Wave_774",12.4034491017257
"Wave_775",16.292042479044
"Wave_776",22.0849701631256
"Wave_777",23.0000001904091
"Wave_778",15.5614940775699
"Wave_779",15.124335266706
"Wave_780",21.7118291098704
"Wave_781",27.9607569728005
"Wave_782",24.8217517505549
"Wave_783",26.7770062400804
"Wave_784",26.6118520190289
"Wave_785",25.359690972729
"Wave_786",21.418392414381
"Wave_787",25.8215565783011
"Wave_788",27.1657455198578
"Wave_789",29.2772929684985
"Wave_790",30.6936838311874
"Wave_791",30.1714711123449
"Wave_792",31.0586779290844
"Wave_793",31.5940707298149
"Wave_794",30.4080774004318
"Wave_795",31.182479066957
"Wave_796",31.509113931142
"Wave_797",31.4106489273678
"Wave_798",32.5893416291752
"Wave_799",33.4862873938712
"Wave_800",30.966614325015
"Wave_801",30.7434259412594
"Wave_802",28.718065262921
"Wave_803",29.7597993528196
"Wave_804",34.0076762582009
"Wave_805",36.3325724847432
"Wave_806",42.451720674406
"Wave_807",37.4908239997804
"Wave_808",34.3701351272826
"Wave_809",32.7264661061405
"Wave_810",34.7849804668883
"Wave_811",36.0787683601128
"Wave_812",37.7607032184267
"Wave_813",37.4774467895601
"Wave_814",37.2595518526296
"Wave_815",36.8815114406986
"Wave_816",37.4286772422131
"Wave_817",32.2284083019014
"Wave_818",32.0924059409998
"Wave_819",33.3336496898018
"Wave_820",34.379208355344
"Wave_821",35.3880242868733
"Wave_822",31.2311329642279
"Wave_823",28.8588413642705
"Wave_824",29.0872837000869
"Wave_825",34.7139756081781
"Wave_826",37.8071351418687
"Wave_827",33.1358901752031
"Wave_828",31.0780753455842
"Wave_829",31.0597127035873
"Wave_830",27.3715322988407
"Wave_831",35.365182623374
"Wave_832",38.0884205854713
"Wave_833",32.6740648888676
"Wave_834",29.759113766667
"Wave_835",26.0293547700994
"Wave_836",30.1644520755067
"Wave_837",29.5833547696693
"Wave_838",28.5397581569956
"Wave_839",28.1337771459107
"Wave_840",29.9472455239531
"Wave_841",28.6410822577441
"Wave_842",31.7225002833841
"Wave_843",24.0978483669356
"Wave_844",22.917810753628
"Wave_845",35.4572908864208
"Wave_846",28.0955940038819
"Wave_847",31.1763270032363
"Wave_848",25.4325456984764
"Wave_849",13.5505138167
"Wave_850",15.0888291600457
"Wave_851",17.0766369385445
"Wave_852",23.87970090767
"Wave_853",23.5976417776626
"Wave_854",16.5006294304434
"Wave_855",22.7345470995103
"Wave_856",17.0410401089009
"Wave_857",19.3181813086911
"Wave_858",16.3719910592274
"Wave_859",14.6974625563333
"Wave_860",16.2450223353067
"Wave_861",14.7290610892191
"Wave_862",14.8808349259458
"Wave_863",11.7130935772446
"Wave_864",8.57124399501017
"Wave_865",11.3867266529274
"Wave_866",20.1435843949982
"Wave_867",16.5702359639024
"Wave_868",18.5180905971749
"Wave_869",18.0430941269278
"Wave_870",11.3050899237212
"Wave_871",10.1805095571566
"Wave_872",6.19093671252636
"Wave_873",19.2409750006294
"Wave_874",10.3432100731306
"Wave_875",4.16641413154722
"Wave_876",9.99275564007456
"Wave_877",9.78602312071502
"Wave_878",12.2062179135334
"Wave_879",5.2587862498623
"Wave_880",7.90012466753302
"Wave_881",9.28819184718327
"Wave_882",4.22109923456203
"Wave_883",18.8645972286857
"Wave_884",5.41796407803592
"Wave_885",0.904308426042406
"Wave_886",0.11226746410948
"Wave_887",4.62632223747129
"Wave_888",8.73243804022858
"Wave_889",8.81997472053629
"Wave_890",4.98272105198909
"Wave_891",8.16898130946189
"Wave_892",-3.4121921903747
"Wave_893",-7.67545579614545
"Wave_894",-2.491813341837
"Wave_895",3.13049535962462
"Wave_896",-2.50439907554451
"Wave_897",5.86581390201815
"Wave_898",5.69662739901432
"Wave_899",1.13497584192436
"Wave_900",-3.46620514138805
"Wave_901",-9.649002103438
"Wave_902",-0.450273317415665
"Wave_903",2.88742555641848
"Wave_904",-1.69448823276613
"Wave_905",-3.73228581565604
"Wave_906",-4.84656613622042
"Wave_907",-14.698441220839
"Wave_908",-22.9542593396948
"Wave_909",3.09001793995735
"Wave_910",-10.7539077261787
"Wave_911",-15.8067739696073
"Wave_912",-10.7972474545998
"Wave_913",-9.3096862121038
"Wave_914",-6.98405313634773
"Wave_915",-5.45698388919802
"Wave_916",-7.49032622350509
"Wave_917",-14.4039102150978
"Wave_918",-20.8569099117005
"Wave_919",-18.6654877124998
"Wave_920",-4.60439181184328
"Wave_921",-1.50850454073062
"Wave_922",-15.2075185769184
"Wave_923",-24.3965175683795
"Wave_924",-29.2278199148931
"Wave_925",-26.7238037931905
"Wave_926",-14.6206359404119
"Wave_927",2.86712930750853
"Wave_928",-2.33427721350612
"Wave_929",-18.7538758758586
"Wave_930",-17.1659677701448
"Wave_931",-27.4755392755325
"Wave_932",-29.5468367468158
"Wave_933",-10.602118262248
"Wave_934",-11.9230939325228
"Wave_935",-32.1432830283298
"Wave_936",-33.9289268981506
"Wave_937",-26.3170915625505
"Wave_938",-22.2369478414859
"Wave_939",-16.5566052719791
"Wave_940",-10.1213580734503
"Wave_941",-20.3432346961391
"Wave_942",-34.7499097210467
"Wave_943",-30.6691154436614
"Wave_944",-30.9760502047063
"Wave_945",-27.6891984629226
"Wave_946",-28.4508533474244
"Wave_947",-29.6655061931093
"Wave_948",-6.98841325011299
"Wave_949",-26.4146756501738
"Wave_950",-17.4733164927407
"Wave_951",-29.7271899007326
"Wave_952",-40.3829605097452
"Wave_953",-37.6252788372316
"Wave_954",-30.8339852632252
"Wave_955",-34.1166893598658
"Wave_956",-20.9071742966602
"Wave_957",-37.7185899320962
"Wave_958",-27.7334881575512
"Wave_959",-25.5627604732067
"Wave_960",-25.7059276010176
"Wave_961",-20.0852108980073
"Wave_962",-22.9222300228508
"Wave_963",-26.41777468841
"Wave_964",-39.2612529757659
"Wave_965",-38.2990615998569
"Wave_966",-39.0032916145407
"Wave_967",-34.8100717507382
"Wave_968",-37.0688680550509
"Wave_969",-50.7681041634715
"Wave_970",-46.0061545564563
"Wave_971",-32.6329992968692
"Wave_972",-29.5783567567579
"Wave_973",-31.2097596234048
"Wave_974",-32.8411650677953
"Wave_975",-32.4472539059898
"Wave_976",-32.0873830734949
"Wave_977",-32.5380627611939
"Wave_978",-32.9887437527932
"Wave_979",-30.0260742793853
"Wave_980",-27.0504505769732
"Wave_981",-24.3190349500987
"Wave_982",-22.0790747207621
"Wave_983",-24.2622380984926
"Wave_984",-24.1246133408593
"Wave_985",-23.4067905134704
"Wave_986",-22.7144493030317
"Wave_987",-22.1240188527398
"Wave_988",-15.9933919597867
"Wave_989",-9.86276298627828
"Wave_990",-0.919635441243845
"Wave_991",10.0263748198511
"Wave_992",12.1089121632703
"Wave_993",14.1914533683056
"Wave_994",12.6558903243362
"Wave_995",11.5993494846389
"Wave_996",17.2886760170115
"Wave_997",22.9780014593649
"Wave_998",24.6637831925713
"Wave_999",22.3225212842433
"Wave_1000",17.6700219879267
"Wave_1001",13.0175237901407
"Wave_1002",17.7340255400834
"Wave_1003",23.3358954645758
"Wave_1004",28.8710634387976
"Wave_1005",33.7315512374915
"Wave_1006",32.5198762796693
"Wave_1007",31.4565247780183
"Wave_1008",30.4096536958573
"Wave_1009",28.9386664147307
"Wave_1010",25.8209432084458
"Wave_1011",23.1507688083751
"Wave_1012",20.4805938320188
"Wave_1013",18.1289265062411
"Wave_1014",16.1172955034974
"Wave_1015",13.7843057137212
"Wave_1016",11.4513177502696
"Wave_1017",9.80024165627109
"Wave_1018",7.9971383435279
"Wave_1019",5.5873966463453
"Wave_1020",3.17765362723206
"Wave_1021",0.172074461970629
"Wave_1022",-1.83981808773995
"Wave_1023",-3.31640565222307
"Wave_1024",-4.7929959441818
"Wave_1025",-6.58751995119731
"Wave_1026",-7.18429508872005
"Wave_1027",-7.64405975175488
"Wave_1028",-8.04249852876352
"Wave_1029",-7.97556395237486
"Wave_1030",-8.68762061792866
"Wave_1031",-9.39967915058187
"Wave_1032",-9.9860441428965
"Wave_1033",-9.87999545583942
"Wave_1034",-9.3314274394819
"Wave_1035",-8.78286280750683
"Wave_1036",-8.42806667497331
"Wave_1037",-8.24617874451394
"Wave_1038",-7.94654219028043
"Wave_1039",-7.64690249644456
"Wave_1040",-7.21934178811704
"Wave_1041",-7.35350430067374
"Wave_1042",-7.76495249418845
"Wave_1043",-8.17640316689391
"Wave_1044",-8.27328815858986
"Wave_1045",-7.53094528201172
"Wave_1046",-6.70409336042436
"Wave_1047",-5.87724059728891
"Wave_1048",-5.11757037447702
"Wave_1049",-5.54049223006386
"Wave_1050",-5.96341621415267
"Wave_1051",-6.35298315621018
"Wave_1052",-6.47245087110731
"Wave_1053",-6.66213718047691
"Wave_1054",-6.85182261741758
"Wave_1055",-7.15652421198513
"Wave_1056",-7.46723041024806
"Wave_1057",-7.51556243321082
"Wave_1058",-7.56389642478322
"Wave_1059",-7.48703397813772
"Wave_1060",-7.71769407828859
"Wave_1061",-8.13380109962418
"Wave_1062",-8.54990863693321
"Wave_1063",-8.8316963401487
"Wave_1064",-8.97505692613165
"Wave_1065",-9.10943176762714
"Wave_1066",-9.24380712887197
"Wave_1067",-9.44363786149838
"Wave_1068",-9.26520047978144
"Wave_1069",-9.08676271136087
"Wave_1070",-8.90832504390381
"Wave_1071",-8.64214453936652
"Wave_1072",-8.30856369293422
"Wave_1073",-7.97497947931942
"Wave_1074",-7.32555769706381
"Wave_1075",-6.21933118002566
"Wave_1076",-5.91965142005323
"Wave_1077",-5.61996903464254
"Wave_1078",-6.00093246487393
"Wave_1079",-6.97166296371958
"Wave_1080",-7.75759254259143
"Wave_1081",-8.54352199534135
"Wave_1082",-8.63340639206684
"Wave_1083",-9.12826143282698
"Wave_1084",-9.7196727329809
"Wave_1085",-10.3110842099769
"Wave_1086",-10.5263090100061
"Wave_1087",-9.87583922301444
"Wave_1088",-9.22537105316879
"Wave_1089",-8.57490130110477
"Wave_1090",-8.85906295317561
"Wave_1091",-8.56318234778956
"Wave_1092",-8.26730222935418
"Wave_1093",-7.83311234775826
"Wave_1094",-6.8199868264051
"Wave_1095",-5.78972992946216
"Wave_1096",-4.7594730878885
"Wave_1097",-3.71543721054992
"Wave_1098",-2.92127401314586
"Wave_1099",-2.19761631835358
"Wave_1100",-1.47396005510081
"Wave_1101",-0.692960555605155
"Wave_1102",-0.450299675021131
"Wave_1103",-0.207641511522474
"Wave_1104",0.0350184863544042
"Wave_1105",0.18483259068469
"Wave_1106",0.151138173195247
"Wave_1107",0.117445732253745
"Wave_1108",0.0837509731901399
"Wave_1109",0.287567476265027
"Wave_1110",0.402052935401869
"Wave_1111",0.516536994390777
"Wave_1112",0.764417430733044
"Wave_1113",1.88822119507477
"Wave_1114",2.79558436498651
"Wave_1115",3.70294905617783
"Wave_1116",4.30618611213733
"Wave_1117",4.16789410971398
"Wave_1118",4.02161898349657
"Wave_1119",3.87534570263444
"Wave_1120",4.24610937514105
"Wave_1121",4.54189727249083
"Wave_1122",4.83769040925082
"Wave_1123",5.13347938347217
"Wave_1124",6.03636072189789
"Wave_1125",6.23777499380951
"Wave_1126",6.43919298685703
"Wave_1127",6.64061246445419
"Wave_1128",7.25967807069017
"Wave_1129",7.15765543198124
"Wave_1130",7.05563446206536
"Wave_1131",7.09891700343585
"Wave_1132",7.74997527500364
"Wave_1133",8.10104156923682
"Wave_1134",8.45210601930709
"Wave_1135",8.99958818377987
"Wave_1136",8.82906523246683
"Wave_1137",8.52784357637719
"Wave_1138",8.22661938693817
"Wave_1139",7.97247136834754
"Wave_1140",6.931671418312
"Wave_1141",5.89087515503867
"Wave_1142",4.85007333405356
"Wave_1143",2.99148178584538
"Wave_1144",1.60780252301014
"Wave_1145",0.22412454379601
"Wave_1146",-1.15955404628679
"Wave_1147",-2.8681717854869
"Wave_1148",-4.01592818048443
"Wave_1149",-5.16368413055833
"Wave_1150",-6.42114981936033
"Wave_1151",-7.43122703807747
"Wave_1152",-8.13260519766395
"Wave_1153",-8.83398506752264
"Wave_1154",-10.3942736959676
"Wave_1155",-10.9250429651975
"Wave_1156",-11.4558119364537
"Wave_1157",-11.9865813376374
"Wave_1158",-12.2045921974418
"Wave_1159",-11.6836609854153
"Wave_1160",-11.1627244093569
"Wave_1161",-10.6417936776512
"Wave_1162",-10.6225782386568
"Wave_1163",-10.6932068447421
"Wave_1164",-10.7638359555251
"Wave_1165",-10.8344651400576
"Wave_1166",-11.0002664963856
"Wave_1167",-11.2439933590985
"Wave_1168",-11.4877195355463
"Wave_1169",-11.7034657848453
"Wave_1170",-11.7666262993754
"Wave_1171",-11.8252687915413
"Wave_1172",-11.8839128947766
"Wave_1173",-11.82399258548
"Wave_1174",-11.965781156098
"Wave_1175",-12.1075706679434
"Wave_1176",-12.2493593612345
"Wave_1177",-12.4977481500119
"Wave_1178",-12.6260347387162
"Wave_1179",-12.7543220210234
"Wave_1180",-12.8826080329836
"Wave_1181",-13.353453689498
"Wave_1182",-14.069872372991
"Wave_1183",-14.7862938182531
"Wave_1184",-15.5027117667998
"Wave_1185",-15.6709961693472
"Wave_1186",-15.6866522733522
"Wave_1187",-15.7023073893307
"Wave_1188",-15.7246748206126
"Wave_1189",-15.8295090620213
"Wave_1190",-15.9343406277437
"Wave_1191",-16.0391747579413
"Wave_1192",-16.5599418807165
"Wave_1193",-16.960646421459
"Wave_1194",-17.3613487821106
"Wave_1195",-17.7620541138953
"Wave_1196",-17.657879204099
"Wave_1197",-17.4850879645104
"Wave_1198",-17.3122973328466
"Wave_1199",-17.1395053014003
"Wave_1200",-17.258340884846
"Wave_1201",-17.5168771599542
"Wave_1202",-17.7754144836594
"Wave_1203",-18.0678801304345
"Wave_1204",-17.9017873494576
"Wave_1205",-17.6508169912882
"Wave_1206",-17.3998445762271
"Wave_1207",-16.9290514842346
"Wave_1208",-15.9816186245319
"Wave_1209",-15.0341900795513
"Wave_1210",-14.086755881898
"Wave_1211",-13.3424046802154
"Wave_1212",-12.7492561205125
"Wave_1213",-12.156103437779
"Wave_1214",-11.5629542133631
"Wave_1215",-10.7425421721791
"Wave_1216",-9.79020704454783
"Wave_1217",-8.83786835317717
"Wave_1218",-7.88553182159443
"Wave_1219",-6.9623576464951
"Wave_1220",-6.04714145164116
"Wave_1221",-5.1319225149778
"Wave_1222",-4.31860268130426
"Wave_1223",-3.6246599577442
"Wave_1224",-2.93071524642515
"Wave_1225",-2.2367696986823
"Wave_1226",-1.32411183007207
"Wave_1227",-0.370546971403325
"Wave_1228",0.583018645906598
"Wave_1229",1.53658574794861
"Wave_1230",2.00461510068425
"Wave_1231",2.19986766690984
"Wave_1232",2.39511982001696
"Wave_1233",2.59037292247158
"Wave_1234",3.18730124940228
"Wave_1235",3.84679652428504
"Wave_1236",4.50629140325424
"Wave_1237",5.13797078305256
"Wave_1238",5.7989136916857
"Wave_1239",6.45985662095243
"Wave_1240",7.12080174210668
"Wave_1241",7.5465036390076
"Wave_1242",7.48037646897931
"Wave_1243",7.41424959789626
"Wave_1244",7.34812065055514
"Wave_1245",7.00306184868216
"Wave_1246",6.4099086856434
"Wave_1247",5.81675794597711
"Wave_1248",5.22360534125303
"Wave_1249",5.48550777314334
"Wave_1250",5.8936749189825
"Wave_1251",6.30184045803745
"Wave_1252",6.69834762139378
"Wave_1253",6.57488525910208
"Wave_1254",6.45142359538987
"Wave_1255",6.32796399579709
"Wave_1256",6.22236701168162
"Wave_1257",6.15846479029404
"Wave_1258",6.09455864260786
"Wave_1259",6.03065528657942
"Wave_1260",5.89364143838808
"Wave_1261",5.62897732034994
"Wave_1262",5.36431682866155
"Wave_1263",5.09965372125416
"Wave_1264",4.64021566901973
"Wave_1265",4.13208252361394
"Wave_1266",3.62394994692043
"Wave_1267",3.08925028708896
"Wave_1268",2.63649404495436
"Wave_1269",2.18373766103422
"Wave_1270",1.73098053408543
"Wave_1271",1.49346991897405
"Wave_1272",1.97186063483324
"Wave_1273",2.45025214753052
"Wave_1274",2.92864645324328
"Wave_1275",3.5303525317328
"Wave_1276",4.01794891443645
"Wave_1277",4.5055465209885
"Wave_1278",4.99314792026158
"Wave_1279",6.04475483781463
"Wave_1280",7.30235719417842
"Wave_1281",8.5599626590984
"Wave_1282",9.81756304093262
"Wave_1283",9.66481879326475
"Wave_1284",9.51207543281825
"Wave_1285",9.35932825864676
"Wave_1286",9.32632746263987
"Wave_1287",9.37423555452612
"Wave_1288",9.4221439252705
"Wave_1289",9.47005202433388
"Wave_1290",9.54886365151781
"Wave_1291",9.65857975647683
"Wave_1292",9.76829590120382
"Wave_1293",9.87801378728348
"Wave_1294",10.1511133920722
"Wave_1295",10.4650587042828
"Wave_1296",10.7790042258864
"Wave_1297",11.092949726053
"Wave_1298",10.9456184584992
"Wave_1299",10.798288739769
"Wave_1300",10.6509593689272
"Wave_1301",10.6602487504049
"Wave_1302",11.0349846995916
"Wave_1303",11.4097222368635
"Wave_1304",11.7844608260317
"Wave_1305",12.1360794938387
"Wave_1306",12.4845553345948
"Wave_1307",12.8330274910202
"Wave_1308",13.1815002731573
"Wave_1309",13.897126178191
"Wave_1310",14.7045428512257
"Wave_1311",15.5119585851113
"Wave_1312",16.2458009062712
"Wave_1313",16.8037129017908
"Wave_1314",17.3616237358562
"Wave_1315",17.9195350523073
"Wave_1316",18.5114477885956
"Wave_1317",19.1826919528006
"Wave_1318",19.8539355612018
"Wave_1319",20.5251800353787
"Wave_1320",20.590286415839
"Wave_1321",20.2512989425935
"Wave_1322",19.9123121576758
"Wave_1323",19.5733224196678
"Wave_1324",19.4345520511527
"Wave_1325",19.3458344893777
"Wave_1326",19.2571129296542
"Wave_1327",19.1107633379624
"Wave_1328",18.4457421171714
"Wave_1329",17.7807196709381
"Wave_1330",17.1156955365389
"Wave_1331",16.5972756750545
"Wave_1332",16.4403551220681
"Wave_1333",16.2834334661074
"Wave_1334",16.126511293902
"Wave_1335",15.5604841767495
"Wave_1336",14.7217180278121
"Wave_1337",13.8829511966043
"Wave_1338",13.0441853467713
"Wave_1339",12.4282042156672
"Wave_1340",11.8369756172376
"Wave_1341",11.2457499333625
"Wave_1342",10.7333802754565
"Wave_1343",10.536444805989
"Wave_1344",10.3395064951158
"Wave_1345",10.1425699917892
"Wave_1346",9.65664086134785
"Wave_1347",8.73722439309838
"Wave_1348",7.81780623931455
"Wave_1349",6.89838914609826
"Wave_1350",5.69273660182156
"Wave_1351",4.36441181434954
"Wave_1352",3.03608772066245
"Wave_1353",1.70776357767687
"Wave_1354",0.501814297783568
"Wave_1355",-0.704132582343781
"Wave_1356",-1.91008164137129
"Wave_1357",-3.04901158511478
"Wave_1358",-3.9198751043324
"Wave_1359",-4.79073642965135
"Wave_1360",-5.6615965178165
"Wave_1361",-6.48641967978904
"Wave_1362",-7.26520605336815
"Wave_1363",-8.04398999998075
"Wave_1364",-8.82277637270436
"Wave_1365",-8.6571797267349
"Wave_1366",-8.25548780908014
"Wave_1367",-7.85379600996808
"Wave_1368",-7.38133336621661
"Wave_1369",-6.27194339601126
"Wave_1370",-5.16255466070788
"Wave_1371",-4.0531650586664
"Wave_1372",-2.97114302291672
"Wave_1373",-1.95297220987217
"Wave_1374",-0.934803215654274
"Wave_1375",0.0833666985256469
"Wave_1376",1.36830363546
"Wave_1377",2.83108192546964
"Wave_1378",4.29386196673752
"Wave_1379",5.75664015472686
"Wave_1380",8.47126227481672
"Wave_1381",11.3249777548393
"Wave_1382",14.1786931740002
"Wave_1383",16.7780862908256
"Wave_1384",18.3601882908462
"Wave_1385",19.9422895095396
"Wave_1386",21.5243905999386
"Wave_1387",21.6760149950659
"Wave_1388",20.3971593996823
"Wave_1389",19.1183012083202
"Wave_1390",17.8394457290079
"Wave_1391",17.3488250302348
"Wave_1392",16.9543575711986
"Wave_1393",16.5598928720009
"Wave_1394",16.1654267425542
"Wave_1395",13.6180820939905
"Wave_1396",11.0707383839292
"Wave_1397",8.52339361063569
"Wave_1398",5.84888650150516
"Wave_1399",2.87766001284271
"Wave_1400",-0.0935661869067537
"Wave_1401",-3.06479242546384
"Wave_1402",-5.88378303386872
"Wave_1403",-8.60128203087636
"Wave_1404",-11.3187808453554
"Wave_1405",-14.0362824633551
"Wave_1406",-16.4222600479775
"Wave_1407",-18.7714037269877
"Wave_1408",-21.1205479735781
"Wave_1409",-23.3302840939585
"Wave_1410",-24.9823943555485
"Wave_1411",-26.6345056307391
"Wave_1412",-28.2866141688078
"Wave_1413",-29.7252479541535
"Wave_1414",-30.9504103970647
"Wave_1415",-32.1755725438119
"Wave_1416",-33.4007337606117
"Wave_1417",-34.1218936448316
"Wave_1418",-34.7170520035825
"Wave_1419",-35.3122110151778
"Wave_1420",-35.8519504658141
"Wave_1421",-35.8929219112891
"Wave_1422",-35.9338949604212
"Wave_1423",-35.9748667412506
"Wave_1424",-35.7239904833304
"Wave_1425",-35.2666487149298
"Wave_1426",-34.8093030430224
"Wave_1427",-34.3519609087873
"Wave_1428",-33.8069121402224
"Wave_1429",-33.2242750016707
"Wave_1430",-32.6416401944835
"Wave_1431",-32.0590025211083
"Wave_1432",-31.3542966560011
"Wave_1433",-30.7183283807936
"Wave_1434",-30.0823594281778
"Wave_1435",-29.3711229038462
"Wave_1436",-28.5630974275986
"Wave_1437",-27.7550755100622
"Wave_1438",-26.9470529597614
"Wave_1439",-26.0514491678487
"Wave_1440",-25.0974565323742
"Wave_1441",-24.1434642071274
"Wave_1442",-23.189470761573
"Wave_1443",-21.828893818385
"Wave_1444",-20.4303402709563
"Wave_1445",-19.0317871696758
"Wave_1446",-17.6613034039582
"Wave_1447",-16.4030981242876
"Wave_1448",-15.1448941860921
"Wave_1449",-13.8866916136356
"Wave_1450",-12.9239261750426
"Wave_1451",-12.2565984596941
"Wave_1452",-11.5892725739281
"Wave_1453",-10.9219449040858
"Wave_1454",-9.64348809482848
"Wave_1455",-8.21224885980508
"Wave_1456",-6.78100900917506
"Wave_1457",-5.36766842913697
"Wave_1458",-4.11539927576644
"Wave_1459",-2.86313495630059
"Wave_1460",-1.61086396518707
"Wave_1461",-0.343673543978511
"Wave_1462",0.945901420030863
"Wave_1463",2.23547695545103
"Wave_1464",3.52505108203968
"Wave_1465",4.7385181200085
"Wave_1466",5.91936323205677
"Wave_1467",7.10020728104006
"Wave_1468",8.28105225865111
"Wave_1469",9.7985111170152
"Wave_1470",11.3159718400381
"Wave_1471",12.8334289112811
"Wave_1472",14.2940142467785
"Wave_1473",15.6218922116785
"Wave_1474",16.9497655493988
"Wave_1475",18.2776428399133
"Wave_1476",19.6568783969496
"Wave_1477",20.9760191593715
"Wave_1478",22.2951618930694
"Wave_1479",23.6143053939179
"Wave_1480",24.720250488919
"Wave_1481",25.7765176939963
"Wave_1482",26.8327914466124
"Wave_1483",28.0461418101769
"Wave_1484",29.6260158145092
"Wave_1485",31.2058878088742
"Wave_1486",32.785761492086
"Wave_1487",33.8987017137178
"Wave_1488",34.7003533126058
"Wave_1489",35.5020047218122
"Wave_1490",36.3036529457824
"Wave_1491",37.4260958723417
"Wave_1492",38.5841775006114
"Wave_1493",39.7422612574795
"Wave_1494",40.8130530437459
"Wave_1495",41.5346779072051
"Wave_1496",42.256303218864
"Wave_1497",42.9779269185759
"Wave_1498",43.6570615512651
"Wave_1499",44.3078697633658
"Wave_1500",44.9586753073338
"Wave_1501",45.6094846383507
"Wave_1502",46.0281555396802
"Wave_1503",46.4210344257227
"Wave_1504",46.8139112962398
"Wave_1505",47.2146097453194
"Wave_1506",47.64660251035
"Wave_1507",48.0785917491727
"Wave_1508",48.5105831395621
"Wave_1509",48.4565590648814
"Wave_1510",48.0404823987027
"Wave_1511",47.6244033781434
"Wave_1512",47.2083245839538
"Wave_1513",46.5894536752605
"Wave_1514",45.9480480309704
"Wave_1515",45.3066459999708
"Wave_1516",44.8613227248951
"Wave_1517",45.2003384130703
"Wave_1518",45.5393573481898
"Wave_1519",45.8783737790381
"Wave_1520",45.23278379148
"Wave_1521",43.7839253950817
"Wave_1522",42.3350674702078
"Wave_1523",40.8862084891806
"Wave_1524",39.4418955642352
"Wave_1525",38.0120367151581
"Wave_1526",36.5821768299484
"Wave_1527",35.16472719142
"Wave_1528",33.7969045408406
"Wave_1529",32.4290854698848
"Wave_1530",31.0612636684137
"Wave_1531",29.4023487020447
"Wave_1532",27.5055769408083
"Wave_1533",25.6088027400227
"Wave_1534",23.7120302662936
"Wave_1535",21.7559965606713
"Wave_1536",19.7933781508939
"Wave_1537",17.8307632069419
"Wave_1538",15.8544601582907
"Wave_1539",13.8234183115908
"Wave_1540",11.7923732337638
"Wave_1541",9.76133157912341
"Wave_1542",7.68189601672783
"Wave_1543",5.62538514095811
"Wave_1544",3.56887400707024
"Wave_1545",1.51236437856228
"Wave_1546",-0.60767281141739
"Wave_1547",-2.73476721786282
"Wave_1548",-4.86186241118454
"Wave_1549",-7.05991577687403
"Wave_1550",-9.45953093463088
"Wave_1551",-11.8591455661519
"Wave_1552",-14.258760406722
"Wave_1553",-16.5908754657835
"Wave_1554",-18.8779878155461
"Wave_1555",-21.1651024507673
"Wave_1556",-23.4522156781783
"Wave_1557",-25.8072406175264
"Wave_1558",-28.1757700799475
"Wave_1559",-30.5442997409299
"Wave_1560",-32.7456947725915
"Wave_1561",-34.5571133628115
"Wave_1562",-36.3685291095619
"Wave_1563",-38.1799460485044
"Wave_1564",-40.2089542614167
"Wave_1565",-42.3607150142196
"Wave_1566",-44.5124743761849
"Wave_1567",-46.6642341879581
"Wave_1568",-48.0625318731923
"Wave_1569",-49.4608257866829
"Wave_1570",-50.859122162837
"Wave_1571",-52.3882242260804
"Wave_1572",-53.9068319043851
"Wave_1573",-55.4254391627723
"Wave_1574",-56.9440472320184
"Wave_1575",-58.0896781259019
"Wave_1576",-59.1008782237956
"Wave_1577",-60.1120781149858
"Wave_1578",-61.1413941961118
"Wave_1579",-62.1672589934612
"Wave_1580",-63.1931286243911
"Wave_1581",-64.2189952937895
"Wave_1582",-64.9662594011483
"Wave_1583",-65.2627978519033
"Wave_1584",-65.5593369233457
"Wave_1585",-65.8558714235525
"Wave_1586",-66.5844624647943
"Wave_1587",-67.4403626733631
"Wave_1588",-68.2962621766648
"Wave_1589",-69.0560587220991
"Wave_1590",-69.0921550131996
"Wave_1591",-69.128248705618
"Wave_1592",-69.1643443546907
"Wave_1593",-69.0855585067585
"Wave_1594",-69.0538869183025
"Wave_1595",-69.02221571813
"Wave_1596",-68.9905415556095
"Wave_1597",-68.9216398163931
"Wave_1598",-68.7475485734601
"Wave_1599",-68.5734542686871
"Wave_1600",-68.2352385578974
"Wave_1601",-67.2885277246439
"Wave_1602",-66.3418179820232
"Wave_1603",-65.3951063245695
"Wave_1604",-64.2412769900003
"Wave_1605",-62.8918246590233
"Wave_1606",-61.5423711896572
"Wave_1607",-60.1293590136739
"Wave_1608",-59.1701629114316
"Wave_1609",-58.3249491039803
"Wave_1610",-57.4797343217299
"Wave_1611",-56.3628972330547
"Wave_1612",-54.4740708864667
"Wave_1613",-52.5852434986573
"Wave_1614",-50.6964155267945
"Wave_1615",-49.0160287885025
"Wave_1616",-47.3700081193701
"Wave_1617",-45.7239871507076
"Wave_1618",-44.0780790207678
"Wave_1619",-42.3695311442656
"Wave_1620",-40.6609842684203
"Wave_1621",-38.952438644716
"Wave_1622",-37.4758965358083
"Wave_1623",-36.3215169437518
"Wave_1624",-35.1671394850153
"Wave_1625",-34.012762133419
"Wave_1626",-32.2561561118104
"Wave_1627",-30.2623924541995
"Wave_1628",-28.2686295452913
"Wave_1629",-26.3557563715363
"Wave_1630",-25.0815690771047
"Wave_1631",-23.8073811794048
"Wave_1632",-22.533193417346
"Wave_1633",-20.8260196523287
"Wave_1634",-18.7084187906188
"Wave_1635",-16.5908181161945
"Wave_1636",-14.4789705924889
"Wave_1637",-13.3164959147487
"Wave_1638",-12.2537533178407
"Wave_1639",-11.1910133424599
"Wave_1640",-9.964680798432
"Wave_1641",-8.28782607163672
"Wave_1642",-6.61097094767462
"Wave_1643",-4.93411881797635
"Wave_1644",-3.73079917038394
"Wave_1645",-2.60775329752225
"Wave_1646",-1.48470978260728
"Wave_1647",-0.518869942587269
"Wave_1648",0.854539911214326
"Wave_1649",2.22794941245847
"Wave_1650",3.60135928450693
"Wave_1651",5.27494310262975
"Wave_1652",7.11402829022703
"Wave_1653",8.95311496906668
"Wave_1654",10.7877036662931
"Wave_1655",12.4359997750794
"Wave_1656",14.047834962264
"Wave_1657",15.6596710711572
"Wave_1658",17.0826271474631
"Wave_1659",18.3800450694688
"Wave_1660",19.6774611529618
"Wave_1661",20.9748786174839
"Wave_1662",22.2946439372435
"Wave_1663",23.5760746053706
"Wave_1664",24.8575103366082
"Wave_1665",25.7083673425421
"Wave_1666",26.822550047074
"Wave_1667",27.9367337261894
"Wave_1668",29.050917454024
"Wave_1669",29.8814606974469
"Wave_1670",30.6209709213398
"Wave_1671",31.3604820538282
"Wave_1672",32.1154862049927
"Wave_1673",32.262539838626
"Wave_1674",32.2227413526384
"Wave_1675",32.1829431303262
"Wave_1676",31.8537108643828
"Wave_1677",31.6509112231627
"Wave_1678",31.4481134310758
"Wave_1679",31.2453147722564
"Wave_1680",30.8016795369656
"Wave_1681",30.1570085345351
"Wave_1682",29.5123371985068
"Wave_1683",28.4341243239707
"Wave_1684",26.2948576240342
"Wave_1685",24.155594515194
"Wave_1686",22.0163284730145
"Wave_1687",19.8825286197932
"Wave_1688",17.6542318940916
"Wave_1689",15.4259363636219
"Wave_1690",13.1126598215895
"Wave_1691",10.0794837927255
"Wave_1692",7.0575508014515
"Wave_1693",4.03561722135855
"Wave_1694",1.56644223350513
"Wave_1695",-0.200929660439755
"Wave_1696",-1.96830629406004
"Wave_1697",-3.73568000533073
"Wave_1698",-5.18700125108277
"Wave_1699",-6.16043376819968
"Wave_1700",-7.13386643659072
"Wave_1701",-7.82581638854935
"Wave_1702",-7.28850788001168
"Wave_1703",-6.75119698677264
"Wave_1704",-6.21388646085808
"Wave_1705",-5.05799685521833
"Wave_1706",-3.61604014221384
"Wave_1707",-2.17408255520219
"Wave_1708",-0.761353113889586
"Wave_1709",0.845261421283593
"Wave_1710",2.52957094673547
"Wave_1711",4.2138812515937
"Wave_1712",5.99705183776413
"Wave_1713",7.96989965672541
"Wave_1714",9.94274887859456
"Wave_1715",11.8804864673152
"Wave_1716",13.1862720428782
"Wave_1717",14.2814095859111
"Wave_1718",15.376546556062
"Wave_1719",15.9732577530571
"Wave_1720",16.6774811966469
"Wave_1721",17.3817046869811
"Wave_1722",18.0859289839561
"Wave_1723",17.6774794842488
"Wave_1724",17.1110955419868
"Wave_1725",16.544709955071
"Wave_1726",15.855065267459
"Wave_1727",14.6092461386087
"Wave_1728",13.3221750664063
"Wave_1729",12.0351016304766
"Wave_1730",10.3601671360379
"Wave_1731",8.9045240622194
"Wave_1732",7.44888573046457
"Wave_1733",6.05649091293772
"Wave_1734",4.7365141121761
"Wave_1735",3.38432951134796
"Wave_1736",2.03214461628914
"Wave_1737",0.0209091774979013
"Wave_1738",-1.78302416468583
"Wave_1739",-3.58695800651203
"Wave_1740",-5.37754839685852
"Wave_1741",-6.65002172432433
"Wave_1742",-7.61265591582472
"Wave_1743",-8.57528852116183
"Wave_1744",-9.60246860888944
"Wave_1745",-10.3870719047501
"Wave_1746",-11.171679258054
"Wave_1747",-11.8625987975265
"Wave_1748",-11.4792461217978
"Wave_1749",-10.7492460243532
"Wave_1750",-10.0192445625504
"Wave_1751",-8.66508851832658
"Wave_1752",-6.75736870308148
"Wave_1753",-4.8672967683654
"Wave_1754",-2.97722600478937
"Wave_1755",-2.6181203572517
"Wave_1756",-2.08537608883122
"Wave_1757",-1.55263255279798
"Wave_1758",-0.982539575790979
"Wave_1759",-0.928898230592615
"Wave_1760",-1.1206026552241
"Wave_1761",-1.31230669354817
"Wave_1762",-0.917754481643001
"Wave_1763",-0.0397377958235696
"Wave_1764",0.838276170715894
"Wave_1765",1.93022118113723
"Wave_1766",2.73490634062447
"Wave_1767",3.01530629217325
"Wave_1768",3.29570441776578
"Wave_1769",4.8353311351774
"Wave_1770",5.39558337883348
"Wave_1771",5.95583733948509
"Wave_1772",6.42693226978115
"Wave_1773",6.69507902258052
"Wave_1774",7.19375186634381
"Wave_1775",7.69242809223324
"Wave_1776",8.81552998051286
"Wave_1777",8.97869386150891
"Wave_1778",9.00546457138271
"Wave_1779",8.90610230605891
"Wave_1780",8.42215904041734
"Wave_1781",8.21804670795203
"Wave_1782",8.01393520087347
"Wave_1783",8.15618416405211
"Wave_1784",8.16679429033068
"Wave_1785",8.08676400256775
"Wave_1786",8.08928720247977
"Wave_1787",8.88539092929823
"Wave_1788",9.88400264681532
"Wave_1789",10.8826124212999
"Wave_1790",11.9360866001739
"Wave_1791",12.4678608677921
"Wave_1792",12.7603771755077
"Wave_1793",13.1240484503901
"Wave_1794",14.1327862787179
"Wave_1795",15.1831154249233
"Wave_1796",16.2334406017416
"Wave_1797",16.7804655369794
"Wave_1798",16.5351997607781
"Wave_1799",16.0972726515911
"Wave_1800",15.6593457936573
"Wave_1801",16.0451277415612
"Wave_1802",16.4305430681422
"Wave_1803",16.8159611382599
"Wave_1804",17.1598574725825
"Wave_1805",17.5536810659744
"Wave_1806",18.0389472569979
"Wave_1807",18.5242131361733
"Wave_1808",19.671013909729
"Wave_1809",20.3888439921442
"Wave_1810",21.0590056871907
"Wave_1811",21.6472812824924
"Wave_1812",22.1571541901174
"Wave_1813",22.733670615431
"Wave_1814",23.3101865512505
"Wave_1815",22.4453641808076
"Wave_1816",21.7901723499191
"Wave_1817",21.2274275741928
"Wave_1818",20.6555334756577
"Wave_1819",20.17356736197
"Wave_1820",19.9334494597218
"Wave_1821",19.6933329426448
"Wave_1822",19.7128446672653
"Wave_1823",19.91606615082
"Wave_1824",20.1580009107702
"Wave_1825",20.2814347338187
"Wave_1826",20.4290113450756
"Wave_1827",21.3841692355655
"Wave_1828",22.3393288880471
"Wave_1829",22.4271965539033
"Wave_1830",23.5515783778257
"Wave_1831",25.1614806917897
"Wave_1832",26.3384221029935
"Wave_1833",26.8576389810787
"Wave_1834",27.3437365209906
"Wave_1835",27.8298324498342
"Wave_1836",27.3198680149185
"Wave_1837",27.5934866327064
"Wave_1838",28.4632755947027
"Wave_1839",29.0855168402941
"Wave_1840",29.4953841851639
"Wave_1841",31.3358040761152
"Wave_1842",33.1762252592408
"Wave_1843",32.3024255158749
"Wave_1844",32.3178173578701
"Wave_1845",33.1270552470902
"Wave_1846",33.7037468057462
"Wave_1847",34.0536916694324
"Wave_1848",35.5022545205057
"Wave_1849",36.9508150407749
"Wave_1850",35.4367435903946
"Wave_1851",35.0037259405879
"Wave_1852",35.9809389745638
"Wave_1853",35.1848425363729
"Wave_1854",31.7287874445533
"Wave_1855",30.9860357134813
"Wave_1856",30.2432856092003
"Wave_1857",28.3346359787481
"Wave_1858",27.489529420535
"Wave_1859",27.7079617108747
"Wave_1860",25.8786300943602
"Wave_1861",22.001533176546
"Wave_1862",19.5433295219599
"Wave_1863",17.0851251719281
"Wave_1864",11.2737637258625
"Wave_1865",6.91662054849571
"Wave_1866",4.74081528797741
"Wave_1867",1.51695112377455
"Wave_1868",-2.75497303823246
"Wave_1869",-4.76454547479619
"Wave_1870",-6.65182425151816
"Wave_1871",-9.70077665820157
"Wave_1872",-12.7093172831213
"Wave_1873",-15.6572428537431
"Wave_1874",-18.2876871243805
"Wave_1875",-20.7064780708941
"Wave_1876",-25.1287024963152
"Wave_1877",-29.5180201780329
"Wave_1878",-31.6077759634262
"Wave_1879",-34.9821459504292
"Wave_1880",-40.2834373791492
"Wave_1881",-43.7468323989845
"Wave_1882",-45.9849612267473
"Wave_1883",-51.0772461018368
"Wave_1884",-55.128031446755
"Wave_1885",-53.7443078129391
"Wave_1886",-53.83425430852
"Wave_1887",-56.1347079634365
"Wave_1888",-54.7500092778771
"Wave_1889",-51.7859606962934
"Wave_1890",-52.3016766756314
"Wave_1891",-52.2809854873143
"Wave_1892",-48.5681056840903
"Wave_1893",-46.2481790279575
"Wave_1894",-46.017682651938
"Wave_1895",-43.2278377114453
"Wave_1896",-39.7981554459446
"Wave_1897",-39.0075736901796
"Wave_1898",-41.3068660019237
"Wave_1899",-50.1316531656857
"Wave_1900",-53.6974576362858
"Wave_1901",-48.7017102089208
"Wave_1902",-37.6482634888746
"Wave_1903",-29.2677192132884
"Wave_1904",-27.3862063273525
"Wave_1905",-25.8980811317714
"Wave_1906",-25.609908230082
"Wave_1907",-23.5834921333894
"Wave_1908",-20.9225234621548
"Wave_1909",-19.6494397864932
"Wave_1910",-17.4630437686979
"Wave_1911",-15.3907825828989
"Wave_1912",-13.420658771956
"Wave_1913",-10.9189306109565
"Wave_1914",-9.25348136452814
"Wave_1915",-8.0697293744262
"Wave_1916",-6.85348220431366
"Wave_1917",-5.46578815300431
"Wave_1918",-3.59840458879636
"Wave_1919",-1.81674091898702
"Wave_1920",-0.29480121907464
"Wave_1921",1.35187412716414
"Wave_1922",2.91077626032277
"Wave_1923",4.17847425020142
"Wave_1924",5.35898732351388
"Wave_1925",6.25167713218413
"Wave_1926",7.34455591724553
"Wave_1927",8.38172047776064
"Wave_1928",9.14384838408797
"Wave_1929",9.82770523363765
"Wave_1930",10.1969139592794
"Wave_1931",10.9934203883598
"Wave_1932",12.1079034625981
"Wave_1933",12.912343333308
"Wave_1934",12.8262738604135
"Wave_1935",12.8507954389664
"Wave_1936",13.1109179792846
"Wave_1937",13.0608937763844
"Wave_1938",12.9470424880696
"Wave_1939",12.9562475253549
"Wave_1940",13.0121736219323
"Wave_1941",12.566283398465
"Wave_1942",12.58005187369
"Wave_1943",12.6671852565219
"Wave_1944",12.879477373362
"Wave_1945",12.8393181121086
"Wave_1946",12.7491230755662
"Wave_1947",12.2652975478044
"Wave_1948",11.6955730809544
"Wave_1949",10.9697719680051
"Wave_1950",11.2034362242937
"Wave_1951",11.4920459116846
"Wave_1952",11.4798514939661
"Wave_1953",10.9470709506512
"Wave_1954",10.191739937259
"Wave_1955",9.01046603084819
"Wave_1956",7.79835014209602
"Wave_1957",6.8953989004337
"Wave_1958",6.55773831521519
"Wave_1959",6.17502478252171
"Wave_1960",6.00808158032956
"Wave_1961",6.05506782723487
"Wave_1962",5.95076318358136
"Wave_1963",5.1868405375582
"Wave_1964",4.42291806097821
"Wave_1965",3.74059144998458
"Wave_1966",3.33942668405863
"Wave_1967",2.76020865858929
"Wave_1968",2.2948561738077
"Wave_1969",1.99276612001875
"Wave_1970",2.02750300122736
"Wave_1971",1.76601988441032
"Wave_1972",1.49687486915276
"Wave_1973",1.25743804648751
"Wave_1974",1.16599805776916
"Wave_1975",1.01508724372574
"Wave_1976",1.15002653967309
"Wave_1977",1.37129663757697
"Wave_1978",1.27136315720863
"Wave_1979",0.767193454237225
"Wave_1980",0.255307971102861
"Wave_1981",-0.296013522842414
"Wave_1982",-0.853048453838222
"Wave_1983",-1.21799625878693
"Wave_1984",-0.51883040205958
"Wave_1985",0.180335331455504
"Wave_1986",0.372376653956928
"Wave_1987",0.309209988446919
"Wave_1988",0.143880970321642
"Wave_1989",0.326483258301299
"Wave_1990",0.760361106772726
"Wave_1991",1.55755302898429
"Wave_1992",2.15285830502531
"Wave_1993",2.70451542523398
"Wave_1994",3.00706709449358
"Wave_1995",3.45334620491461
"Wave_1996",3.89027489364169
"Wave_1997",4.31502337475895
"Wave_1998",4.73945730894067
"Wave_1999",4.95693403150923
"Wave_2000",5.31710566981768
"Wave_2001",5.82885162990933
"Wave_2002",6.23047151054299
"Wave_2003",6.43331971315679
"Wave_2004",6.46383419060042
"Wave_2005",6.96954465113065
"Wave_2006",7.53192977659335
"Wave_2007",8.68710687585687
"Wave_2008",9.92500490125195
"Wave_2009",10.8590493539064
"Wave_2010",11.9612761283598
"Wave_2011",13.1159513032873
"Wave_2012",13.7658521424891
"Wave_2013",14.1547410129132
"Wave_2014",14.7819414073445
"Wave_2015",15.3428058788765
"Wave_2016",15.7480707265912
"Wave_2017",16.361001328423
"Wave_2018",18.1207394064233
"Wave_2019",19.8374765222992
"Wave_2020",20.4435483991962
"Wave_2021",20.56718330369
"Wave_2022",20.7459708396697
"Wave_2023",21.934977117941
"Wave_2024",23.12398345165
"Wave_2025",23.7737728112032
"Wave_2026",24.3962917689812
"Wave_2027",25.1735160401253
"Wave_2028",26.1022979242161
"Wave_2029",26.9787244633102
"Wave_2030",27.6785530084413
"Wave_2031",28.2623737741987
"Wave_2032",28.7664762539754
"Wave_2033",28.6840957498308
"Wave_2034",28.4870261097058
"Wave_2035",28.4757528500428
"Wave_2036",29.6266037461093
"Wave_2037",30.7774551920319
"Wave_2038",31.2016109767221
"Wave_2039",31.4726447691042
"Wave_2040",32.1455631921474
"Wave_2041",33.0140210155959
"Wave_2042",33.882478318115
"Wave_2043",33.7067677189202
"Wave_2044",33.2330370613657
"Wave_2045",32.7400067312688
"Wave_2046",31.563901607272
"Wave_2047",30.3169016372567
"Wave_2048",29.9088287633956
"Wave_2049",30.2073847844441
"Wave_2050",30.3599454271733
"Wave_2051",29.9585713888605
"Wave_2052",29.5700749892303
"Wave_2053",29.3157527315467
"Wave_2054",28.9855229690535
"Wave_2055",28.678374546691
"Wave_2056",27.8427424099874
"Wave_2057",26.5162995515988
"Wave_2058",25.0627854629005
"Wave_2059",24.7488769931875
"Wave_2060",24.4349687685978
"Wave_2061",23.875885470996
"Wave_2062",23.4852338610002
"Wave_2063",23.0502669806032
"Wave_2064",20.9239240492373
"Wave_2065",18.7975796865878
"Wave_2066",17.5664213047017
"Wave_2067",16.9527465720693
"Wave_2068",16.1215440866835
"Wave_2069",15.1268886417286
"Wave_2070",14.1704673863921
"Wave_2071",13.2654634111825
"Wave_2072",12.0608718589945
"Wave_2073",10.752369714337
"Wave_2074",8.57372137583593
"Wave_2075",6.28144678745853
"Wave_2076",3.98847930221627
"Wave_2077",2.23486021012629
"Wave_2078",0.495084139373123
"Wave_2079",-1.51346342727838
"Wave_2080",-3.62035570748568
"Wave_2081",-4.75538693604972
"Wave_2082",-5.21231113141193
"Wave_2083",-5.94690063530089
"Wave_2084",-8.42955658221777
"Wave_2085",-10.5903947941764
"Wave_2086",-12.0833404404874
"Wave_2087",-13.7500315902724
"Wave_2088",-15.416723868781
"Wave_2089",-18.1899914661673
"Wave_2090",-20.4218474888554
"Wave_2091",-21.967012307444
"Wave_2092",-23.7337301158704
"Wave_2093",-25.5004457811185
"Wave_2094",-27.031535608267
"Wave_2095",-28.3152286122191
"Wave_2096",-29.5743636863309
"Wave_2097",-31.1057224689548
"Wave_2098",-32.6370803941659
"Wave_2099",-34.8898747320807
"Wave_2100",-37.2733738796271
"Wave_2101",-39.5465899267333
"Wave_2102",-40.5785464971334
"Wave_2103",-41.6105033185604
"Wave_2104",-42.9159726038162
"Wave_2105",-44.4912067890919
"Wave_2106",-45.4162789080357
"Wave_2107",-45.7240922522495
"Wave_2108",-46.0319050154771
"Wave_2109",-47.7888797846268
"Wave_2110",-48.6359559896553
"Wave_2111",-48.9069535594264
"Wave_2112",-49.7721583883139
"Wave_2113",-50.6373634342884
"Wave_2114",-51.5912105654171
"Wave_2115",-52.8306240611253
"Wave_2116",-54.6434204849157
"Wave_2117",-55.7513357704906
"Wave_2118",-56.8592492191381
"Wave_2119",-56.2097016213964
"Wave_2120",-55.6287974163678
"Wave_2121",-55.1268153154427
"Wave_2122",-55.3906865020538
"Wave_2123",-55.6545571477318
"Wave_2124",-56.2464052129142
"Wave_2125",-56.6698202345957
"Wave_2126",-56.885568065245
"Wave_2127",-57.004669480609
"Wave_2128",-57.1237692853505
"Wave_2129",-56.8412502935491
"Wave_2130",-56.7022128306226
"Wave_2131",-56.8215144974749
"Wave_2132",-56.5065754011208
"Wave_2133",-56.1916353824009
"Wave_2134",-56.1595971345337
"Wave_2135",-56.7143879887727
"Wave_2136",-57.1461147913148
"Wave_2137",-57.0335587703897
"Wave_2138",-56.9210038424678
"Wave_2139",-55.989676339218
"Wave_2140",-54.7365296688892
"Wave_2141",-53.0735037503194
"Wave_2142",-50.7520218569567
"Wave_2143",-48.4305389351196
"Wave_2144",-47.324487221383
"Wave_2145",-46.1025335067032
"Wave_2146",-45.2914232076399
"Wave_2147",-45.1388145412578
"Wave_2148",-44.9862068564031
"Wave_2149",-42.7927936512196
"Wave_2150",-40.8817066800133
"Wave_2151",-39.174037710068
"Wave_2152",-37.5335524017489
"Wave_2153",-35.9442752799049
"Wave_2154",-34.048764467442
"Wave_2155",-31.9614770794116
"Wave_2156",-30.3153405555768
"Wave_2157",-28.895647982443
"Wave_2158",-27.2788549278682
"Wave_2159",-25.5421546248999
"Wave_2160",-23.9892342645162
"Wave_2161",-22.6520841138006
"Wave_2162",-21.6535678119706
"Wave_2163",-20.9831335806558
"Wave_2164",-19.1920021157597
"Wave_2165",-17.4008676733597
"Wave_2166",-15.1934120546755
"Wave_2167",-13.2931480809666
"Wave_2168",-11.4487864461834
"Wave_2169",-10.7814453870811
"Wave_2170",-10.1141058868127
"Wave_2171",-8.97718654889017
"Wave_2172",-7.52708883757714
"Wave_2173",-6.72937107174084
"Wave_2174",-6.21610679363989
"Wave_2175",-5.70284338266088
"Wave_2176",-3.84282133724886
"Wave_2177",-2.30650692594509
"Wave_2178",-0.621466867743556
"Wave_2179",1.3538326225056
"Wave_2180",3.32913490301505
"Wave_2181",6.1297233263828
"Wave_2182",9.17856640078135
"Wave_2183",11.6999145116775
"Wave_2184",12.7537650431092
"Wave_2185",13.6275353102414
"Wave_2186",15.5925111651511
"Wave_2187",17.5574868088218
"Wave_2188",18.5024139661722
"Wave_2189",18.7411242251266
"Wave_2190",19.2761629240031
"Wave_2191",21.167456887039
"Wave_2192",23.0587487738305
"Wave_2193",25.1936189472993
"Wave_2194",27.4202808966924
"Wave_2195",29.5741993822941
"Wave_2196",31.5562582654897
"Wave_2197",33.5383173831387
"Wave_2198",33.761973182379
"Wave_2199",33.5241457971326
"Wave_2200",34.0852699825948
"Wave_2201",35.9925038885206
"Wave_2202",37.9934705416049
"Wave_2203",40.9195993967346
"Wave_2204",43.8457260360414
"Wave_2205",46.7007375830601
"Wave_2206",49.6154686119692
"Wave_2207",51.9857964698032
"Wave_2208",51.9966212883924
"Wave_2209",52.0074432245211
"Wave_2210",52.3689351677458
"Wave_2211",52.6657235240552
"Wave_2212",52.7372669366347
"Wave_2213",53.9569252328343
"Wave_2214",55.30448768164
"Wave_2215",57.5046422899561
"Wave_2216",59.6716241402617
"Wave_2217",61.2471562754621
"Wave_2218",62.2657547305829
"Wave_2219",63.3170042802121
"Wave_2220",64.2278599407621
"Wave_2221",65.1387147591739
"Wave_2222",66.6697953142181
"Wave_2223",68.3646371506916
"Wave_2224",69.4919519912568
"Wave_2225",69.6751425831181
"Wave_2226",69.8583315074709
"Wave_2227",70.1958339118843
"Wave_2228",70.5018540067084
"Wave_2229",70.944830821424
"Wave_2230",71.4694818022328
"Wave_2231",72.0486862746028
"Wave_2232",72.791186412049
"Wave_2233",73.5336866294311
"Wave_2234",75.3310651198071
"Wave_2235",77.3921617322421
"Wave_2236",78.2303004793286
"Wave_2237",77.2340062648137
"Wave_2238",76.4101876117941
"Wave_2239",75.7247970402142
"Wave_2240",75.0394095297499
"Wave_2241",74.2249616626738
"Wave_2242",73.3702399579037
"Wave_2243",72.3640818902899
"Wave_2244",70.7112163725481
"Wave_2245",69.0583490571659
"Wave_2246",66.0365237714438
"Wave_2247",62.6366089041119
"Wave_2248",59.5615490872535
"Wave_2249",56.8681294845158
"Wave_2250",54.1110034316366
"Wave_2251",50.7805430031708
"Wave_2252",47.4500778341153
"Wave_2253",43.6183228696401
"Wave_2254",39.5737314617207
"Wave_2255",35.5297130506909
"Wave_2256",30.7856155904804
"Wave_2257",26.0415151906228
"Wave_2258",23.0439847194529
"Wave_2259",20.0464531011167
"Wave_2260",17.0561609343497
"Wave_2261",14.0706967912846
"Wave_2262",10.8705262280066
"Wave_2263",6.87367239028693
"Wave_2264",2.87681734787346
"Wave_2265",-0.190090300799569
"Wave_2266",-3.15366900726566
"Wave_2267",-7.11931526890923
"Wave_2268",-12.1181905535928
"Wave_2269",-17.1149638736673
"Wave_2270",-22.1033225926675
"Wave_2271",-27.0916797662072
"Wave_2272",-31.5863441807263
"Wave_2273",-35.9575830569247
"Wave_2274",-39.6594488304119
"Wave_2275",-42.6919401124879
"Wave_2276",-45.8060864556525
"Wave_2277",-49.6551235494071
"Wave_2278",-53.5041635973386
"Wave_2279",-55.5891421957641
"Wave_2280",-57.23310692281
"Wave_2281",-58.0895866285438
"Wave_2282",-57.7648400049249
"Wave_2283",-57.3365526904713
"Wave_2284",-55.9764122140434
"Wave_2285",-54.6162703145996
"Wave_2286",-50.8105887767762
"Wave_2287",-46.2632649436155
"Wave_2288",-42.3149888548226
"Wave_2289",-39.2652850519867
"Wave_2290",-36.2435409199717
"Wave_2291",-33.4734295750599
"Wave_2292",-30.7033172911313
"Wave_2293",-30.1848275539434
"Wave_2294",-30.6313184889401
"Wave_2295",-29.8256661494474
"Wave_2296",-27.1418048116894
"Wave_2297",-24.5099960805617
"Wave_2298",-22.3466746062697
"Wave_2299",-20.1833531732155
"Wave_2300",-18.2230693181596
"Wave_2301",-16.3498035001847
"Wave_2302",-15.881212308557
"Wave_2303",-17.5196368835232
"Wave_2304",-19.1555262026845
"Wave_2305",-20.7686178352633
"Wave_2306",-22.3817084256085
"Wave_2307",-22.9423861760953
"Wave_2308",-23.2399605362494
"Wave_2309",-23.5362094128636
"Wave_2310",-23.8304656915876
"Wave_2311",-24.4360622100919
"Wave_2312",-27.8437070148398
"Wave_2313",-31.2513521298693
"Wave_2314",-33.1542023296111
"Wave_2315",-34.6808559131407
"Wave_2316",-35.1169425318868
"Wave_2317",-34.4624661274387
"Wave_2318",-33.7355454570404
"Wave_2319",-32.7188528367553
"Wave_2320",-31.7021584912213
"Wave_2321",-30.2158516583736
"Wave_2322",-28.6773641043475
"Wave_2323",-27.7086028994113
"Wave_2324",-27.1196587560468
"Wave_2325",-26.8235082626603
"Wave_2326",-27.2105442366927
"Wave_2327",-27.5975773396542
"Wave_2328",-25.3961266695318
"Wave_2329",-23.1946745740664
"Wave_2330",-20.6513083134131
"Wave_2331",-17.9614074554251
"Wave_2332",-15.3201190938531
"Wave_2333",-12.7517544530197
"Wave_2334",-10.3636883421403
"Wave_2335",-9.59833900925302
"Wave_2336",-8.8329910698067
"Wave_2337",-8.21942461580191
"Wave_2338",-7.64380605146604
"Wave_2339",-7.41634960948535
"Wave_2340",-7.53705336746545
"Wave_2341",-7.16660293667549
"Wave_2342",-4.83152484568625
"Wave_2343",-2.49644636407051
"Wave_2344",-0.283617125294013
"Wave_2345",1.91562973508177
"Wave_2346",4.23102141132481
"Wave_2347",6.67483185310693
"Wave_2348",8.59839925259336
"Wave_2349",9.17984998008315
"Wave_2350",9.7883640171803
"Wave_2351",10.6404381995108
"Wave_2352",11.4925115125818
"Wave_2353",12.1311269410003
"Wave_2354",12.7163777162025
"Wave_2355",12.8750463123572
"Wave_2356",12.5665686743597
"Wave_2357",12.1369280235435
"Wave_2358",12.5640666385516
"Wave_2359",12.9912055912822
"Wave_2360",13.5784536412112
"Wave_2361",14.1657026101507
"Wave_2362",15.1942726511975
"Wave_2363",16.2390667325416
"Wave_2364",16.2883796849521
"Wave_2365",15.1663275920799
"Wave_2366",13.8003251668478
"Wave_2367",11.4585236059896
"Wave_2368",9.11672242155879
"Wave_2369",9.81289579076317
"Wave_2370",10.4783338865672
"Wave_2371",11.7551349210027
"Wave_2372",13.293950061318
"Wave_2373",13.8560004199775
"Wave_2374",12.9529046604353
"Wave_2375",11.5475793088544
"Wave_2376",10.3649948812428
"Wave_2377",9.18241064126686
"Wave_2378",7.59294648388012
"Wave_2379",5.95827195030256
"Wave_2380",4.773677267687
"Wave_2381",4.04931309898314
"Wave_2382",3.5067733719411
"Wave_2383",3.23697409675071
"Wave_2384",2.9119223278177
"Wave_2385",2.36586723453355
"Wave_2386",1.81981191387667
"Wave_2387",1.99694033340162
"Wave_2388",2.01419106233442
"Wave_2389",1.87768184537221
"Wave_2390",1.67527594200582
"Wave_2391",1.35775296157251
"Wave_2392",0.75163625875726
"Wave_2393",1.16195747485908
"Wave_2394",4.90227770161905
"Wave_2395",8.64259817730461
"Wave_2396",7.40992052802487
"Wave_2397",6.17724355503175
"Wave_2398",3.69097325369143
"Wave_2399",0.768867905950038
"Wave_2400",-0.587274310318813
