"","nitrate_umol_m2.10.comps"
"(Intercept)",-7.39277167091693
"Wave_500",0.639075664773279
"Wave_501",0.656879905816231
"Wave_502",0.81540097388378
"Wave_503",0.966249281485055
"Wave_504",0.95506136655981
"Wave_505",0.689059014146025
"Wave_506",0.229502544015016
"Wave_507",0.471675058762148
"Wave_508",0.794101595550697
"Wave_509",0.807173510715401
"Wave_510",0.221958366816908
"Wave_511",-0.33694742883348
"Wave_512",-0.498255653800113
"Wave_513",-0.120288349871848
"Wave_514",0.0539073607720763
"Wave_515",-0.221653356330256
"Wave_516",-0.355961122316804
"Wave_517",0.00968639968119517
"Wave_518",0.195189569488412
"Wave_519",0.1216667654344
"Wave_520",-0.215336976712049
"Wave_521",-0.24981648020113
"Wave_522",0.250957960176458
"Wave_523",0.341174920547725
"Wave_524",0.787699498896468
"Wave_525",1.1644204401338
"Wave_526",0.900311129002066
"Wave_527",0.798232271969624
"Wave_528",0.800051719286362
"Wave_529",0.859119928706014
"Wave_530",0.695199431778685
"Wave_531",0.645368536104716
"Wave_532",0.696733233731398
"Wave_533",0.642963018634264
"Wave_534",0.574472508532062
"Wave_535",0.902578108021472
"Wave_536",1.1743705223353
"Wave_537",1.08465413876578
"Wave_538",1.20568631485605
"Wave_539",1.2817661331793
"Wave_540",1.06488998869542
"Wave_541",0.989256009864071
"Wave_542",0.935621927137091
"Wave_543",1.12644211562747
"Wave_544",1.32793323756865
"Wave_545",1.37648550343217
"Wave_546",1.47279573525721
"Wave_547",1.60450068082016
"Wave_548",1.7426504207812
"Wave_549",1.93979000115157
"Wave_550",2.2669816867974
"Wave_551",2.12830269438188
"Wave_552",2.19319085246407
"Wave_553",2.16854895404977
"Wave_554",1.96672794415188
"Wave_555",1.26055334128641
"Wave_556",0.8240232572919
"Wave_557",0.319130613783353
"Wave_558",0.100308502521189
"Wave_559",-0.225306685680634
"Wave_560",-0.610869220603705
"Wave_561",-0.960407569817193
"Wave_562",-1.07726393831416
"Wave_563",-1.05008260132328
"Wave_564",-1.40484283052854
"Wave_565",-1.37287005316536
"Wave_566",-1.20433022328142
"Wave_567",-1.32690029571995
"Wave_568",-1.51698296262252
"Wave_569",-1.5071522592348
"Wave_570",-1.7254082602691
"Wave_571",-1.99922343512752
"Wave_572",-1.87644974537537
"Wave_573",-1.88827112081262
"Wave_574",-1.99269030102353
"Wave_575",-2.23577399764599
"Wave_576",-2.2776509298748
"Wave_577",-2.42774197970045
"Wave_578",-2.61141927378254
"Wave_579",-2.61541962190502
"Wave_580",-2.56956269396727
"Wave_581",-2.31168815913507
"Wave_582",-2.11550237190696
"Wave_583",-2.14348386045315
"Wave_584",-2.11672113743269
"Wave_585",-2.13663552235545
"Wave_586",-1.96560210378996
"Wave_587",-1.80035596132359
"Wave_588",-1.65772185661902
"Wave_589",-1.3282141794442
"Wave_590",-0.992074503226259
"Wave_591",-0.82020482804247
"Wave_592",-0.741527068529876
"Wave_593",-0.66485197757301
"Wave_594",-0.582569688030014
"Wave_595",-0.419796963837066
"Wave_596",-0.0941676003230247
"Wave_597",0.230253663373288
"Wave_598",0.359230847364247
"Wave_599",0.392738764388707
"Wave_600",0.559112857604151
"Wave_601",0.410061798082309
"Wave_602",0.228387495943194
"Wave_603",0.165280100522427
"Wave_604",0.271433229872693
"Wave_605",0.0753281406449582
"Wave_606",-0.115431216708825
"Wave_607",-0.363301549784337
"Wave_608",-0.809352559562918
"Wave_609",-1.05081481694213
"Wave_610",-1.23248056799201
"Wave_611",-1.50496285868209
"Wave_612",-1.66512751848124
"Wave_613",-1.82913867859563
"Wave_614",-1.92884342922672
"Wave_615",-2.02291412307383
"Wave_616",-2.22369183444511
"Wave_617",-2.33120894304766
"Wave_618",-2.28381381120051
"Wave_619",-2.30092607857795
"Wave_620",-2.33479465550173
"Wave_621",-2.32769261909165
"Wave_622",-2.30641536429172
"Wave_623",-2.34019722632627
"Wave_624",-2.27208861349715
"Wave_625",-2.17472848984622
"Wave_626",-2.2358442667646
"Wave_627",-2.12924702101003
"Wave_628",-1.93115699399067
"Wave_629",-1.81204619008998
"Wave_630",-1.57547993324249
"Wave_631",-1.29897974438642
"Wave_632",-1.05077069134043
"Wave_633",-0.762627867560342
"Wave_634",-0.618538431705371
"Wave_635",-0.274531321507862
"Wave_636",0.176549541198687
"Wave_637",0.611488718205712
"Wave_638",1.05272768229711
"Wave_639",1.47843407862622
"Wave_640",1.90768653441313
"Wave_641",2.24132262826697
"Wave_642",2.62155728790271
"Wave_643",3.02453155452553
"Wave_644",3.2521812251369
"Wave_645",3.30724819848145
"Wave_646",3.31337443452998
"Wave_647",3.38436578478958
"Wave_648",3.26359001743599
"Wave_649",3.19075950600924
"Wave_650",3.12561078336116
"Wave_651",2.85507597648138
"Wave_652",2.63209684480951
"Wave_653",2.39758970141523
"Wave_654",2.26887179322882
"Wave_655",2.13253573484657
"Wave_656",1.53567317937919
"Wave_657",1.08863275081053
"Wave_658",0.654003724480792
"Wave_659",0.432436558320081
"Wave_660",0.213537698832807
"Wave_661",-0.107935926850676
"Wave_662",-0.285559348980818
"Wave_663",-0.474241559896933
"Wave_664",-0.920996541622674
"Wave_665",-1.2851010352475
"Wave_666",-1.70099740303018
"Wave_667",-1.88398266901651
"Wave_668",-2.05767419131354
"Wave_669",-2.23592166140274
"Wave_670",-2.3447532401995
"Wave_671",-2.57422115537861
"Wave_672",-2.80040913792854
"Wave_673",-3.00971935158091
"Wave_674",-3.17957164987844
"Wave_675",-3.02847157007306
"Wave_676",-3.28936331841031
"Wave_677",-3.39562554395747
"Wave_678",-3.37005349068256
"Wave_679",-3.43052268866393
"Wave_680",-3.40035306555923
"Wave_681",-3.22563245147734
"Wave_682",-3.11615361078692
"Wave_683",-2.93856110170319
"Wave_684",-2.73197341558798
"Wave_685",-2.40718868159285
"Wave_686",-2.04667607539437
"Wave_687",-1.71510234268855
"Wave_688",-1.44125840495729
"Wave_689",-1.16594957578657
"Wave_690",-0.984581552012347
"Wave_691",-0.798131538679912
"Wave_692",-0.550200821638013
"Wave_693",-0.482494004998676
"Wave_694",-0.492693580816521
"Wave_695",-0.367451334986423
"Wave_696",-0.317775383683436
"Wave_697",-0.217155508787668
"Wave_698",0.0645685475050892
"Wave_699",0.297106595635764
"Wave_700",0.476669612204997
"Wave_701",0.702581419038918
"Wave_702",1.10623905039377
"Wave_703",1.25840439801298
"Wave_704",1.4739091320074
"Wave_705",1.89417438292853
"Wave_706",2.41170392884482
"Wave_707",2.49284698770749
"Wave_708",2.52897958849454
"Wave_709",2.70156937227325
"Wave_710",3.16142613926402
"Wave_711",3.11799558404239
"Wave_712",3.0844628060269
"Wave_713",3.11280452327749
"Wave_714",3.02436603961544
"Wave_715",2.77417986371869
"Wave_716",2.50109866396516
"Wave_717",2.05439578730349
"Wave_718",1.52490513195828
"Wave_719",0.948335843773438
"Wave_720",0.545164547514885
"Wave_721",0.279125019245809
"Wave_722",-0.133206689068472
"Wave_723",-0.726445984372242
"Wave_724",-1.26895001240992
"Wave_725",-1.81679515904073
"Wave_726",-2.11866425395872
"Wave_727",-2.32033139000931
"Wave_728",-2.61195682927865
"Wave_729",-2.84522263560824
"Wave_730",-2.85474262316509
"Wave_731",-3.1358058005312
"Wave_732",-3.42575169046274
"Wave_733",-3.47422189697504
"Wave_734",-3.40885315454136
"Wave_735",-3.45342670491832
"Wave_736",-3.14690252294893
"Wave_737",-2.90512741198729
"Wave_738",-2.66030208310303
"Wave_739",-2.42010615842642
"Wave_740",-2.02737989201989
"Wave_741",-1.59116947418174
"Wave_742",-1.27660482977874
"Wave_743",-1.42279701460573
"Wave_744",-1.11161324868853
"Wave_745",-0.653011884553388
"Wave_746",-0.235094982201106
"Wave_747",0.0735826989663811
"Wave_748",0.206009032073207
"Wave_749",0.120348426693146
"Wave_750",0.15669156487638
"Wave_751",0.0893333166124845
"Wave_752",0.115388860299287
"Wave_753",0.274126108192072
"Wave_754",0.18714091095084
"Wave_755",0.147581863989722
"Wave_756",0.203966666855403
"Wave_757",0.211894297306526
"Wave_758",0.385077510543404
"Wave_759",0.489866819461331
"Wave_760",0.673617840269781
"Wave_761",0.849186569056084
"Wave_762",0.800028204138356
"Wave_763",0.839858656490633
"Wave_764",0.726807263208938
"Wave_765",0.8610021764213
"Wave_766",0.982631508200807
"Wave_767",1.08029223527029
"Wave_768",1.21740796665676
"Wave_769",1.18743800778129
"Wave_770",1.192228645963
"Wave_771",1.16351246915107
"Wave_772",1.03938365340062
"Wave_773",1.31697911118715
"Wave_774",1.30711878752041
"Wave_775",1.25012059342306
"Wave_776",1.43621549431253
"Wave_777",1.68117795639927
"Wave_778",1.77702984548756
"Wave_779",1.569176060184
"Wave_780",1.53118412516631
"Wave_781",1.43124670950668
"Wave_782",1.26349046205913
"Wave_783",1.33680225673037
"Wave_784",1.33864049061369
"Wave_785",1.29745185868813
"Wave_786",1.52754632437693
"Wave_787",1.52426293949719
"Wave_788",1.46411314650769
"Wave_789",1.26081604922734
"Wave_790",1.35367481058208
"Wave_791",1.13071896767393
"Wave_792",1.50543057210518
"Wave_793",1.58272108885429
"Wave_794",1.45645703078227
"Wave_795",1.39942124904447
"Wave_796",0.957216643306203
"Wave_797",1.06861554285008
"Wave_798",1.0836853154807
"Wave_799",1.29343500290895
"Wave_800",1.3341725650052
"Wave_801",1.23435749557786
"Wave_802",1.18867199292175
"Wave_803",1.08253674441015
"Wave_804",0.807252016628827
"Wave_805",0.527658806590559
"Wave_806",0.855328152649333
"Wave_807",1.12558242370746
"Wave_808",1.13057423129968
"Wave_809",1.02271902697014
"Wave_810",1.12346774534329
"Wave_811",0.63194747914786
"Wave_812",0.167730012842241
"Wave_813",0.0829793225837941
"Wave_814",0.288073194766535
"Wave_815",0.427937794152942
"Wave_816",0.205112708880617
"Wave_817",0.148522167380231
"Wave_818",0.194473968977326
"Wave_819",-0.186742212201009
"Wave_820",-0.145379549741493
"Wave_821",0.287508478851699
"Wave_822",0.164918440014315
"Wave_823",-0.193419655490914
"Wave_824",0.226420043549059
"Wave_825",-0.0887338940099405
"Wave_826",-0.55554743511532
"Wave_827",-0.58571615459786
"Wave_828",-0.295554798322841
"Wave_829",0.108885618881333
"Wave_830",-0.0373182223033617
"Wave_831",-0.407231126802988
"Wave_832",-0.820234415894625
"Wave_833",-0.930414227159736
"Wave_834",-0.427395673794041
"Wave_835",0.0631635502932153
"Wave_836",-0.444033697594489
"Wave_837",-0.653580428840742
"Wave_838",-0.848036583699678
"Wave_839",-1.10354371650945
"Wave_840",-0.404927971218043
"Wave_841",-0.814330108754314
"Wave_842",-1.13149911905789
"Wave_843",-0.748645850213947
"Wave_844",-0.613949426848913
"Wave_845",-0.827215973820144
"Wave_846",-0.776191581375257
"Wave_847",-0.619883069575468
"Wave_848",-0.670478957328489
"Wave_849",-0.74210394640629
"Wave_850",-0.726706431806805
"Wave_851",-0.335543667129354
"Wave_852",-0.677487000546477
"Wave_853",-0.845221696376492
"Wave_854",-0.647546306818966
"Wave_855",-0.945932794372423
"Wave_856",-1.41335330753686
"Wave_857",-1.1182028003282
"Wave_858",-0.537886386250033
"Wave_859",0.0462460209947118
"Wave_860",-0.0249219722963128
"Wave_861",-0.805010337584037
"Wave_862",-1.01589528510977
"Wave_863",-1.33676711509934
"Wave_864",-1.42344208551585
"Wave_865",-0.543086672544201
"Wave_866",-0.573148110403113
"Wave_867",-0.984599614520957
"Wave_868",-0.760053698455929
"Wave_869",-0.755938008781443
"Wave_870",-0.941426422522722
"Wave_871",-0.754607822591413
"Wave_872",-0.136538758283333
"Wave_873",-0.533145640105641
"Wave_874",-0.504320506791161
"Wave_875",-0.609949842380813
"Wave_876",-0.60100272035811
"Wave_877",-0.854231655407484
"Wave_878",-0.962722541866152
"Wave_879",-0.926296180025601
"Wave_880",-0.848417166976211
"Wave_881",-0.774359129141189
"Wave_882",-0.638950328533987
"Wave_883",-0.65299502254214
"Wave_884",-0.620974829566129
"Wave_885",0.289995278849361
"Wave_886",0.298313679535632
"Wave_887",-0.0123410599147207
"Wave_888",-0.68013387623615
"Wave_889",-2.01289100476433
"Wave_890",-0.824268001890006
"Wave_891",-0.561527810798033
"Wave_892",-0.465686653143708
"Wave_893",-0.0935333344331012
"Wave_894",0.389833354279921
"Wave_895",-0.30315067148224
"Wave_896",-0.00385411053625484
"Wave_897",-0.0222146162978351
"Wave_898",0.129867001114641
"Wave_899",0.0704861610590533
"Wave_900",-0.4535737205655
"Wave_901",-0.927909704305216
"Wave_902",-0.511272533756025
"Wave_903",-0.718208289944152
"Wave_904",-0.44332932142173
"Wave_905",-0.134760240922604
"Wave_906",-0.0848511328776219
"Wave_907",-0.0478069954247696
"Wave_908",-0.20174422660473
"Wave_909",-0.504945327748542
"Wave_910",-0.766179785510688
"Wave_911",-0.313579287968282
"Wave_912",0.32900894510736
"Wave_913",0.474430148106619
"Wave_914",0.25132993680019
"Wave_915",-0.676206357251847
"Wave_916",-0.672557330709681
"Wave_917",-0.652249681922717
"Wave_918",-0.271399768006738
"Wave_919",0.494891949413498
"Wave_920",0.908873480035988
"Wave_921",0.0284400979306655
"Wave_922",-0.67991108204305
"Wave_923",0.00513064575443453
"Wave_924",0.479221216484776
"Wave_925",0.811025665534997
"Wave_926",0.951675238798104
"Wave_927",-0.0633700232756156
"Wave_928",-1.09305817893509
"Wave_929",-0.377542215363261
"Wave_930",0.740315380657515
"Wave_931",1.48933413445172
"Wave_932",1.24096517698939
"Wave_933",0.173080799827626
"Wave_934",-0.650191499994655
"Wave_935",-1.27539231759171
"Wave_936",0.4430608120295
"Wave_937",0.665634299334607
"Wave_938",1.02136569767251
"Wave_939",0.910947893462699
"Wave_940",0.0387554480968812
"Wave_941",0.382074411636005
"Wave_942",1.01133501244931
"Wave_943",-0.389989009078727
"Wave_944",0.309307063864346
"Wave_945",0.95366490405222
"Wave_946",0.496116456157006
"Wave_947",-0.170165160339624
"Wave_948",0.644572306095327
"Wave_949",0.191372193388071
"Wave_950",-0.429922611381754
"Wave_951",-0.274775972223655
"Wave_952",-0.0440302819338328
"Wave_953",0.265921203098919
"Wave_954",0.662437992788549
"Wave_955",0.570656214955444
"Wave_956",1.01111733139148
"Wave_957",1.00626026182977
"Wave_958",1.29386036787589
"Wave_959",0.625679211168253
"Wave_960",-0.508313221575607
"Wave_961",-0.680204397852153
"Wave_962",1.40431109329277
"Wave_963",0.926719854193562
"Wave_964",-0.465407234708626
"Wave_965",-1.40566011782818
"Wave_966",-0.524354872205586
"Wave_967",0.687084353115837
"Wave_968",0.948779397721891
"Wave_969",1.21546251446642
"Wave_970",2.00429573889361
"Wave_971",0.415186346008415
"Wave_972",0.204442718248178
"Wave_973",0.494531605774546
"Wave_974",0.784620641221682
"Wave_975",0.928349076445746
"Wave_976",0.957085052453939
"Wave_977",0.868217156988812
"Wave_978",0.779349643310431
"Wave_979",0.994021554034449
"Wave_980",1.24147438936672
"Wave_981",1.48829659195999
"Wave_982",1.69106951013058
"Wave_983",1.49739856208603
"Wave_984",1.39805859050811
"Wave_985",1.32230132608037
"Wave_986",1.26235150542592
"Wave_987",1.26563147252798
"Wave_988",0.971248818033735
"Wave_989",0.676866273753979
"Wave_990",0.493742401534838
"Wave_991",0.551892737171448
"Wave_992",0.907587203854946
"Wave_993",1.2632818101302
"Wave_994",1.44961421596192
"Wave_995",1.50273584924686
"Wave_996",1.50848431685954
"Wave_997",1.5142328833546
"Wave_998",1.39566291629801
"Wave_999",1.23025374233965
"Wave_1000",1.07128481126321
"Wave_1001",0.912315864009793
"Wave_1002",0.8124033383777
"Wave_1003",0.541726281615021
"Wave_1004",0.195052499865158
"Wave_1005",-0.153900247896685
"Wave_1006",-0.523362517974542
"Wave_1007",-0.668872851468137
"Wave_1008",-0.789499714551463
"Wave_1009",-0.923325242165555
"Wave_1010",-1.11357313687499
"Wave_1011",-1.3364713313506
"Wave_1012",-1.55936955050051
"Wave_1013",-1.6311957650672
"Wave_1014",-1.49212771527158
"Wave_1015",-1.3897245958303
"Wave_1016",-1.28732131479483
"Wave_1017",-1.21785606035356
"Wave_1018",-1.1141224267742
"Wave_1019",-0.954161608434783
"Wave_1020",-0.794200805150583
"Wave_1021",-0.623190876666391
"Wave_1022",-0.501150325709991
"Wave_1023",-0.402126056737177
"Wave_1024",-0.303101790407527
"Wave_1025",-0.221873262922832
"Wave_1026",-0.169315532864547
"Wave_1027",-0.119723702831305
"Wave_1028",-0.0675371765891568
"Wave_1029",0.00476963233097222
"Wave_1030",0.0479824486195327
"Wave_1031",0.091195033309913
"Wave_1032",0.131592333130022
"Wave_1033",0.161929184442743
"Wave_1034",0.195071234285957
"Wave_1035",0.228213136669459
"Wave_1036",0.263703033200158
"Wave_1037",0.267921545984119
"Wave_1038",0.23734687037346
"Wave_1039",0.206771966223003
"Wave_1040",0.156411387316596
"Wave_1041",0.140473181845839
"Wave_1042",0.144940789916989
"Wave_1043",0.149408225392013
"Wave_1044",0.181655240471801
"Wave_1045",0.20509144880092
"Wave_1046",0.226777200879772
"Wave_1047",0.248462966562987
"Wave_1048",0.235573506869688
"Wave_1049",0.235770193420824
"Wave_1050",0.235967004577665
"Wave_1051",0.237358477050444
"Wave_1052",0.247910058131482
"Wave_1053",0.254745448583096
"Wave_1054",0.261580804842947
"Wave_1055",0.273617078386737
"Wave_1056",0.323905647908261
"Wave_1057",0.400310816650648
"Wave_1058",0.476715927839258
"Wave_1059",0.534183938004036
"Wave_1060",0.552520519898905
"Wave_1061",0.562202689663008
"Wave_1062",0.571884647685784
"Wave_1063",0.60069044340164
"Wave_1064",0.598529062082676
"Wave_1065",0.592016179898296
"Wave_1066",0.585503271439937
"Wave_1067",0.567299815516596
"Wave_1068",0.548499319811596
"Wave_1069",0.529698548937934
"Wave_1070",0.510898041021648
"Wave_1071",0.483906001583471
"Wave_1072",0.47598128975481
"Wave_1073",0.468056610203682
"Wave_1074",0.45554203695439
"Wave_1075",0.44474598971031
"Wave_1076",0.454027907936836
"Wave_1077",0.463309692181673
"Wave_1078",0.504214879190517
"Wave_1079",0.572350552369499
"Wave_1080",0.631827473695937
"Wave_1081",0.691304440034887
"Wave_1082",0.725300818975195
"Wave_1083",0.767355342034017
"Wave_1084",0.812192575985396
"Wave_1085",0.857029816350915
"Wave_1086",0.894774310262339
"Wave_1087",0.904906765196588
"Wave_1088",0.915039307585601
"Wave_1089",0.92517167282464
"Wave_1090",0.899906579139636
"Wave_1091",0.836965687030177
"Wave_1092",0.774024867911024
"Wave_1093",0.712336380361982
"Wave_1094",0.669362820489279
"Wave_1095",0.635525779087602
"Wave_1096",0.601688824754029
"Wave_1097",0.554251291506868
"Wave_1098",0.493317985496459
"Wave_1099",0.436944094942718
"Wave_1100",0.380570421122686
"Wave_1101",0.339446193114788
"Wave_1102",0.325727020909334
"Wave_1103",0.312007781253815
"Wave_1104",0.298288539861387
"Wave_1105",0.281023593225545
"Wave_1106",0.253002893770367
"Wave_1107",0.224982115705915
"Wave_1108",0.196961258456736
"Wave_1109",0.19689379381299
"Wave_1110",0.226045644425847
"Wave_1111",0.255197609443246
"Wave_1112",0.281936463635035
"Wave_1113",0.293744954030737
"Wave_1114",0.31007718777703
"Wave_1115",0.326409218824966
"Wave_1116",0.342859522187562
"Wave_1117",0.325542725338113
"Wave_1118",0.299715325341157
"Wave_1119",0.273887988715714
"Wave_1120",0.252940681998194
"Wave_1121",0.271225708212021
"Wave_1122",0.289510751498156
"Wave_1123",0.30779592755903
"Wave_1124",0.329797010717884
"Wave_1125",0.392909171883084
"Wave_1126",0.456021339211266
"Wave_1127",0.51913351633307
"Wave_1128",0.567815950038813
"Wave_1129",0.635241721834592
"Wave_1130",0.702667538891178
"Wave_1131",0.765991095628849
"Wave_1132",0.80460058045129
"Wave_1133",0.848440653012303
"Wave_1134",0.89228086572749
"Wave_1135",0.929485586938379
"Wave_1136",0.91953657176204
"Wave_1137",0.906068434120345
"Wave_1138",0.892600378904133
"Wave_1139",0.858107025984279
"Wave_1140",0.812763582467392
"Wave_1141",0.767420226316711
"Wave_1142",0.722076791267766
"Wave_1143",0.670527289221309
"Wave_1144",0.54812434998864
"Wave_1145",0.42572122507039
"Wave_1146",0.303318190261282
"Wave_1147",0.169592125109019
"Wave_1148",0.0210947462934114
"Wave_1149",-0.127402628810342
"Wave_1150",-0.274896635740613
"Wave_1151",-0.379941019670314
"Wave_1152",-0.476630683115788
"Wave_1153",-0.573320237507014
"Wave_1154",-0.649885469729734
"Wave_1155",-0.868692336943829
"Wave_1156",-1.08749916316343
"Wave_1157",-1.30630582098988
"Wave_1158",-1.48072029242516
"Wave_1159",-1.54185846652157
"Wave_1160",-1.60299673619056
"Wave_1161",-1.66413502347471
"Wave_1162",-1.71660998661794
"Wave_1163",-1.74869172877526
"Wave_1164",-1.78077373022359
"Wave_1165",-1.81285565906337
"Wave_1166",-1.82942731582207
"Wave_1167",-1.84880900059177
"Wave_1168",-1.86819047361717
"Wave_1169",-1.88465459774508
"Wave_1170",-1.8442204227806
"Wave_1171",-1.79876068055414
"Wave_1172",-1.75330115073415
"Wave_1173",-1.71763849979607
"Wave_1174",-1.73902777151476
"Wave_1175",-1.76041696103576
"Wave_1176",-1.78180620163307
"Wave_1177",-1.78700474239523
"Wave_1178",-1.74319856157737
"Wave_1179",-1.69939221440843
"Wave_1180",-1.65558603595283
"Wave_1181",-1.62059510231215
"Wave_1182",-1.60026335125112
"Wave_1183",-1.57993123720439
"Wave_1184",-1.55959935377773
"Wave_1185",-1.53668952696242
"Wave_1186",-1.50893819935994
"Wave_1187",-1.4811868204058
"Wave_1188",-1.45116366324991
"Wave_1189",-1.37075457130393
"Wave_1190",-1.29034565788061
"Wave_1191",-1.20993663123827
"Wave_1192",-1.16294947952398
"Wave_1193",-1.23968004359408
"Wave_1194",-1.31641054468539
"Wave_1195",-1.39314107231422
"Wave_1196",-1.41184629423837
"Wave_1197",-1.37609698289285
"Wave_1198",-1.34034756870023
"Wave_1199",-1.30459816384719
"Wave_1200",-1.24900148064966
"Wave_1201",-1.18626203128477
"Wave_1202",-1.12352273571829
"Wave_1203",-1.0613022854389
"Wave_1204",-1.04539179952398
"Wave_1205",-1.03410758282591
"Wave_1206",-1.02282329283002
"Wave_1207",-1.0184077016047
"Wave_1208",-1.03827563035733
"Wave_1209",-1.05814340611642
"Wave_1210",-1.07801142012226
"Wave_1211",-1.07467219854771
"Wave_1212",-1.04108771876024
"Wave_1213",-1.00750340225756
"Wave_1214",-0.973918924724463
"Wave_1215",-0.970529681153481
"Wave_1216",-0.980882179054431
"Wave_1217",-0.991234854710302
"Wave_1218",-1.00158738879925
"Wave_1219",-0.992221234627757
"Wave_1220",-0.984264233455883
"Wave_1221",-0.976307236853098
"Wave_1222",-0.976735031870105
"Wave_1223",-1.01255438285891
"Wave_1224",-1.04837377144913
"Wave_1225",-1.08419320103081
"Wave_1226",-1.0915272593613
"Wave_1227",-1.06141417901368
"Wave_1228",-1.03130078863683
"Wave_1229",-1.00118756877844
"Wave_1230",-0.993035742950727
"Wave_1231",-0.997694642123254
"Wave_1232",-1.00235340414812
"Wave_1233",-1.00701221385481
"Wave_1234",-1.00413120411842
"Wave_1235",-0.996852280864513
"Wave_1236",-0.989573530856269
"Wave_1237",-0.979645598108183
"Wave_1238",-0.978899553239664
"Wave_1239",-0.978153677222715
"Wave_1240",-0.977407593302753
"Wave_1241",-0.972221501090583
"Wave_1242",-0.95181305896229
"Wave_1243",-0.931404617934679
"Wave_1244",-0.910996150867007
"Wave_1245",-0.903146127404453
"Wave_1246",-0.905219208619985
"Wave_1247",-0.907292199207558
"Wave_1248",-0.909365290433241
"Wave_1249",-0.91122744190975
"Wave_1250",-0.915319936714457
"Wave_1251",-0.919412403286802
"Wave_1252",-0.925481510703318
"Wave_1253",-0.928595043879672
"Wave_1254",-0.931708650157731
"Wave_1255",-0.934822155723883
"Wave_1256",-0.923006637282913
"Wave_1257",-0.876356432502633
"Wave_1258",-0.829706291320991
"Wave_1259",-0.783056185385274
"Wave_1260",-0.746169115964962
"Wave_1261",-0.715868105332028
"Wave_1262",-0.685567298469118
"Wave_1263",-0.655266467829787
"Wave_1264",-0.60519844553217
"Wave_1265",-0.550188529772466
"Wave_1266",-0.495178555008854
"Wave_1267",-0.441795802583016
"Wave_1268",-0.429259395755826
"Wave_1269",-0.416722860418797
"Wave_1270",-0.404186516387574
"Wave_1271",-0.395448022183331
"Wave_1272",-0.395602134465571
"Wave_1273",-0.395756216214392
"Wave_1274",-0.395910101986752
"Wave_1275",-0.407213226652353
"Wave_1276",-0.421961199706408
"Wave_1277",-0.436708832948754
"Wave_1278",-0.451456687153006
"Wave_1279",-0.440435668897085
"Wave_1280",-0.423995699446518
"Wave_1281",-0.407555647248082
"Wave_1282",-0.391115626344153
"Wave_1283",-0.417124326589626
"Wave_1284",-0.443132954984362
"Wave_1285",-0.469141663587932
"Wave_1286",-0.490306885293231
"Wave_1287",-0.486115532643426
"Wave_1288",-0.481924071787247
"Wave_1289",-0.477732607777019
"Wave_1290",-0.467472837011768
"Wave_1291",-0.451144492246614
"Wave_1292",-0.434816172108991
"Wave_1293",-0.418487967382034
"Wave_1294",-0.363098315633406
"Wave_1295",-0.297943376469496
"Wave_1296",-0.232788411803711
"Wave_1297",-0.167633499654486
"Wave_1298",-0.15312862829697
"Wave_1299",-0.138623756749311
"Wave_1300",-0.124118881688245
"Wave_1301",-0.11412819896564
"Wave_1302",-0.114670762960779
"Wave_1303",-0.115213248844214
"Wave_1304",-0.115755709322937
"Wave_1305",-0.144427509570271
"Wave_1306",-0.196103962350028
"Wave_1307",-0.247780285458807
"Wave_1308",-0.299456888758581
"Wave_1309",-0.305027051862415
"Wave_1310",-0.299070824350176
"Wave_1311",-0.293114588379626
"Wave_1312",-0.286384049208844
"Wave_1313",-0.321503778222111
"Wave_1314",-0.35662365971492
"Wave_1315",-0.39174331415476
"Wave_1316",-0.417106951706597
"Wave_1317",-0.419705724364814
"Wave_1318",-0.422304564751094
"Wave_1319",-0.424903244954933
"Wave_1320",-0.432817015654332
"Wave_1321",-0.444274108983962
"Wave_1322",-0.455730979352075
"Wave_1323",-0.467188075397301
"Wave_1324",-0.486769471982899
"Wave_1325",-0.508382035007778
"Wave_1326",-0.529994550467292
"Wave_1327",-0.546169334315981
"Wave_1328",-0.513404139359225
"Wave_1329",-0.480638914105089
"Wave_1330",-0.447873732330488
"Wave_1331",-0.43086524657575
"Wave_1332",-0.449635882770504
"Wave_1333",-0.468406487373428
"Wave_1334",-0.487177251362152
"Wave_1335",-0.5104022878236
"Wave_1336",-0.536597223084055
"Wave_1337",-0.562792047269402
"Wave_1338",-0.588986798474072
"Wave_1339",-0.650266233826045
"Wave_1340",-0.715443872420412
"Wave_1341",-0.780621630236574
"Wave_1342",-0.846329035113603
"Wave_1343",-0.91415603135169
"Wave_1344",-0.981982932794908
"Wave_1345",-1.04980989914595
"Wave_1346",-1.10697246519161
"Wave_1347",-1.1481389551865
"Wave_1348",-1.18930503263238
"Wave_1349",-1.23047126046502
"Wave_1350",-1.24021878766853
"Wave_1351",-1.23650112807675
"Wave_1352",-1.23278325835612
"Wave_1353",-1.22906558160397
"Wave_1354",-1.22253048695403
"Wave_1355",-1.21599525635376
"Wave_1356",-1.2094600881852
"Wave_1357",-1.19684116243572
"Wave_1358",-1.15988704146209
"Wave_1359",-1.12293274648426
"Wave_1360",-1.0859785800595
"Wave_1361",-0.998973928019619
"Wave_1362",-0.861918742120682
"Wave_1363",-0.724863479966302
"Wave_1364",-0.587808330656637
"Wave_1365",-0.457511627035085
"Wave_1366",-0.32890435914327
"Wave_1367",-0.200297114496749
"Wave_1368",-0.070356014434857
"Wave_1369",0.0715891498245234
"Wave_1370",0.213534304886854
"Wave_1371",0.355479465919091
"Wave_1372",0.504378743581689
"Wave_1373",0.66950413371323
"Wave_1374",0.834629466679399
"Wave_1375",0.999754838814529
"Wave_1376",1.21434361190233
"Wave_1377",1.46190812717689
"Wave_1378",1.70947252706147
"Wave_1379",1.95703702244334
"Wave_1380",2.1430606207398
"Wave_1381",2.32224643540326
"Wave_1382",2.50143224023778
"Wave_1383",2.65990023302625
"Wave_1384",2.735496635411
"Wave_1385",2.81109312872157
"Wave_1386",2.88668944275092
"Wave_1387",2.91868277955124
"Wave_1388",2.90707257446535
"Wave_1389",2.89546270275773
"Wave_1390",2.88385268511143
"Wave_1391",2.81233712175721
"Wave_1392",2.72347921526492
"Wave_1393",2.63462113402612
"Wave_1394",2.54576309507706
"Wave_1395",2.39958600398492
"Wave_1396",2.25340896166166
"Wave_1397",2.10723180551878
"Wave_1398",1.95739721521433
"Wave_1399",1.79902869154729
"Wave_1400",1.64066007544857
"Wave_1401",1.48229139709124
"Wave_1402",1.34506020944088
"Wave_1403",1.22192039720738
"Wave_1404",1.09878059739758
"Wave_1405",0.975640816819804
"Wave_1406",0.841967651043646
"Wave_1407",0.707123890805285
"Wave_1408",0.572280281195245
"Wave_1409",0.447527938990287
"Wave_1410",0.363140383327344
"Wave_1411",0.278752978641381
"Wave_1412",0.19436558029333
"Wave_1413",0.134180946045962
"Wave_1414",0.0981991784905136
"Wave_1415",0.0622175936433126
"Wave_1416",0.0262357190649819
"Wave_1417",0.016704831017218
"Wave_1418",0.0137863071540961
"Wave_1419",0.0108680450514291
"Wave_1420",0.00876698587234026
"Wave_1421",0.0140227092808979
"Wave_1422",0.0192783769292965
"Wave_1423",0.0245340486355666
"Wave_1424",0.0131375687859775
"Wave_1425",-0.0155102029626645
"Wave_1426",-0.0441582154618473
"Wave_1427",-0.0728060872059679
"Wave_1428",-0.0836082383149015
"Wave_1429",-0.0867620333448462
"Wave_1430",-0.0899161127805573
"Wave_1431",-0.0930698824355811
"Wave_1432",-0.129264662843374
"Wave_1433",-0.161594327851724
"Wave_1434",-0.19392399702494
"Wave_1435",-0.220583989793215
"Wave_1436",-0.227642302882875
"Wave_1437",-0.234700690160049
"Wave_1438",-0.241759133409338
"Wave_1439",-0.270632420241871
"Wave_1440",-0.314049031956824
"Wave_1441",-0.357465726556745
"Wave_1442",-0.400882360335235
"Wave_1443",-0.438892158116272
"Wave_1444",-0.473438271753906
"Wave_1445",-0.507984279849845
"Wave_1446",-0.543221918606331
"Wave_1447",-0.581225765688307
"Wave_1448",-0.61922961842642
"Wave_1449",-0.657233380707152
"Wave_1450",-0.706052885164064
"Wave_1451",-0.765687935705439
"Wave_1452",-0.825322773773279
"Wave_1453",-0.884957775357026
"Wave_1454",-0.946688975811798
"Wave_1455",-1.00894407018999
"Wave_1456",-1.07119927757896
"Wave_1457",-1.13466617765051
"Wave_1458",-1.20903960764471
"Wave_1459",-1.28341293574895
"Wave_1460",-1.35778611099403
"Wave_1461",-1.44275675218256
"Wave_1462",-1.54362320032784
"Wave_1463",-1.6444898202723
"Wave_1464",-1.74535628453756
"Wave_1465",-1.83129146795519
"Wave_1466",-1.91082738246663
"Wave_1467",-1.990363279585
"Wave_1468",-2.06989913688945
"Wave_1469",-2.13323478921125
"Wave_1470",-2.19657026292326
"Wave_1471",-2.2599058685282
"Wave_1472",-2.32308255658999
"Wave_1473",-2.38588861370345
"Wave_1474",-2.44869462669036
"Wave_1475",-2.5115006809228
"Wave_1476",-2.56206975628509
"Wave_1477",-2.60335304003349
"Wave_1478",-2.64463638260015
"Wave_1479",-2.68591952378226
"Wave_1480",-2.74899868080706
"Wave_1481",-2.80962616968306
"Wave_1482",-2.87025400070014
"Wave_1483",-2.93275120328111
"Wave_1484",-2.99961096660893
"Wave_1485",-3.06647062488081
"Wave_1486",-3.13333013672557
"Wave_1487",-3.19799181237937
"Wave_1488",-3.26118803900536
"Wave_1489",-3.32438436363874
"Wave_1490",-3.38758058493844
"Wave_1491",-3.43737100522271
"Wave_1492",-3.4856719959454
"Wave_1493",-3.53397274727141
"Wave_1494",-3.58153520232415
"Wave_1495",-3.62614343175587
"Wave_1496",-3.6707515769997
"Wave_1497",-3.71535970802081
"Wave_1498",-3.73915944507334
"Wave_1499",-3.7490863490414
"Wave_1500",-3.7590133259294
"Wave_1501",-3.76894049496868
"Wave_1502",-3.80952777455222
"Wave_1503",-3.85352196020459
"Wave_1504",-3.89751604186161
"Wave_1505",-3.92862831643869
"Wave_1506",-3.90821392050389
"Wave_1507",-3.88779956900451
"Wave_1508",-3.86738512385961
"Wave_1509",-3.84806565625147
"Wave_1510",-3.83222643093172
"Wave_1511",-3.81638706217258
"Wave_1512",-3.80054782526574
"Wave_1513",-3.78768352403844
"Wave_1514",-3.77515005509203
"Wave_1515",-3.76261646152173
"Wave_1516",-3.72456654654501
"Wave_1517",-3.58445104172944
"Wave_1518",-3.44433552627341
"Wave_1519",-3.30421997418653
"Wave_1520",-3.26645294020184
"Wave_1521",-3.29176004312419
"Wave_1522",-3.31706742086599
"Wave_1523",-3.34237462183892
"Wave_1524",-3.27201958045832
"Wave_1525",-3.19197249509943
"Wave_1526",-3.11192559613094
"Wave_1527",-3.03491146225617
"Wave_1528",-2.97002956981322
"Wave_1529",-2.90514747071492
"Wave_1530",-2.84026561973148
"Wave_1531",-2.75327778084369
"Wave_1532",-2.64974161362685
"Wave_1533",-2.54620564128337
"Wave_1534",-2.44266970811236
"Wave_1535",-2.31262252319314
"Wave_1536",-2.17962961032416
"Wave_1537",-2.04663666556263
"Wave_1538",-1.91315336203617
"Wave_1539",-1.7777077040791
"Wave_1540",-1.64226194873654
"Wave_1541",-1.5068162277308
"Wave_1542",-1.35826672664151
"Wave_1543",-1.20106072309628
"Wave_1544",-1.04385445374043
"Wave_1545",-0.88664821705917
"Wave_1546",-0.769529248599461
"Wave_1547",-0.65686445755738
"Wave_1548",-0.544199480243264
"Wave_1549",-0.423323873561672
"Wave_1550",-0.284497331028558
"Wave_1551",-0.145670900606222
"Wave_1552",-0.00684449551081508
"Wave_1553",0.111276271738865
"Wave_1554",0.215593283026878
"Wave_1555",0.319910215397002
"Wave_1556",0.424227103430148
"Wave_1557",0.55558750101386
"Wave_1558",0.689942581068662
"Wave_1559",0.82429763347191
"Wave_1560",0.953280852090793
"Wave_1561",1.06972961057709
"Wave_1562",1.18617859377833
"Wave_1563",1.30262744889497
"Wave_1564",1.42866682885261
"Wave_1565",1.55902857159825
"Wave_1566",1.68939020874317
"Wave_1567",1.81975189565526
"Wave_1568",1.84510529244389
"Wave_1569",1.87045882313892
"Wave_1570",1.89581228957869
"Wave_1571",1.94521508796248
"Wave_1572",2.03453892434862
"Wave_1573",2.1238628769016
"Wave_1574",2.21318662542113
"Wave_1575",2.28415565401972
"Wave_1576",2.34883156823556
"Wave_1577",2.41350731391762
"Wave_1578",2.48171379080796
"Wave_1579",2.55818345194508
"Wave_1580",2.63465296955263
"Wave_1581",2.71112268488945
"Wave_1582",2.77001793357594
"Wave_1583",2.81081346332867
"Wave_1584",2.85160915029498
"Wave_1585",2.89240462618981
"Wave_1586",2.94455643379519
"Wave_1587",2.99847660065735
"Wave_1588",3.05239678592923
"Wave_1589",3.10093100332322
"Wave_1590",3.12416945214631
"Wave_1591",3.14740798856936
"Wave_1592",3.17064632998876
"Wave_1593",3.1919235680072
"Wave_1594",3.20776819165392
"Wave_1595",3.22361244331204
"Wave_1596",3.23945696128152
"Wave_1597",3.25014742403351
"Wave_1598",3.25908653445697
"Wave_1599",3.26802577944625
"Wave_1600",3.28480882992282
"Wave_1601",3.31951659315545
"Wave_1602",3.35422407311102
"Wave_1603",3.38893178465351
"Wave_1604",3.42950663529682
"Wave_1605",3.47100955796759
"Wave_1606",3.51251248622574
"Wave_1607",3.54100530132352
"Wave_1608",3.45063717335368
"Wave_1609",3.36007252947859
"Wave_1610",3.26950780828558
"Wave_1611",3.19955664814704
"Wave_1612",3.15573663676526
"Wave_1613",3.11191689556942
"Wave_1614",3.06809687860998
"Wave_1615",3.02738955806747
"Wave_1616",2.98614762233207
"Wave_1617",2.94490566920636
"Wave_1618",2.90214153325741
"Wave_1619",2.85584486896034
"Wave_1620",2.8095482229943
"Wave_1621",2.76325149195326
"Wave_1622",2.70124767761873
"Wave_1623",2.63581215431867
"Wave_1624",2.57037694202048
"Wave_1625",2.50494162660277
"Wave_1626",2.49065777658471
"Wave_1627",2.47925276211798
"Wave_1628",2.46784771158322
"Wave_1629",2.44856706605541
"Wave_1630",2.41689990160612
"Wave_1631",2.38523275082651
"Wave_1632",2.35356561096939
"Wave_1633",2.35373413859891
"Wave_1634",2.36871830545122
"Wave_1635",2.38370232679448
"Wave_1636",2.39578677842092
"Wave_1637",2.37491960847393
"Wave_1638",2.35329112024295
"Wave_1639",2.33166241701566
"Wave_1640",2.31797399118517
"Wave_1641",2.31332372221234
"Wave_1642",2.30867353062067
"Wave_1643",2.30402324995294
"Wave_1644",2.32686673154418
"Wave_1645",2.35088416367994
"Wave_1646",2.37490174757132
"Wave_1647",2.39275778172859
"Wave_1648",2.37397783000895
"Wave_1649",2.35519794834356
"Wave_1650",2.33641787799385
"Wave_1651",2.33684605837967
"Wave_1652",2.35885805424017
"Wave_1653",2.38086994487143
"Wave_1654",2.39875418942957
"Wave_1655",2.38515895738989
"Wave_1656",2.37298138268527
"Wave_1657",2.36080377997609
"Wave_1658",2.33791856614743
"Wave_1659",2.28921949303551
"Wave_1660",2.24052033959397
"Wave_1661",2.19182103243046
"Wave_1662",2.10784398885767
"Wave_1663",2.02364700289603
"Wave_1664",1.93944989893819
"Wave_1665",1.87170632759192
"Wave_1666",1.79246645201383
"Wave_1667",1.71322642200181
"Wave_1668",1.63398660983229
"Wave_1669",1.58732596940136
"Wave_1670",1.56214278706821
"Wave_1671",1.53695966058054
"Wave_1672",1.50614874471321
"Wave_1673",1.40542059557245
"Wave_1674",1.29987505269478
"Wave_1675",1.19432947682288
"Wave_1676",1.09400271429825
"Wave_1677",0.996930728075454
"Wave_1678",0.899858592020229
"Wave_1679",0.80278657787662
"Wave_1680",0.755394917837481
"Wave_1681",0.720001393374421
"Wave_1682",0.684607692944684
"Wave_1683",0.648594244220991
"Wave_1684",0.64484471644502
"Wave_1685",0.641095215163506
"Wave_1686",0.637345693542508
"Wave_1687",0.665396977769805
"Wave_1688",0.708494033110904
"Wave_1689",0.751591129936767
"Wave_1690",0.79951885141343
"Wave_1691",0.891704859541577
"Wave_1692",0.984086682461549
"Wave_1693",1.07646852713685
"Wave_1694",1.14692618169243
"Wave_1695",1.1766808902256
"Wave_1696",1.20643578742401
"Wave_1697",1.23619066428267
"Wave_1698",1.31240267424679
"Wave_1699",1.37809574886476
"Wave_1700",1.44378871555828
"Wave_1701",1.47787976410273
"Wave_1702",1.49228473184609
"Wave_1703",1.50668989702265
"Wave_1704",1.52109498376206
"Wave_1705",1.5151429093524
"Wave_1706",1.49801276324354
"Wave_1707",1.48088271317664
"Wave_1708",1.46176810605952
"Wave_1709",1.41034878981093
"Wave_1710",1.35283724768654
"Wave_1711",1.29532578813654
"Wave_1712",1.19290439779032
"Wave_1713",1.05706387704272
"Wave_1714",0.921223321334843
"Wave_1715",0.791231582118686
"Wave_1716",0.700349895392437
"Wave_1717",0.600449607520179
"Wave_1718",0.500549324511584
"Wave_1719",0.419016714082213
"Wave_1720",0.35985490545191
"Wave_1721",0.300693129038441
"Wave_1722",0.241531199011955
"Wave_1723",0.184034826568398
"Wave_1724",0.102514344586185
"Wave_1725",0.0209938604500545
"Wave_1726",-0.0598197059111601
"Wave_1727",-0.0852310505694088
"Wave_1728",-0.104604288565291
"Wave_1729",-0.123977453721882
"Wave_1730",-0.098227236796675
"Wave_1731",-0.084804751957511
"Wave_1732",-0.071382068114011
"Wave_1733",-0.0470417178355736
"Wave_1734",0.0113228102766615
"Wave_1735",0.0733515487441437
"Wave_1736",0.135380330915898
"Wave_1737",0.21429627430519
"Wave_1738",0.280997626165643
"Wave_1739",0.347698900331159
"Wave_1740",0.410383477006856
"Wave_1741",0.464229131081396
"Wave_1742",0.522893611570392
"Wave_1743",0.581558189285877
"Wave_1744",0.672334394190485
"Wave_1745",0.783620507705444
"Wave_1746",0.894906615639419
"Wave_1747",1.0041568302373
"Wave_1748",1.09225286156909
"Wave_1749",1.17610379872575
"Wave_1750",1.25995474412375
"Wave_1751",1.28836117807077
"Wave_1752",1.25783419116007
"Wave_1753",1.22643489824087
"Wave_1754",1.19503566427549
"Wave_1755",1.22145442157602
"Wave_1756",1.24171941225212
"Wave_1757",1.26198431580478
"Wave_1758",1.26935619858755
"Wave_1759",1.2763549048654
"Wave_1760",1.2914820802821
"Wave_1761",1.30660914768623
"Wave_1762",1.34331508992048
"Wave_1763",1.38505389204725
"Wave_1764",1.42679264253774
"Wave_1765",1.46440816547026
"Wave_1766",1.51468113431986
"Wave_1767",1.57980645083471
"Wave_1768",1.64493186227215
"Wave_1769",1.62190950040629
"Wave_1770",1.54793448178438
"Wave_1771",1.47395972723012
"Wave_1772",1.41035166777841
"Wave_1773",1.37401523252641
"Wave_1774",1.316386040566
"Wave_1775",1.25875680455139
"Wave_1776",1.13645980138425
"Wave_1777",1.01111648304123
"Wave_1778",0.888514202446155
"Wave_1779",0.783860208346364
"Wave_1780",0.759305077374957
"Wave_1781",0.754129203226604
"Wave_1782",0.748953323496356
"Wave_1783",0.747244060175053
"Wave_1784",0.746682681626958
"Wave_1785",0.74583022858171
"Wave_1786",0.738935052341414
"Wave_1787",0.684787812269301
"Wave_1788",0.659172222631697
"Wave_1789",0.633556715158026
"Wave_1790",0.600500269660996
"Wave_1791",0.535864750405088
"Wave_1792",0.459821455626093
"Wave_1793",0.380583500829115
"Wave_1794",0.278516168203496
"Wave_1795",0.229748209658991
"Wave_1796",0.180980345608822
"Wave_1797",0.174569608535506
"Wave_1798",0.195598442691815
"Wave_1799",0.20668218564227
"Wave_1800",0.217765938040993
"Wave_1801",0.148181300032777
"Wave_1802",0.120539764337346
"Wave_1803",0.0928982860935671
"Wave_1804",0.106777305449957
"Wave_1805",0.153524734916127
"Wave_1806",0.191620088249795
"Wave_1807",0.229715410425661
"Wave_1808",0.217726592598582
"Wave_1809",0.189365132235714
"Wave_1810",0.159184368345392
"Wave_1811",0.121819834476576
"Wave_1812",0.0732273338705735
"Wave_1813",0.0239568027913951
"Wave_1814",-0.0253137705707902
"Wave_1815",-0.037083125662201
"Wave_1816",-0.0688900562360903
"Wave_1817",-0.106748060345948
"Wave_1818",-0.145919602641261
"Wave_1819",-0.181980871524901
"Wave_1820",-0.20618769844063
"Wave_1821",-0.230394427285129
"Wave_1822",-0.229393068189279
"Wave_1823",-0.231739682192631
"Wave_1824",-0.235623806145032
"Wave_1825",-0.242322546000206
"Wave_1826",-0.255134850395754
"Wave_1827",-0.275514215724553
"Wave_1828",-0.295893556830774
"Wave_1829",-0.261150495979136
"Wave_1830",-0.279338725799018
"Wave_1831",-0.322836622845728
"Wave_1832",-0.381403047680867
"Wave_1833",-0.452876220800978
"Wave_1834",-0.485563742121436
"Wave_1835",-0.518251257871629
"Wave_1836",-0.516632254772621
"Wave_1837",-0.551699770100874
"Wave_1838",-0.613766467110099
"Wave_1839",-0.659688885893741
"Wave_1840",-0.682691829588516
"Wave_1841",-0.717361009205389
"Wave_1842",-0.752030284972822
"Wave_1843",-0.72507264315423
"Wave_1844",-0.727331064236749
"Wave_1845",-0.753631922408452
"Wave_1846",-0.771129912396765
"Wave_1847",-0.782307682265969
"Wave_1848",-0.855441176288779
"Wave_1849",-0.928574836760872
"Wave_1850",-0.927731176394402
"Wave_1851",-0.950283481212331
"Wave_1852",-1.00445128822518
"Wave_1853",-1.00380364588393
"Wave_1854",-0.920932623052389
"Wave_1855",-0.850890829721724
"Wave_1856",-0.780849065906868
"Wave_1857",-0.739973617494804
"Wave_1858",-0.750822381071488
"Wave_1859",-0.813395208554009
"Wave_1860",-0.783693387821374
"Wave_1861",-0.661717154242765
"Wave_1862",-0.63600641342037
"Wave_1863",-0.610295669355616
"Wave_1864",-0.466232140483764
"Wave_1865",-0.349426602345955
"Wave_1866",-0.273508785618178
"Wave_1867",-0.169490894578335
"Wave_1868",-0.037373228617244
"Wave_1869",0.111533711121622
"Wave_1870",0.265964006715408
"Wave_1871",0.453316690520686
"Wave_1872",0.632079258595066
"Wave_1873",0.797956741668323
"Wave_1874",0.975274266960162
"Wave_1875",1.16021846366379
"Wave_1876",1.3089702171225
"Wave_1877",1.45358599456979
"Wave_1878",1.59717014799688
"Wave_1879",1.75372396940339
"Wave_1880",1.9297324265484
"Wave_1881",2.09836541779797
"Wave_1882",2.26208158845182
"Wave_1883",2.43913685034238
"Wave_1884",2.57491924361273
"Wave_1885",2.53968159613523
"Wave_1886",2.53775966348856
"Wave_1887",2.58581129840083
"Wave_1888",2.53781734400037
"Wave_1889",2.44866097964478
"Wave_1890",2.4001985690947
"Wave_1891",2.33636058827615
"Wave_1892",2.19293419008101
"Wave_1893",2.0925419863737
"Wave_1894",2.05670106653969
"Wave_1895",1.89467610926189
"Wave_1896",1.70110513063602
"Wave_1897",1.58532449157335
"Wave_1898",1.33970191346838
"Wave_1899",0.770946981213763
"Wave_1900",0.516838248280617
"Wave_1901",0.818487391960456
"Wave_1902",1.87423351207907
"Wave_1903",2.63321052153215
"Wave_1904",2.63192770782494
"Wave_1905",2.52894703468033
"Wave_1906",2.52676243733753
"Wave_1907",2.42982490732396
"Wave_1908",2.2923998120143
"Wave_1909",2.19748652624245
"Wave_1910",2.08450234203657
"Wave_1911",1.97692542312869
"Wave_1912",1.87693259502557
"Wave_1913",1.75587247732857
"Wave_1914",1.67986944805308
"Wave_1915",1.58212926766638
"Wave_1916",1.46219971250981
"Wave_1917",1.41049279073073
"Wave_1918",1.32964694400885
"Wave_1919",1.25757313381937
"Wave_1920",1.21433078764589
"Wave_1921",1.16170348664446
"Wave_1922",1.11363832615792
"Wave_1923",1.07954118937996
"Wave_1924",1.04947514210097
"Wave_1925",1.00572152847776
"Wave_1926",0.899632301903879
"Wave_1927",0.79398050726899
"Wave_1928",0.698395068607686
"Wave_1929",0.615284487689955
"Wave_1930",0.567851261476015
"Wave_1931",0.51638948889895
"Wave_1932",0.447910894388565
"Wave_1933",0.385662756821718
"Wave_1934",0.365042501949793
"Wave_1935",0.345504773282862
"Wave_1936",0.325681259433917
"Wave_1937",0.2989339748132
"Wave_1938",0.271627815686682
"Wave_1939",0.202387065774022
"Wave_1940",0.122802391223319
"Wave_1941",0.0822181747608464
"Wave_1942",0.0794172504334906
"Wave_1943",0.080223567731539
"Wave_1944",0.108046576519981
"Wave_1945",0.154751174460728
"Wave_1946",0.198024725709059
"Wave_1947",0.204071219168632
"Wave_1948",0.20166869826031
"Wave_1949",0.225435706284031
"Wave_1950",0.237443452024225
"Wave_1951",0.249040561206105
"Wave_1952",0.266481040033713
"Wave_1953",0.291407408882949
"Wave_1954",0.318952741247831
"Wave_1955",0.361396491742924
"Wave_1956",0.405301636324033
"Wave_1957",0.441780501135412
"Wave_1958",0.472240504294909
"Wave_1959",0.519152480390584
"Wave_1960",0.56119496036051
"Wave_1961",0.574399134378051
"Wave_1962",0.565302435105593
"Wave_1963",0.6267102332731
"Wave_1964",0.688118031892827
"Wave_1965",0.743969300922786
"Wave_1966",0.772603961680408
"Wave_1967",0.8092216969281
"Wave_1968",0.828111287865741
"Wave_1969",0.834271125661611
"Wave_1970",0.830808948794424
"Wave_1971",0.800566975214961
"Wave_1972",0.77096760260311
"Wave_1973",0.769887483368655
"Wave_1974",0.802910934094472
"Wave_1975",0.829516547386717
"Wave_1976",0.851996531749226
"Wave_1977",0.875049536978093
"Wave_1978",0.89442060218549
"Wave_1979",0.874608591904802
"Wave_1980",0.857784787250218
"Wave_1981",0.864449562191729
"Wave_1982",0.878804821284493
"Wave_1983",0.89509916061608
"Wave_1984",0.887448102232602
"Wave_1985",0.879797047192237
"Wave_1986",0.855744987737402
"Wave_1987",0.833526069248526
"Wave_1988",0.816321587626148
"Wave_1989",0.792510586851306
"Wave_1990",0.760853817961771
"Wave_1991",0.726880044118123
"Wave_1992",0.734716180660655
"Wave_1993",0.74039135718385
"Wave_1994",0.706292815744936
"Wave_1995",0.651869322655927
"Wave_1996",0.615521631852387
"Wave_1997",0.60542424384838
"Wave_1998",0.596235169532255
"Wave_1999",0.59134150188394
"Wave_2000",0.578933107172677
"Wave_2001",0.556331332626447
"Wave_2002",0.5374614172078
"Wave_2003",0.530384247474156
"Wave_2004",0.523524614196057
"Wave_2005",0.463243990496869
"Wave_2006",0.404105782876581
"Wave_2007",0.363231888426362
"Wave_2008",0.330340437748103
"Wave_2009",0.29417339927881
"Wave_2010",0.253437942890332
"Wave_2011",0.212558826783006
"Wave_2012",0.188954725565811
"Wave_2013",0.183086694498835
"Wave_2014",0.168188183106437
"Wave_2015",0.139794857339577
"Wave_2016",0.113295580572509
"Wave_2017",0.0869146257191699
"Wave_2018",0.0214115305555593
"Wave_2019",-0.0451580852202415
"Wave_2020",-0.0981536011486672
"Wave_2021",-0.135700544282266
"Wave_2022",-0.165393097576971
"Wave_2023",-0.204399633857855
"Wave_2024",-0.243406154800081
"Wave_2025",-0.270469002516302
"Wave_2026",-0.290128928849714
"Wave_2027",-0.318047867828712
"Wave_2028",-0.385232596104018
"Wave_2029",-0.457416080555073
"Wave_2030",-0.502578220362339
"Wave_2031",-0.501464285775278
"Wave_2032",-0.501074578007364
"Wave_2033",-0.533128097981814
"Wave_2034",-0.577844195536006
"Wave_2035",-0.613156486654532
"Wave_2036",-0.638430061098952
"Wave_2037",-0.663703616593812
"Wave_2038",-0.672602948873739
"Wave_2039",-0.682074774434812
"Wave_2040",-0.721893060512639
"Wave_2041",-0.77222393068566
"Wave_2042",-0.822554814073945
"Wave_2043",-0.829230831673321
"Wave_2044",-0.831662750969826
"Wave_2045",-0.835079238119462
"Wave_2046",-0.851463431584685
"Wave_2047",-0.869033209825787
"Wave_2048",-0.912618255970749
"Wave_2049",-0.973948207588409
"Wave_2050",-1.02922112603204
"Wave_2051",-1.04438167010923
"Wave_2052",-1.0527346689041
"Wave_2053",-1.06839381552377
"Wave_2054",-1.06083222143665
"Wave_2055",-1.0508705302381
"Wave_2056",-1.0117390018956
"Wave_2057",-0.967561765477756
"Wave_2058",-0.918606695916147
"Wave_2059",-0.837572698466733
"Wave_2060",-0.756538674351338
"Wave_2061",-0.687656302727953
"Wave_2062",-0.637679868195226
"Wave_2063",-0.586607282199547
"Wave_2064",-0.501726652919819
"Wave_2065",-0.416846121655142
"Wave_2066",-0.346853938310163
"Wave_2067",-0.246456434832368
"Wave_2068",-0.119882870471482
"Wave_2069",0.0298799424577094
"Wave_2070",0.175432939361687
"Wave_2071",0.331454469209122
"Wave_2072",0.525434908903938
"Wave_2073",0.722536629146369
"Wave_2074",0.906922164587028
"Wave_2075",1.08500735536378
"Wave_2076",1.23111894325871
"Wave_2077",1.31529696792574
"Wave_2078",1.39615878864795
"Wave_2079",1.49655239561454
"Wave_2080",1.60929080382854
"Wave_2081",1.71848862048303
"Wave_2082",1.82166363515442
"Wave_2083",1.9311710694078
"Wave_2084",2.09034816309009
"Wave_2085",2.24638721452733
"Wave_2086",2.36849959642623
"Wave_2087",2.47679623194693
"Wave_2088",2.5850928751359
"Wave_2089",2.74030052119795
"Wave_2090",2.8685866490674
"Wave_2091",2.95049494162517
"Wave_2092",3.00630936887887
"Wave_2093",3.0621238060814
"Wave_2094",3.13663320789964
"Wave_2095",3.20408606400337
"Wave_2096",3.26385787079106
"Wave_2097",3.33321149916081
"Wave_2098",3.40256504769044
"Wave_2099",3.4821439206883
"Wave_2100",3.55305857931561
"Wave_2101",3.61802942162987
"Wave_2102",3.65662075585454
"Wave_2103",3.695212077268
"Wave_2104",3.74587894945813
"Wave_2105",3.79099575857183
"Wave_2106",3.80910101407058
"Wave_2107",3.83662549489036
"Wave_2108",3.86414997902149
"Wave_2109",3.93347792441558
"Wave_2110",3.97282884746239
"Wave_2111",3.98408107591122
"Wave_2112",3.96805633370205
"Wave_2113",3.95203152991779
"Wave_2114",3.95123522173641
"Wave_2115",3.95284145917822
"Wave_2116",3.98233983449142
"Wave_2117",3.97144889017063
"Wave_2118",3.96055778134229
"Wave_2119",3.91513815747691
"Wave_2120",3.91223412168509
"Wave_2121",3.90426286273136
"Wave_2122",3.86975425041062
"Wave_2123",3.83524571612007
"Wave_2124",3.79453505560743
"Wave_2125",3.72974306705961
"Wave_2126",3.65956320235497
"Wave_2127",3.5876295204226
"Wave_2128",3.51569576482301
"Wave_2129",3.37907282089313
"Wave_2130",3.23523770249787
"Wave_2131",3.11231453949981
"Wave_2132",2.97850675495874
"Wave_2133",2.84469898537044
"Wave_2134",2.66522080373981
"Wave_2135",2.48746576676406
"Wave_2136",2.31957576556121
"Wave_2137",2.16133901506327
"Wave_2138",2.00310226065081
"Wave_2139",1.83513594359611
"Wave_2140",1.67178760873446
"Wave_2141",1.49370637079923
"Wave_2142",1.28526667995288
"Wave_2143",1.0768270649856
"Wave_2144",0.871341157166019
"Wave_2145",0.651793379124482
"Wave_2146",0.446603373444582
"Wave_2147",0.258020958349463
"Wave_2148",0.0694385617072136
"Wave_2149",-0.162828158829164
"Wave_2150",-0.377185028114231
"Wave_2151",-0.608119848845439
"Wave_2152",-0.865279433654535
"Wave_2153",-1.11622147309494
"Wave_2154",-1.35710570224455
"Wave_2155",-1.60946479882882
"Wave_2156",-1.85451283740465
"Wave_2157",-2.09792493644287
"Wave_2158",-2.34883148465018
"Wave_2159",-2.55110520699805
"Wave_2160",-2.74048071759431
"Wave_2161",-2.94385329638493
"Wave_2162",-3.16999342107947
"Wave_2163",-3.3830712667999
"Wave_2164",-3.58655513403203
"Wave_2165",-3.79003894282955
"Wave_2166",-3.97803388422647
"Wave_2167",-4.13358610511204
"Wave_2168",-4.3014943737242
"Wave_2169",-4.45800463905974
"Wave_2170",-4.6145148366997
"Wave_2171",-4.73616112490585
"Wave_2172",-4.85233307291407
"Wave_2173",-4.95832390054345
"Wave_2174",-5.10241784946031
"Wave_2175",-5.24651178196363
"Wave_2176",-5.40399772475826
"Wave_2177",-5.53833251805698
"Wave_2178",-5.65860032280195
"Wave_2179",-5.75194883797838
"Wave_2180",-5.84529729062857
"Wave_2181",-5.92613403550945
"Wave_2182",-6.01256971750327
"Wave_2183",-6.09117570280533
"Wave_2184",-6.12258948384962
"Wave_2185",-6.14688675798858
"Wave_2186",-6.15139192178425
"Wave_2187",-6.15589715369072
"Wave_2188",-6.13343526176926
"Wave_2189",-6.08913032098157
"Wave_2190",-6.05743902306239
"Wave_2191",-6.14242251400825
"Wave_2192",-6.22740615942047
"Wave_2193",-6.30103802810399
"Wave_2194",-6.36585007616636
"Wave_2195",-6.40303008884874
"Wave_2196",-6.39351661564298
"Wave_2197",-6.38400322711156
"Wave_2198",-6.36556825502221
"Wave_2199",-6.3320076741819
"Wave_2200",-6.2826699398972
"Wave_2201",-6.23618093544321
"Wave_2202",-6.19169336310052
"Wave_2203",-6.10023401980998
"Wave_2204",-6.0087746955897
"Wave_2205",-5.9724211151828
"Wave_2206",-5.9697547265531
"Wave_2207",-5.98699411032349
"Wave_2208",-6.0591760255662
"Wave_2209",-6.13135786277437
"Wave_2210",-6.12069094493219
"Wave_2211",-6.09375457000844
"Wave_2212",-6.03799227142463
"Wave_2213",-5.96181949167316
"Wave_2214",-5.88925377409281
"Wave_2215",-5.85480503738557
"Wave_2216",-5.82098439551936
"Wave_2217",-5.78640979405451
"Wave_2218",-5.74126504049607
"Wave_2219",-5.69023418133241
"Wave_2220",-5.58721159512433
"Wave_2221",-5.48418882162161
"Wave_2222",-5.37411715124578
"Wave_2223",-5.26433108469069
"Wave_2224",-5.14450311958898
"Wave_2225",-5.02184188737503
"Wave_2226",-4.89918019544561
"Wave_2227",-4.80519146899518
"Wave_2228",-4.70909198468258
"Wave_2229",-4.61370619912649
"Wave_2230",-4.51764112093516
"Wave_2231",-4.41812900228154
"Wave_2232",-4.30561710908376
"Wave_2233",-4.19310519602439
"Wave_2234",-4.11476222328163
"Wave_2235",-4.0449613813814
"Wave_2236",-3.97644088651629
"Wave_2237",-3.90984061997529
"Wave_2238",-3.84629151965002
"Wave_2239",-3.76029114006364
"Wave_2240",-3.67429089180336
"Wave_2241",-3.60735021770715
"Wave_2242",-3.55346860213687
"Wave_2243",-3.50968015102062
"Wave_2244",-3.51374979280949
"Wave_2245",-3.51781966142685
"Wave_2246",-3.51428311406905
"Wave_2247",-3.50363656542967
"Wave_2248",-3.50545634226729
"Wave_2249",-3.52700553437412
"Wave_2250",-3.53550634852724
"Wave_2251",-3.42657226032942
"Wave_2252",-3.31763833794422
"Wave_2253",-3.19173321309473
"Wave_2254",-3.05603555106305
"Wave_2255",-2.93503538645048
"Wave_2256",-2.8219969987525
"Wave_2257",-2.70895862709428
"Wave_2258",-2.62548329150793
"Wave_2259",-2.54200805995545
"Wave_2260",-2.46434346202857
"Wave_2261",-2.39055281494995
"Wave_2262",-2.29104173158767
"Wave_2263",-2.10262320888179
"Wave_2264",-1.9142047007621
"Wave_2265",-1.71316742402781
"Wave_2266",-1.51072812884707
"Wave_2267",-1.31903611968218
"Wave_2268",-1.12915590095262
"Wave_2269",-0.941709325057468
"Wave_2270",-0.763996788480618
"Wave_2271",-0.586284274825321
"Wave_2272",-0.379043788411058
"Wave_2273",-0.164421352574787
"Wave_2274",0.0526464744294457
"Wave_2275",0.272159854933499
"Wave_2276",0.47995130949339
"Wave_2277",0.58224560622045
"Wave_2278",0.684539926469275
"Wave_2279",0.783249220675033
"Wave_2280",0.881062326910642
"Wave_2281",0.974639468103032
"Wave_2282",1.06186242286447
"Wave_2283",1.14821972789492
"Wave_2284",1.22678709077075
"Wave_2285",1.30535443570237
"Wave_2286",1.23613128452016
"Wave_2287",1.12577427166833
"Wave_2288",1.02003891959029
"Wave_2289",0.921235772762688
"Wave_2290",0.822085969402677
"Wave_2291",0.719814730254422
"Wave_2292",0.617543520764014
"Wave_2293",0.621043717852718
"Wave_2294",0.66987442743275
"Wave_2295",0.712716282822241
"Wave_2296",0.74657476422123
"Wave_2297",0.785283822584904
"Wave_2298",0.867649052629341
"Wave_2299",0.950014197454807
"Wave_2300",1.03511096447297
"Wave_2301",1.1213784067857
"Wave_2302",1.23338605582836
"Wave_2303",1.38400398486245
"Wave_2304",1.53231756919218
"Wave_2305",1.65989462007271
"Wave_2306",1.78747160629397
"Wave_2307",1.94530229743921
"Wave_2308",2.1106961090997
"Wave_2309",2.29314231927008
"Wave_2310",2.50116724339724
"Wave_2311",2.71177862555477
"Wave_2312",2.94566775506826
"Wave_2313",3.17955701080061
"Wave_2314",3.320876505731
"Wave_2315",3.43905357275953
"Wave_2316",3.45298894215259
"Wave_2317",3.36268256315363
"Wave_2318",3.26530781120516
"Wave_2319",3.13965963086085
"Wave_2320",3.01401135028142
"Wave_2321",2.89282693721105
"Wave_2322",2.77213836413009
"Wave_2323",2.73835047750084
"Wave_2324",2.76249633010723
"Wave_2325",2.78264447789894
"Wave_2326",2.79346464450904
"Wave_2327",2.80428480598219
"Wave_2328",2.72830958428305
"Wave_2329",2.65233421616983
"Wave_2330",2.5697395054698
"Wave_2331",2.48430786000397
"Wave_2332",2.37222638957706
"Wave_2333",2.22017026609853
"Wave_2334",2.07601746285789
"Wave_2335",2.00299357632991
"Wave_2336",1.92996975241461
"Wave_2337",1.9315636515417
"Wave_2338",1.95181200727286
"Wave_2339",1.93085602740411
"Wave_2340",1.86869558710259
"Wave_2341",1.81931959516308
"Wave_2342",1.82108052708646
"Wave_2343",1.82284159774667
"Wave_2344",1.83691319900611
"Wave_2345",1.85235257828799
"Wave_2346",1.81359248372127
"Wave_2347",1.74594330658867
"Wave_2348",1.63824577545921
"Wave_2349",1.44747187342771
"Wave_2350",1.27963381003145
"Wave_2351",1.31821747027268
"Wave_2352",1.35680107253926
"Wave_2353",1.42228649449729
"Wave_2354",1.4944972280708
"Wave_2355",1.5598503983204
"Wave_2356",1.62122354449428
"Wave_2357",1.68949659041893
"Wave_2358",1.77018976601179
"Wave_2359",1.85088296915188
"Wave_2360",1.85227368064163
"Wave_2361",1.85366435788448
"Wave_2362",1.81687261425013
"Wave_2363",1.76726289411373
"Wave_2364",1.74252574644214
"Wave_2365",1.73664891597945
"Wave_2366",1.74611242460837
"Wave_2367",1.81693710084078
"Wave_2368",1.88776175750211
"Wave_2369",1.90820833661895
"Wave_2370",1.93620807974036
"Wave_2371",2.02957654254974
"Wave_2372",2.1509602326937
"Wave_2373",2.29415125271865
"Wave_2374",2.47005321453693
"Wave_2375",2.63749931262351
"Wave_2376",2.64070330271991
"Wave_2377",2.6439072740714
"Wave_2378",2.61940157544546
"Wave_2379",2.59181699397311
"Wave_2380",2.55575817202214
"Wave_2381",2.50487627936364
"Wave_2382",2.45142677206003
"Wave_2383",2.39412597796179
"Wave_2384",2.34297691913541
"Wave_2385",2.31643478127518
"Wave_2386",2.28989257538921
"Wave_2387",2.47245473085307
"Wave_2388",2.65372129685528
"Wave_2389",2.7149622108251
"Wave_2390",2.72476356373662
"Wave_2391",2.67866693432627
"Wave_2392",2.58320904412141
"Wave_2393",2.52306913927862
"Wave_2394",2.48999682065764
"Wave_2395",2.45692451592644
"Wave_2396",2.41705496097652
"Wave_2397",2.37718533326764
"Wave_2398",2.33764697059262
"Wave_2399",2.30240428833519
"Wave_2400",2.30351222863903
