"","H20_g_m2.11.comps"
"(Intercept)",163.041368141853
"Wave_500",-28.938314171016
"Wave_501",-31.074103812018
"Wave_502",-31.0591441549589
"Wave_503",-31.9010490461031
"Wave_504",-31.2370609725101
"Wave_505",-34.5757029026231
"Wave_506",-42.8389378015949
"Wave_507",-47.6672492172063
"Wave_508",-48.1007077879276
"Wave_509",-45.4734229586886
"Wave_510",-48.39025272754
"Wave_511",-44.3941646117604
"Wave_512",-39.8340865610439
"Wave_513",-34.8226419569916
"Wave_514",-34.4714456835338
"Wave_515",-34.9093090548813
"Wave_516",-38.8139777180166
"Wave_517",-43.8364567022491
"Wave_518",-42.375216356148
"Wave_519",-38.5711166649238
"Wave_520",-35.0942536818307
"Wave_521",-34.3965565817006
"Wave_522",-30.2741931269833
"Wave_523",-26.2797807219418
"Wave_524",-22.67578736818
"Wave_525",-19.3439731910641
"Wave_526",-13.8626790395881
"Wave_527",-6.77047170776573
"Wave_528",-4.50200648331205
"Wave_529",-2.8638929183884
"Wave_530",1.08578835606078
"Wave_531",5.94656636686764
"Wave_532",14.2717615780281
"Wave_533",19.7821561394504
"Wave_534",19.9362233300341
"Wave_535",22.6237025528963
"Wave_536",24.9500975478705
"Wave_537",28.7804694467904
"Wave_538",33.4109901558099
"Wave_539",36.3201462995067
"Wave_540",37.2677506782248
"Wave_541",39.6587328619543
"Wave_542",41.0821201849
"Wave_543",39.3293084817421
"Wave_544",39.085804516653
"Wave_545",37.7073455704965
"Wave_546",40.2325478827019
"Wave_547",37.4418267791595
"Wave_548",36.119199111436
"Wave_549",37.2619334981202
"Wave_550",36.3125919268976
"Wave_551",34.4245118099235
"Wave_552",31.4857625088545
"Wave_553",27.8931274746113
"Wave_554",25.5069158884766
"Wave_555",21.3881802281797
"Wave_556",19.0097163719377
"Wave_557",16.9276166229544
"Wave_558",13.4529815498164
"Wave_559",11.4852035680636
"Wave_560",8.98746009832757
"Wave_561",6.33782631687349
"Wave_562",2.77270619314057
"Wave_563",-3.64567321502292
"Wave_564",-6.26023448042485
"Wave_565",-7.40360201429983
"Wave_566",-9.35772220964614
"Wave_567",-11.6944473334731
"Wave_568",-14.386091690025
"Wave_569",-14.9905973923018
"Wave_570",-18.7312867544481
"Wave_571",-21.5378710604385
"Wave_572",-23.5226066643964
"Wave_573",-23.1799935661796
"Wave_574",-25.5983500214047
"Wave_575",-29.5924617255495
"Wave_576",-31.7673271233584
"Wave_577",-33.2382590169417
"Wave_578",-31.4984760480458
"Wave_579",-30.0342590848595
"Wave_580",-28.8227331687649
"Wave_581",-29.9772777159549
"Wave_582",-29.751894077563
"Wave_583",-29.8588746042173
"Wave_584",-30.7014445610188
"Wave_585",-30.6732639542585
"Wave_586",-30.283633357471
"Wave_587",-29.6354160618946
"Wave_588",-30.017117869803
"Wave_589",-28.7903121760745
"Wave_590",-27.6979376570502
"Wave_591",-26.4570047634034
"Wave_592",-26.1212208414814
"Wave_593",-25.8278125660559
"Wave_594",-22.6708260043603
"Wave_595",-21.0704808168017
"Wave_596",-20.7170763461575
"Wave_597",-20.9189405444943
"Wave_598",-20.5693336494193
"Wave_599",-19.0764277979475
"Wave_600",-20.6919406405945
"Wave_601",-22.3467759752123
"Wave_602",-22.2848144585418
"Wave_603",-20.7129048904204
"Wave_604",-21.776000143294
"Wave_605",-21.5292878331139
"Wave_606",-20.4261310097305
"Wave_607",-19.6693503971806
"Wave_608",-19.203122321349
"Wave_609",-20.6257460427803
"Wave_610",-22.1178774167693
"Wave_611",-23.4536874568792
"Wave_612",-23.1953986097881
"Wave_613",-20.508684722281
"Wave_614",-17.3729192793468
"Wave_615",-18.2544021918591
"Wave_616",-19.6739954774822
"Wave_617",-20.5605118144125
"Wave_618",-20.6382867504736
"Wave_619",-18.6054671845935
"Wave_620",-15.8341827668324
"Wave_621",-12.6684087868486
"Wave_622",-11.0049210898694
"Wave_623",-11.6742783102364
"Wave_624",-12.1001647069558
"Wave_625",-11.2445213342456
"Wave_626",-11.3509967170622
"Wave_627",-10.3406894896452
"Wave_628",-9.0146215510726
"Wave_629",-8.49877243598906
"Wave_630",-7.26131147520231
"Wave_631",-4.86464470721267
"Wave_632",-2.4516939762503
"Wave_633",-1.50425168798701
"Wave_634",1.32122998705576
"Wave_635",2.46276779219329
"Wave_636",3.82120029086682
"Wave_637",6.81634428222946
"Wave_638",7.2033160906278
"Wave_639",8.79421634304248
"Wave_640",12.4756836821737
"Wave_641",16.1074371719409
"Wave_642",18.9294622091805
"Wave_643",21.774562469273
"Wave_644",23.934728521663
"Wave_645",26.9124695265247
"Wave_646",28.9102014334806
"Wave_647",29.4969439646817
"Wave_648",33.1769856326448
"Wave_649",35.0540844753704
"Wave_650",35.8880368625081
"Wave_651",37.8629981628527
"Wave_652",38.4215768617017
"Wave_653",38.8435817796073
"Wave_654",37.0597312366377
"Wave_655",35.2843517624219
"Wave_656",35.4271938317316
"Wave_657",36.114405723147
"Wave_658",37.326179886759
"Wave_659",36.5271630469192
"Wave_660",36.8170689977317
"Wave_661",37.981650673414
"Wave_662",38.7677794140019
"Wave_663",41.4049926227408
"Wave_664",44.5333456845079
"Wave_665",46.7501604054747
"Wave_666",48.0833810076928
"Wave_667",51.7995691736505
"Wave_668",54.334624815171
"Wave_669",56.4235613813967
"Wave_670",58.2602367076363
"Wave_671",60.953851302466
"Wave_672",65.1141698441817
"Wave_673",66.5401386356793
"Wave_674",66.8579311842204
"Wave_675",68.3712148571768
"Wave_676",68.7944712224275
"Wave_677",70.6319231851997
"Wave_678",71.9209266064415
"Wave_679",71.6749406821511
"Wave_680",71.5673854026309
"Wave_681",71.4137460522635
"Wave_682",69.3368161947995
"Wave_683",64.6358694435602
"Wave_684",60.0055878164552
"Wave_685",55.1837081306896
"Wave_686",49.5031340232358
"Wave_687",43.770080372426
"Wave_688",37.1660209726816
"Wave_689",30.2361715184181
"Wave_690",26.8998433556707
"Wave_691",25.9195357291782
"Wave_692",21.5567622893163
"Wave_693",17.1296953855748
"Wave_694",16.1074212293058
"Wave_695",13.612049468185
"Wave_696",9.70124733100864
"Wave_697",8.25279663132493
"Wave_698",8.29604275270886
"Wave_699",6.58954692140833
"Wave_700",6.10200090367703
"Wave_701",1.97235996084013
"Wave_702",-0.795357614015087
"Wave_703",-1.25256406135559
"Wave_704",0.126391223450055
"Wave_705",-1.7581356377271
"Wave_706",-1.13164911763732
"Wave_707",-1.89580197742985
"Wave_708",0.306928950547276
"Wave_709",1.02232798760497
"Wave_710",2.37391419867175
"Wave_711",4.31758882432001
"Wave_712",8.85602350712444
"Wave_713",8.72081997129769
"Wave_714",9.13664776424214
"Wave_715",9.20899268757437
"Wave_716",6.98927595735542
"Wave_717",6.32701726298059
"Wave_718",10.0136428696929
"Wave_719",10.5262775528804
"Wave_720",10.4273772289797
"Wave_721",10.3320132273324
"Wave_722",9.04251221617127
"Wave_723",4.86683053257127
"Wave_724",2.26876951011296
"Wave_725",0.978749371081769
"Wave_726",0.185278765929302
"Wave_727",-0.966792598863705
"Wave_728",-3.28084750407791
"Wave_729",-3.98053877044656
"Wave_730",-3.85312326718956
"Wave_731",-4.12376635853641
"Wave_732",-4.65616082691005
"Wave_733",-5.38086760429575
"Wave_734",-7.60560301235295
"Wave_735",-9.65468165031628
"Wave_736",-10.3922003278227
"Wave_737",-11.3950077532405
"Wave_738",-10.3283053086402
"Wave_739",-5.36076730370097
"Wave_740",-7.58080363811412
"Wave_741",-7.02237912099312
"Wave_742",-7.5091324617487
"Wave_743",-6.74276276149891
"Wave_744",-6.59904014881595
"Wave_745",-5.74811234287348
"Wave_746",-3.89858529334474
"Wave_747",-5.11482892348587
"Wave_748",-6.32576269662723
"Wave_749",-7.23567240095296
"Wave_750",-8.35126896091686
"Wave_751",-10.6801977118925
"Wave_752",-10.2170648187925
"Wave_753",-10.0782255168095
"Wave_754",-12.0724785534379
"Wave_755",-12.3184359620606
"Wave_756",-13.2984377420263
"Wave_757",-14.4300297204676
"Wave_758",-15.7697758354235
"Wave_759",-13.4927103951235
"Wave_760",-12.8312033212845
"Wave_761",-12.1972100827256
"Wave_762",-13.9305507414741
"Wave_763",-19.0125711551402
"Wave_764",-17.4146718318247
"Wave_765",-17.0435129607233
"Wave_766",-17.1750401322349
"Wave_767",-15.1358126421589
"Wave_768",-13.4945065200603
"Wave_769",-15.6087057005443
"Wave_770",-15.469250906283
"Wave_771",-16.8155269235349
"Wave_772",-17.0394367216233
"Wave_773",-15.0363912153206
"Wave_774",-14.7304153070714
"Wave_775",-14.6947785657139
"Wave_776",-14.1255557802736
"Wave_777",-15.6048395236023
"Wave_778",-13.5187233891662
"Wave_779",-9.36988473427681
"Wave_780",-8.65453352469562
"Wave_781",-13.1375706863988
"Wave_782",-11.9931577202044
"Wave_783",-10.6211669786992
"Wave_784",-11.9273547926329
"Wave_785",-9.35665196650285
"Wave_786",-11.6915406416817
"Wave_787",-11.3123682882333
"Wave_788",-10.8240476471502
"Wave_789",-8.27551432507253
"Wave_790",-2.97100949364376
"Wave_791",-4.22711758680918
"Wave_792",-7.08288486660472
"Wave_793",-8.58546069867614
"Wave_794",-8.91230199743134
"Wave_795",-5.2176836937594
"Wave_796",0.489890982787138
"Wave_797",1.73257769887505
"Wave_798",-0.677565369281048
"Wave_799",1.42404509220383
"Wave_800",-0.161377945205322
"Wave_801",-1.86166356221575
"Wave_802",1.21266280285468
"Wave_803",2.52002410955155
"Wave_804",1.65848113670931
"Wave_805",5.30509530546479
"Wave_806",3.25933963894138
"Wave_807",3.9737300283466
"Wave_808",3.56031935571559
"Wave_809",4.19636676764956
"Wave_810",7.97164547540456
"Wave_811",9.13805987034475
"Wave_812",7.95861170878559
"Wave_813",8.71983933106995
"Wave_814",7.59232208791293
"Wave_815",6.66007294207915
"Wave_816",11.406539482628
"Wave_817",9.35647892541295
"Wave_818",4.75073489711301
"Wave_819",9.53999256196618
"Wave_820",14.5740465399703
"Wave_821",18.785040726168
"Wave_822",16.0596567555171
"Wave_823",9.09217304882874
"Wave_824",4.61815732058095
"Wave_825",3.71178930847844
"Wave_826",5.59862245612477
"Wave_827",10.5570130466957
"Wave_828",16.1343508955375
"Wave_829",11.3919901390855
"Wave_830",9.87926064263053
"Wave_831",7.48485821322486
"Wave_832",7.19363240594171
"Wave_833",7.70376528869956
"Wave_834",6.49077959313701
"Wave_835",10.7780435294567
"Wave_836",13.6770265424264
"Wave_837",16.0364950000984
"Wave_838",10.5911583853054
"Wave_839",4.47722377394405
"Wave_840",8.9188833486545
"Wave_841",12.0566034616757
"Wave_842",14.253753539805
"Wave_843",6.02363996420411
"Wave_844",6.30256127065108
"Wave_845",3.17062069545336
"Wave_846",5.17810965794931
"Wave_847",7.72983980632581
"Wave_848",6.0652005316719
"Wave_849",5.90169732713304
"Wave_850",-1.58483122728315
"Wave_851",2.99451537930761
"Wave_852",5.94307921782488
"Wave_853",9.42761300143915
"Wave_854",13.0723217283949
"Wave_855",16.6399230991732
"Wave_856",10.5296754250346
"Wave_857",2.79100227791734
"Wave_858",-0.918230308818753
"Wave_859",-1.80778922477779
"Wave_860",1.34610756295403
"Wave_861",3.40015309291493
"Wave_862",4.86385927825498
"Wave_863",3.52518929613632
"Wave_864",0.100082480057988
"Wave_865",-6.36246108176709
"Wave_866",-5.07580338103772
"Wave_867",3.57193255509564
"Wave_868",6.79533142427835
"Wave_869",5.04398675271933
"Wave_870",1.76881507516544
"Wave_871",2.24756922367631
"Wave_872",-5.29299565600651
"Wave_873",-4.45861561186069
"Wave_874",-3.0576279617157
"Wave_875",-0.189245529775638
"Wave_876",-0.945742774124792
"Wave_877",4.28522211027323
"Wave_878",2.4695855495403
"Wave_879",1.31595713831563
"Wave_880",2.22451796791626
"Wave_881",3.19701924045759
"Wave_882",4.0983391874892
"Wave_883",-5.22171544746636
"Wave_884",4.39243717480352
"Wave_885",-1.0391806643745
"Wave_886",-2.25852368660454
"Wave_887",0.208322121759287
"Wave_888",5.25291010256205
"Wave_889",6.41235568778916
"Wave_890",10.5937850297069
"Wave_891",11.2019277462043
"Wave_892",10.1882234396462
"Wave_893",3.66196516009274
"Wave_894",-6.95390453999451
"Wave_895",8.77963623594082
"Wave_896",0.94493118130598
"Wave_897",0.39984458769311
"Wave_898",-2.72158645473327
"Wave_899",-2.3808153860704
"Wave_900",4.59270645328455
"Wave_901",5.54225760251741
"Wave_902",5.00333835186332
"Wave_903",5.83441096142891
"Wave_904",8.65728601342763
"Wave_905",7.93786431445194
"Wave_906",5.06397209681305
"Wave_907",5.65988874701325
"Wave_908",5.02104393775443
"Wave_909",-3.4966245527252
"Wave_910",-2.57321569466754
"Wave_911",-0.505731885868722
"Wave_912",4.23072662305401
"Wave_913",10.6876462274573
"Wave_914",3.73600454036882
"Wave_915",13.9413323170165
"Wave_916",9.05312375201571
"Wave_917",8.77556417382303
"Wave_918",9.40817776302926
"Wave_919",11.0414806605253
"Wave_920",14.4611052575227
"Wave_921",-0.969578434230064
"Wave_922",1.91443298997485
"Wave_923",7.22297226014577
"Wave_924",9.24466117662758
"Wave_925",8.85714224400007
"Wave_926",8.32749697294567
"Wave_927",6.08972848522942
"Wave_928",9.55327890873112
"Wave_929",-10.8366813215551
"Wave_930",-11.0846844550392
"Wave_931",-10.0673374566136
"Wave_932",-4.83177080777369
"Wave_933",7.88744727326642
"Wave_934",18.8403613095527
"Wave_935",5.47076750700657
"Wave_936",17.6714035211104
"Wave_937",11.1777932567075
"Wave_938",-3.84367425018056
"Wave_939",-1.2703756969135
"Wave_940",17.7723466593323
"Wave_941",16.7786898116688
"Wave_942",14.6031457273503
"Wave_943",5.3547372878732
"Wave_944",0.979558260611961
"Wave_945",-1.33804363411328
"Wave_946",0.985291608407376
"Wave_947",5.95466040349474
"Wave_948",4.28878623740254
"Wave_949",1.64787088908036
"Wave_950",-2.09258151683272
"Wave_951",8.52333352616579
"Wave_952",-4.06367268140973
"Wave_953",-16.0233839463183
"Wave_954",-9.14645083932981
"Wave_955",-15.3509945266439
"Wave_956",-4.57878958720521
"Wave_957",17.258457086199
"Wave_958",8.05057627427061
"Wave_959",0.554464864494594
"Wave_960",0.361906676759805
"Wave_961",-5.42659806327704
"Wave_962",-19.7465125136512
"Wave_963",-11.0856505318366
"Wave_964",4.60180514817006
"Wave_965",9.25223532498776
"Wave_966",-5.77942846330063
"Wave_967",-23.1543152008962
"Wave_968",-26.1602953473543
"Wave_969",-3.60966012092361
"Wave_970",-5.06693733199259
"Wave_971",-3.76302739011041
"Wave_972",-6.81095914252097
"Wave_973",-8.7185808026518
"Wave_974",-10.6262026893769
"Wave_975",-11.0762286966494
"Wave_976",-11.3588421453574
"Wave_977",-11.9369339763604
"Wave_978",-12.5150293537834
"Wave_979",-15.9928331163714
"Wave_980",-19.6232254803902
"Wave_981",-23.1405551612336
"Wave_982",-26.2359657475644
"Wave_983",-25.5340991395411
"Wave_984",-24.4848077998979
"Wave_985",-23.3486638679864
"Wave_986",-22.9371321794937
"Wave_987",-25.4240625220456
"Wave_988",-23.718606587089
"Wave_989",-22.0131514990991
"Wave_990",-20.1991158426683
"Wave_991",-19.6499416662089
"Wave_992",-24.8116961781766
"Wave_993",-29.9734500028596
"Wave_994",-34.0018440732319
"Wave_995",-35.8464415689877
"Wave_996",-34.3585146921835
"Wave_997",-32.8705874485132
"Wave_998",-30.5003382543185
"Wave_999",-27.5452131995545
"Wave_1000",-24.3833515475821
"Wave_1001",-21.2214906412185
"Wave_1002",-19.0374612628509
"Wave_1003",-19.5816642172317
"Wave_1004",-21.2485452668439
"Wave_1005",-22.7808688854619
"Wave_1006",-23.1021697846571
"Wave_1007",-20.6381421234687
"Wave_1008",-17.8646329939551
"Wave_1009",-14.9903970230062
"Wave_1010",-11.7068110345906
"Wave_1011",-8.36523904763962
"Wave_1012",-5.0236670063229
"Wave_1013",-2.79657633688641
"Wave_1014",-2.51752141382679
"Wave_1015",-2.88320759506297
"Wave_1016",-3.24889663264924
"Wave_1017",-3.0942384732896
"Wave_1018",-3.31711309917374
"Wave_1019",-4.26441447587358
"Wave_1020",-5.2117205948509
"Wave_1021",-6.4637663408807
"Wave_1022",-6.60339997516175
"Wave_1023",-6.21031350280551
"Wave_1024",-5.81722930930297
"Wave_1025",-5.64042727745535
"Wave_1026",-6.12533795062585
"Wave_1027",-6.68110045598578
"Wave_1028",-7.22196620286761
"Wave_1029",-7.62086027692427
"Wave_1030",-7.94878459976501
"Wave_1031",-8.27671046697799
"Wave_1032",-8.59427708461114
"Wave_1033",-8.62066916268569
"Wave_1034",-8.06434667728309
"Wave_1035",-7.50802542948227
"Wave_1036",-7.27084325307993
"Wave_1037",-6.92918204688789
"Wave_1038",-6.00432888878496
"Wave_1039",-5.07947430318484
"Wave_1040",-3.51598929838521
"Wave_1041",-2.28646844566203
"Wave_1042",-1.38254052926865
"Wave_1043",-0.478612979311364
"Wave_1044",0.24799783819739
"Wave_1045",0.625598649033147
"Wave_1046",0.969346116311164
"Wave_1047",1.31309628851611
"Wave_1048",1.70764837139523
"Wave_1049",1.58071198886608
"Wave_1050",1.45377499504922
"Wave_1051",1.33919328895523
"Wave_1052",1.4082829871996
"Wave_1053",1.64648769347507
"Wave_1054",1.88469589364066
"Wave_1055",2.10670394476802
"Wave_1056",2.54651557776206
"Wave_1057",3.24192352079518
"Wave_1058",3.93733407130069
"Wave_1059",4.83680851326918
"Wave_1060",5.64580694441551
"Wave_1061",6.32858044332093
"Wave_1062",7.01134975484026
"Wave_1063",7.49491430997166
"Wave_1064",7.71709114156395
"Wave_1065",7.91971077238238
"Wave_1066",8.12233134767261
"Wave_1067",8.33566657889228
"Wave_1068",8.56792102833524
"Wave_1069",8.80017590487174
"Wave_1070",9.03243174759943
"Wave_1071",9.49154520537094
"Wave_1072",10.0165198567433
"Wave_1073",10.5414946932619
"Wave_1074",11.2005195213709
"Wave_1075",11.668952956182
"Wave_1076",11.410593813013
"Wave_1077",11.1522355855254
"Wave_1078",10.3822447273545
"Wave_1079",9.90151852861835
"Wave_1080",9.87366921096768
"Wave_1081",9.84582016102071
"Wave_1082",10.1946868867192
"Wave_1083",10.4393992169454
"Wave_1084",10.644630524118
"Wave_1085",10.8498646912621
"Wave_1086",11.2506223748808
"Wave_1087",10.8783035120047
"Wave_1088",10.5059893881971
"Wave_1089",10.1336731483017
"Wave_1090",9.90809842599956
"Wave_1091",11.3995845238048
"Wave_1092",12.8910737058927
"Wave_1093",14.4823339265153
"Wave_1094",15.262186694766
"Wave_1095",15.2350351104151
"Wave_1096",15.2078838233028
"Wave_1097",15.2405969034299
"Wave_1098",15.7509105881724
"Wave_1099",16.3457059189434
"Wave_1100",16.9404994908087
"Wave_1101",17.7902703077199
"Wave_1102",18.5972167106138
"Wave_1103",19.4041655189956
"Wave_1104",20.2111126694937
"Wave_1105",20.5468215867155
"Wave_1106",20.301565815407
"Wave_1107",20.0563105900611
"Wave_1108",19.8110573883863
"Wave_1109",20.1222054939076
"Wave_1110",20.543563940416
"Wave_1111",20.9649266228959
"Wave_1112",21.4111558025673
"Wave_1113",21.3607485459015
"Wave_1114",20.8300358843264
"Wave_1115",20.2993248566522
"Wave_1116",19.6259914641768
"Wave_1117",19.7858035526509
"Wave_1118",20.2370973992336
"Wave_1119",20.6883921514669
"Wave_1120",21.4114776371928
"Wave_1121",21.8265934624773
"Wave_1122",22.2417124610446
"Wave_1123",22.6568293277579
"Wave_1124",23.452964588351
"Wave_1125",23.791293071072
"Wave_1126",24.129623374102
"Wave_1127",24.4679529506219
"Wave_1128",24.6910001828272
"Wave_1129",24.2082876402814
"Wave_1130",23.7255752450697
"Wave_1131",23.3517679861145
"Wave_1132",22.6932581891856
"Wave_1133",21.4926776987942
"Wave_1134",20.2920919306892
"Wave_1135",19.4290580812336
"Wave_1136",18.9060880939946
"Wave_1137",18.3333882737139
"Wave_1138",17.7606892812113
"Wave_1139",17.6087250990979
"Wave_1140",16.4829990175208
"Wave_1141",15.3572750381753
"Wave_1142",14.2315502113622
"Wave_1143",12.7999613877514
"Wave_1144",12.6345778392865
"Wave_1145",12.4691916184328
"Wave_1146",12.3038068716832
"Wave_1147",11.8915154755002
"Wave_1148",11.9304230034202
"Wave_1149",11.969332144808
"Wave_1150",11.9669228347172
"Wave_1151",11.6822429213021
"Wave_1152",11.4199606772948
"Wave_1153",11.1576783198495
"Wave_1154",9.9381979311209
"Wave_1155",10.1039924255166
"Wave_1156",10.269782597093
"Wave_1157",10.4355764895834
"Wave_1158",10.6712898499842
"Wave_1159",10.7479503457754
"Wave_1160",10.8246100644685
"Wave_1161",10.90127116368
"Wave_1162",11.0054677605064
"Wave_1163",11.5719208883351
"Wave_1164",12.1383751468795
"Wave_1165",12.7048278576682
"Wave_1166",12.8908402105951
"Wave_1167",12.9595071625077
"Wave_1168",13.0281736183267
"Wave_1169",13.1404267546061
"Wave_1170",12.9563550613153
"Wave_1171",12.7199894420283
"Wave_1172",12.4836221327188
"Wave_1173",12.3725060863734
"Wave_1174",12.568666376222
"Wave_1175",12.7648263485957
"Wave_1176",12.9609875235809
"Wave_1177",12.9705373088725
"Wave_1178",12.7730080811947
"Wave_1179",12.5754808863768
"Wave_1180",12.3779529923256
"Wave_1181",12.3515503739023
"Wave_1182",12.3992878511135
"Wave_1183",12.4470270005857
"Wave_1184",12.4947643532007
"Wave_1185",12.2372897777095
"Wave_1186",12.0291665213098
"Wave_1187",11.8210448342977
"Wave_1188",11.7458308250553
"Wave_1189",11.7136105203895
"Wave_1190",11.6813900070282
"Wave_1191",11.6491691333729
"Wave_1192",11.4932530782277
"Wave_1193",12.2990264241448
"Wave_1194",13.1048013214767
"Wave_1195",13.910575551855
"Wave_1196",14.6626135843623
"Wave_1197",15.0201033300612
"Wave_1198",15.3775904022051
"Wave_1199",15.7350786241324
"Wave_1200",15.9708660179602
"Wave_1201",16.1882648784453
"Wave_1202",16.4056659316206
"Wave_1203",16.5817504295966
"Wave_1204",16.3071888876435
"Wave_1205",16.0238736952187
"Wave_1206",15.7405594486753
"Wave_1207",15.5375848623839
"Wave_1208",15.7253177361579
"Wave_1209",15.9130515429234
"Wave_1210",16.1007833426489
"Wave_1211",16.2969440197904
"Wave_1212",16.2868388838022
"Wave_1213",16.2767353798417
"Wave_1214",16.2666300746311
"Wave_1215",16.0139445648187
"Wave_1216",15.6452879200852
"Wave_1217",15.2766324196277
"Wave_1218",14.9079744751101
"Wave_1219",14.8148502418771
"Wave_1220",14.8014690053043
"Wave_1221",14.7880881526125
"Wave_1222",14.7713586108574
"Wave_1223",14.7252648639809
"Wave_1224",14.6791712854314
"Wave_1225",14.633079243017
"Wave_1226",14.4275384861608
"Wave_1227",13.5997560630886
"Wave_1228",12.7719750640961
"Wave_1229",11.9441939160646
"Wave_1230",11.5790335834205
"Wave_1231",11.4784454713162
"Wave_1232",11.3778549530738
"Wave_1233",11.2772671003092
"Wave_1234",11.514816580113
"Wave_1235",11.8069678073406
"Wave_1236",12.0991181478115
"Wave_1237",12.3997548599231
"Wave_1238",13.2413800154741
"Wave_1239",14.0830066166321
"Wave_1240",14.9246321662507
"Wave_1241",15.4716629106853
"Wave_1242",15.3498986878493
"Wave_1243",15.228132522302
"Wave_1244",15.1063687813143
"Wave_1245",14.7157222721951
"Wave_1246",14.0352790728352
"Wave_1247",13.3548371165275
"Wave_1248",12.6743934760459
"Wave_1249",12.7098371464165
"Wave_1250",12.8848498421465
"Wave_1251",13.0598647764692
"Wave_1252",13.2450358514225
"Wave_1253",13.0493883786262
"Wave_1254",12.8537417584969
"Wave_1255",12.6580928945781
"Wave_1256",12.4433381218611
"Wave_1257",12.1840001347753
"Wave_1258",11.9246624368098
"Wave_1259",11.6653238613629
"Wave_1260",11.3950764723738
"Wave_1261",11.0945745594085
"Wave_1262",10.7940761982586
"Wave_1263",10.4935750956908
"Wave_1264",10.4771880304154
"Wave_1265",10.5318305632897
"Wave_1266",10.5864742214015
"Wave_1267",10.6557943635196
"Wave_1268",10.5224484972402
"Wave_1269",10.3891004119548
"Wave_1270",10.2557543410054
"Wave_1271",10.1448354560375
"Wave_1272",10.206928476778
"Wave_1273",10.2690211602358
"Wave_1274",10.3311143625262
"Wave_1275",10.5204652873885
"Wave_1276",10.6229919354958
"Wave_1277",10.7255208961777
"Wave_1278",10.8280475325495
"Wave_1279",10.2847341897945
"Wave_1280",9.51518959121141
"Wave_1281",8.74564343022157
"Wave_1282",7.97609793755867
"Wave_1283",7.83533483477057
"Wave_1284",7.69457302673042
"Wave_1285",7.55380980336446
"Wave_1286",7.38520558732111
"Wave_1287",6.81615282187748
"Wave_1288",6.24709803035038
"Wave_1289",5.67804374176484
"Wave_1290",5.18898513941643
"Wave_1291",4.77991896387604
"Wave_1292",4.3708521660482
"Wave_1293",3.96178499860632
"Wave_1294",3.15085226101525
"Wave_1295",2.23945171889604
"Wave_1296",1.32805195787159
"Wave_1297",0.416651209277589
"Wave_1298",-0.0968002813746456
"Wave_1299",-0.61024930733092
"Wave_1300",-1.12369987223021
"Wave_1301",-1.55165643608646
"Wave_1302",-1.78012537050385
"Wave_1303",-2.00859494315071
"Wave_1304",-2.23706558006536
"Wave_1305",-2.74417573374727
"Wave_1306",-3.53599757367304
"Wave_1307",-4.32781840652939
"Wave_1308",-5.11964074662779
"Wave_1309",-5.65309561193844
"Wave_1310",-6.12195734451
"Wave_1311",-6.59081990909018
"Wave_1312",-7.09531606952156
"Wave_1313",-7.48596559109338
"Wave_1314",-7.8766166632301
"Wave_1315",-8.26726547163412
"Wave_1316",-8.73256696696606
"Wave_1317",-9.37205013145831
"Wave_1318",-10.0115331252959
"Wave_1319",-10.6510162274322
"Wave_1320",-10.9364177493338
"Wave_1321",-10.9857667172045
"Wave_1322",-11.0351147909441
"Wave_1323",-11.0844652065314
"Wave_1324",-11.6198047078114
"Wave_1325",-12.2766418180935
"Wave_1326",-12.9334805717696
"Wave_1327",-13.5537670395586
"Wave_1328",-13.845085061235
"Wave_1329",-14.1364005696635
"Wave_1330",-14.4277165872218
"Wave_1331",-14.8737033153058
"Wave_1332",-15.6626712631659
"Wave_1333",-16.4516367817352
"Wave_1334",-17.2406051845059
"Wave_1335",-17.3636313041596
"Wave_1336",-17.0426919892103
"Wave_1337",-16.7217548683525
"Wave_1338",-16.4008178638165
"Wave_1339",-16.5507821774865
"Wave_1340",-16.7530689570482
"Wave_1341",-16.9553527997779
"Wave_1342",-17.0589414536234
"Wave_1343",-16.7677356473629
"Wave_1344",-16.4765335848814
"Wave_1345",-16.1853288683758
"Wave_1346",-15.7893914939457
"Wave_1347",-15.2363509204407
"Wave_1348",-14.6833099134192
"Wave_1349",-14.1302684313427
"Wave_1350",-13.9367481166646
"Wave_1351",-13.8973076572858
"Wave_1352",-13.8578686922437
"Wave_1353",-13.8184271074474
"Wave_1354",-13.3729875639893
"Wave_1355",-12.9275453764262
"Wave_1356",-12.4821041564458
"Wave_1357",-12.1863646895863
"Wave_1358",-12.4894363292796
"Wave_1359",-12.7925069837025
"Wave_1360",-13.0955766757623
"Wave_1361",-13.607332745532
"Wave_1362",-14.3277770577464
"Wave_1363",-15.0482196732957
"Wave_1364",-15.7686649648925
"Wave_1365",-16.6099072723659
"Wave_1366",-17.4813526254177
"Wave_1367",-18.3527976170634
"Wave_1368",-19.2030179460497
"Wave_1369",-19.862227280896
"Wave_1370",-20.5214378502015
"Wave_1371",-21.1806476212554
"Wave_1372",-21.9759776155686
"Wave_1373",-23.0889136688225
"Wave_1374",-24.2018512601383
"Wave_1375",-25.3147867419321
"Wave_1376",-26.3606660371462
"Wave_1377",-27.3618404998396
"Wave_1378",-28.3630103299799
"Wave_1379",-29.3641841447695
"Wave_1380",-30.0956208496786
"Wave_1381",-30.7970904183234
"Wave_1382",-31.4985585833028
"Wave_1383",-31.9854358184399
"Wave_1384",-31.6139427538263
"Wave_1385",-31.2424520055743
"Wave_1386",-30.8709597881113
"Wave_1387",-30.4402476060493
"Wave_1388",-29.9503173926749
"Wave_1389",-29.4603883698027
"Wave_1390",-28.9704569301445
"Wave_1391",-26.4849273392993
"Wave_1392",-23.3598430633955
"Wave_1393",-20.2347641469383
"Wave_1394",-17.1096802245229
"Wave_1395",-13.7310757536932
"Wave_1396",-10.352470785499
"Wave_1397",-6.97386548213058
"Wave_1398",-3.586920355013
"Wave_1399",-0.180516711435246
"Wave_1400",3.2258867124781
"Wave_1401",6.63228877157351
"Wave_1402",9.76529259482326
"Wave_1403",12.7160286784717
"Wave_1404",15.6667641069623
"Wave_1405",18.6175003262376
"Wave_1406",21.6304145350149
"Wave_1407",24.650237363801
"Wave_1408",27.670060130103
"Wave_1409",30.4913208737945
"Wave_1410",32.5183419956204
"Wave_1411",34.545360559431
"Wave_1412",36.5723815674864
"Wave_1413",37.9165511563807
"Wave_1414",38.5778678441816
"Wave_1415",39.2391833821909
"Wave_1416",39.9005018159757
"Wave_1417",40.2418918467871
"Wave_1418",40.5033007015228
"Wave_1419",40.7647138041308
"Wave_1420",40.9648225032246
"Wave_1421",40.6132233494131
"Wave_1422",40.2616211713328
"Wave_1423",39.910020692169
"Wave_1424",39.6402697432416
"Wave_1425",39.2015341067077
"Wave_1426",38.7627950902808
"Wave_1427",38.3240601609767
"Wave_1428",37.6662134037006
"Wave_1429",36.9144656963541
"Wave_1430",36.16271547044
"Wave_1431",35.4109666855778
"Wave_1432",34.5907093241088
"Wave_1433",33.6787976042206
"Wave_1434",32.7668831084195
"Wave_1435",31.8994583018172
"Wave_1436",31.0186602816882
"Wave_1437",30.1378607607588
"Wave_1438",29.2570621300905
"Wave_1439",28.6346043824628
"Wave_1440",28.1843725232131
"Wave_1441",27.7341443980314
"Wave_1442",27.2839121972936
"Wave_1443",26.8862377424818
"Wave_1444",26.4645868758318
"Wave_1445",26.0429378584316
"Wave_1446",25.5585821763931
"Wave_1447",24.8233978535486
"Wave_1448",24.088215190045
"Wave_1449",23.3530322964248
"Wave_1450",22.7729755201492
"Wave_1451",22.3480455080272
"Wave_1452",21.9231184732997
"Wave_1453",21.4981899000792
"Wave_1454",21.4860129139648
"Wave_1455",21.5770250089359
"Wave_1456",21.6680360336728
"Wave_1457",21.7277470828099
"Wave_1458",21.5057609557984
"Wave_1459",21.2837719810558
"Wave_1460",21.0617854814093
"Wave_1461",20.8328079451786
"Wave_1462",20.5933416901324
"Wave_1463",20.3538758468036
"Wave_1464",20.1144113825033
"Wave_1465",19.7638905250219
"Wave_1466",19.3657743722853
"Wave_1467",18.9676572802476
"Wave_1468",18.5695404021269
"Wave_1469",18.0752291703935
"Wave_1470",17.5809200725755
"Wave_1471",17.0866085768993
"Wave_1472",16.5904879939875
"Wave_1473",16.0901418924327
"Wave_1474",15.5897962835849
"Wave_1475",15.0894491112547
"Wave_1476",14.5742703343848
"Wave_1477",14.023938642459
"Wave_1478",13.4736068540983
"Wave_1479",12.9232749391197
"Wave_1480",12.0138657086098
"Wave_1481",11.0465627606595
"Wave_1482",10.0792627564087
"Wave_1483",9.18533327744584
"Wave_1484",8.46261263226303
"Wave_1485",7.73988932272614
"Wave_1486",7.0171685554025
"Wave_1487",6.25662059204978
"Wave_1488",5.47085821359224
"Wave_1489",4.68509532114997
"Wave_1490",3.89933417307954
"Wave_1491",3.33759575653532
"Wave_1492",2.80075181747714
"Wave_1493",2.26390922021662
"Wave_1494",1.77964224194689
"Wave_1495",1.50567746587378
"Wave_1496",1.23171390383298
"Wave_1497",0.957751841001356
"Wave_1498",0.351601441917102
"Wave_1499",-0.476007226737027
"Wave_1500",-1.30361473758046
"Wave_1501",-2.13122260875719
"Wave_1502",-2.47312461508919
"Wave_1503",-2.76105829932052
"Wave_1504",-3.04899183816176
"Wave_1505",-3.33349251889909
"Wave_1506",-3.604259936983
"Wave_1507",-3.87502745211418
"Wave_1508",-4.14579487835169
"Wave_1509",-4.76299116973991
"Wave_1510",-5.62271188918526
"Wave_1511",-6.48243028014391
"Wave_1512",-7.34215040269334
"Wave_1513",-7.63193697392827
"Wave_1514",-7.85839947729736
"Wave_1515",-8.08485677362633
"Wave_1516",-8.43540488499115
"Wave_1517",-9.2822976396288
"Wave_1518",-10.1291922171649
"Wave_1519",-10.9760850715755
"Wave_1520",-11.2827774985623
"Wave_1521",-11.3416746363804
"Wave_1522",-11.4005717930644
"Wave_1523",-11.459469169303
"Wave_1524",-12.0516471805121
"Wave_1525",-12.6779034183697
"Wave_1526",-13.3041585088035
"Wave_1527",-13.8552784875329
"Wave_1528",-14.105848417922
"Wave_1529",-14.3564192883779
"Wave_1530",-14.6069875164648
"Wave_1531",-14.9569812924845
"Wave_1532",-15.388778938784
"Wave_1533",-15.8205794506745
"Wave_1534",-16.252378531677
"Wave_1535",-16.5345080356073
"Wave_1536",-16.8000054081336
"Wave_1537",-17.0655036284204
"Wave_1538",-17.3150104737141
"Wave_1539",-17.5005540787753
"Wave_1540",-17.686094576511
"Wave_1541",-17.8716384244456
"Wave_1542",-17.9347056064474
"Wave_1543",-17.9046338923102
"Wave_1544",-17.8745640011749
"Wave_1545",-17.8444915312557
"Wave_1546",-17.8936907618499
"Wave_1547",-17.9516969083
"Wave_1548",-18.0097046210001
"Wave_1549",-18.0866398402235
"Wave_1550",-18.2229141900646
"Wave_1551",-18.359189688687
"Wave_1552",-18.495464949173
"Wave_1553",-18.68854990419
"Wave_1554",-18.919510870995
"Wave_1555",-19.1504714814823
"Wave_1556",-19.3814306562036
"Wave_1557",-19.5355081159242
"Wave_1558",-19.7236138222621
"Wave_1559",-19.9117179867714
"Wave_1560",-20.1075746682283
"Wave_1561",-20.3215209334736
"Wave_1562",-20.535467041079
"Wave_1563",-20.7494116124072
"Wave_1564",-21.1219571213493
"Wave_1565",-21.5582728335438
"Wave_1566",-21.9945869926167
"Wave_1567",-22.4309022455675
"Wave_1568",-22.5126084855594
"Wave_1569",-22.5943128657074
"Wave_1570",-22.6760163159398
"Wave_1571",-22.7725827118812
"Wave_1572",-22.6872419785593
"Wave_1573",-22.6019006273645
"Wave_1574",-22.5165597489641
"Wave_1575",-22.5670995498062
"Wave_1576",-22.6509950198017
"Wave_1577",-22.734891538239
"Wave_1578",-22.8356330808872
"Wave_1579",-23.2305679151421
"Wave_1580",-23.6255068402596
"Wave_1581",-24.020442629568
"Wave_1582",-23.9291315170801
"Wave_1583",-23.2093973282188
"Wave_1584",-22.4896653790927
"Wave_1585",-21.7699306643839
"Wave_1586",-21.9958637534136
"Wave_1587",-22.483526436001
"Wave_1588",-22.9711873714343
"Wave_1589",-23.4517024411237
"Wave_1590",-23.8056109215693
"Wave_1591",-24.1595182477435
"Wave_1592",-24.5134275953599
"Wave_1593",-24.5404508529438
"Wave_1594",-24.3689953475015
"Wave_1595",-24.1975361185257
"Wave_1596",-24.0260803260314
"Wave_1597",-24.1775928349271
"Wave_1598",-24.3360437596765
"Wave_1599",-24.4944947349425
"Wave_1600",-24.5752006488374
"Wave_1601",-24.2881952929641
"Wave_1602",-24.0011920381149
"Wave_1603",-23.7141874975285
"Wave_1604",-24.2241177141142
"Wave_1605",-25.1461146139293
"Wave_1606",-26.0681132054112
"Wave_1607",-26.8504462896325
"Wave_1608",-26.8037992558873
"Wave_1609",-26.8047078091055
"Wave_1610",-26.8056171826185
"Wave_1611",-26.7308815211119
"Wave_1612",-26.3053267891755
"Wave_1613",-25.879769192007
"Wave_1614",-25.4542115083681
"Wave_1615",-25.1026974938983
"Wave_1616",-24.7723391414433
"Wave_1617",-24.4419831719584
"Wave_1618",-24.1371922051513
"Wave_1619",-23.9114655589787
"Wave_1620",-23.6857397691833
"Wave_1621",-23.460011177499
"Wave_1622",-23.2055589992139
"Wave_1623",-23.0853277443733
"Wave_1624",-22.96509347307
"Wave_1625",-22.8448611471573
"Wave_1626",-23.0287995115472
"Wave_1627",-23.1293646734669
"Wave_1628",-23.2299286132621
"Wave_1629",-23.4165455346621
"Wave_1630",-23.968701444438
"Wave_1631",-24.5208545316155
"Wave_1632",-25.0730101731605
"Wave_1633",-24.9920766437526
"Wave_1634",-24.5237273408741
"Wave_1635",-24.0553774157476
"Wave_1636",-23.5832760032369
"Wave_1637",-23.4496414404081
"Wave_1638",-23.3573600492958
"Wave_1639",-23.2650846589309
"Wave_1640",-22.9726660610764
"Wave_1641",-22.3886194257196
"Wave_1642",-21.8045705790802
"Wave_1643",-21.2205253427481
"Wave_1644",-20.6530490516024
"Wave_1645",-20.0750916929889
"Wave_1646",-19.497133273365
"Wave_1647",-19.0901236758772
"Wave_1648",-18.141778528779
"Wave_1649",-17.1934345422994
"Wave_1650",-16.2450893464864
"Wave_1651",-15.3734881045626
"Wave_1652",-14.6343791772704
"Wave_1653",-13.8952710915261
"Wave_1654",-13.1332590498185
"Wave_1655",-12.1658500504518
"Wave_1656",-11.1986243011598
"Wave_1657",-10.2313972272198
"Wave_1658",-9.24331653780518
"Wave_1659",-8.11801882292119
"Wave_1660",-6.99272211460067
"Wave_1661",-5.86742755988267
"Wave_1662",-4.45589107099675
"Wave_1663",-3.07946039784346
"Wave_1664",-1.70302936070489
"Wave_1665",-0.775398002608632
"Wave_1666",0.135766878424797
"Wave_1667",1.04693016373404
"Wave_1668",1.95809498297523
"Wave_1669",1.83156382814876
"Wave_1670",1.30656181242834
"Wave_1671",0.78156075787552
"Wave_1672",0.333142692177359
"Wave_1673",0.417936999234484
"Wave_1674",0.463720659921414
"Wave_1675",0.509504193436497
"Wave_1676",0.464223661074348
"Wave_1677",0.625550160228908
"Wave_1678",0.7868766566988
"Wave_1679",0.948201031886204
"Wave_1680",1.03373580328586
"Wave_1681",1.07451157547623
"Wave_1682",1.11528750661214
"Wave_1683",0.904021933758155
"Wave_1684",0.567006489226631
"Wave_1685",0.229989242848082
"Wave_1686",-0.107026558720082
"Wave_1687",-0.70866023149812
"Wave_1688",-1.55629640608352
"Wave_1689",-2.40393318296839
"Wave_1690",-3.26665122374904
"Wave_1691",-4.10565087996204
"Wave_1692",-4.90478757586539
"Wave_1693",-5.70392488953637
"Wave_1694",-6.14382777381877
"Wave_1695",-6.15962723336253
"Wave_1696",-6.17542764406359
"Wave_1697",-6.19122759887936
"Wave_1698",-6.64047112087468
"Wave_1699",-6.94064684364074
"Wave_1700",-7.24081753724838
"Wave_1701",-7.24380226423158
"Wave_1702",-6.82478973938319
"Wave_1703",-6.40577693216469
"Wave_1704",-5.98676449416022
"Wave_1705",-5.64393285576674
"Wave_1706",-5.63989425875331
"Wave_1707",-5.63585616685254
"Wave_1708",-5.70855896848548
"Wave_1709",-5.50276956640093
"Wave_1710",-5.15060739499616
"Wave_1711",-4.79845054150456
"Wave_1712",-3.94262616271099
"Wave_1713",-2.98924765592863
"Wave_1714",-2.03586611878324
"Wave_1715",-1.09076609226092
"Wave_1716",0.246432745876089
"Wave_1717",1.89471791731986
"Wave_1718",3.54300213308082
"Wave_1719",4.61938929576216
"Wave_1720",5.05621590065272
"Wave_1721",5.49304477344309
"Wave_1722",5.92986972274213
"Wave_1723",6.36742380357211
"Wave_1724",7.1723490709324
"Wave_1725",7.97727633985005
"Wave_1726",8.65151964347381
"Wave_1727",8.43101833049356
"Wave_1728",8.13288522294607
"Wave_1729",7.83474903256496
"Wave_1730",6.73073797212855
"Wave_1731",6.07011437479251
"Wave_1732",5.40949321163081
"Wave_1733",4.95351741613602
"Wave_1734",4.74922816157863
"Wave_1735",4.44815290735607
"Wave_1736",4.14708122629525
"Wave_1737",3.195245559549
"Wave_1738",2.27763479629515
"Wave_1739",1.36002751970252
"Wave_1740",0.513634414497818
"Wave_1741",0.0119236261794762
"Wave_1742",-0.449908330509404
"Wave_1743",-0.911743349207835
"Wave_1744",-1.46466369430733
"Wave_1745",-2.15128586633367
"Wave_1746",-2.83790794044295
"Wave_1747",-3.45647240771921
"Wave_1748",-3.29410629483353
"Wave_1749",-2.87909099991229
"Wave_1750",-2.46407708613281
"Wave_1751",-1.70700436069202
"Wave_1752",-1.03936028128504
"Wave_1753",-0.479584975583895
"Wave_1754",0.0801876481768042
"Wave_1755",-0.40177078053739
"Wave_1756",-0.771228606783083
"Wave_1757",-1.14068669559906
"Wave_1758",-1.30643768565996
"Wave_1759",-1.38965376731644
"Wave_1760",-1.56844958091471
"Wave_1761",-1.74724530861389
"Wave_1762",-2.06340782188126
"Wave_1763",-2.53334390064712
"Wave_1764",-3.00327972509655
"Wave_1765",-3.35495789370458
"Wave_1766",-3.70579037071099
"Wave_1767",-4.24001699566271
"Wave_1768",-4.77424566973181
"Wave_1769",-4.33328126932335
"Wave_1770",-3.99383848292182
"Wave_1771",-3.65439440590608
"Wave_1772",-3.57294897751654
"Wave_1773",-4.41123556350025
"Wave_1774",-5.08112159243934
"Wave_1775",-5.75100846672853
"Wave_1776",-5.10728915413181
"Wave_1777",-4.77620837699143
"Wave_1778",-4.54241520599688
"Wave_1779",-4.4742149264657
"Wave_1780",-4.99195224308279
"Wave_1781",-5.33136126376915
"Wave_1782",-5.67076988594033
"Wave_1783",-5.55605316304559
"Wave_1784",-5.34743459076533
"Wave_1785",-5.19103151946351
"Wave_1786",-4.95636908155692
"Wave_1787",-4.10995697305289
"Wave_1788",-3.63383364004786
"Wave_1789",-3.15770953135153
"Wave_1790",-3.04566830904171
"Wave_1791",-3.26559491052328
"Wave_1792",-3.52376824883684
"Wave_1793",-3.69792143831917
"Wave_1794",-3.17745580241567
"Wave_1795",-3.21141472185671
"Wave_1796",-3.24537223090843
"Wave_1797",-3.62447577593998
"Wave_1798",-4.0944524213022
"Wave_1799",-4.39491384959779
"Wave_1800",-4.69537524721326
"Wave_1801",-4.14672487981991
"Wave_1802",-4.24959822882966
"Wave_1803",-4.35247360552767
"Wave_1804",-4.808232038867
"Wave_1805",-5.3616979273064
"Wave_1806",-5.65998269689995
"Wave_1807",-5.9582700634194
"Wave_1808",-5.90908355430872
"Wave_1809",-6.21382927221087
"Wave_1810",-6.55789923903499
"Wave_1811",-6.77912006844472
"Wave_1812",-6.53474319345999
"Wave_1813",-5.86839200020462
"Wave_1814",-5.20204240081044
"Wave_1815",-5.60977954942746
"Wave_1816",-6.06861404891575
"Wave_1817",-6.51038598876465
"Wave_1818",-6.94902643664394
"Wave_1819",-7.3590435212024
"Wave_1820",-7.71322519896451
"Wave_1821",-8.06740528592525
"Wave_1822",-8.13172774963494
"Wave_1823",-8.19317872064384
"Wave_1824",-8.26196248313727
"Wave_1825",-8.52131151904801
"Wave_1826",-8.8748779141489
"Wave_1827",-8.46193794110168
"Wave_1828",-8.04900050388931
"Wave_1829",-9.03890583493266
"Wave_1830",-9.65268709633472
"Wave_1831",-10.038467987521
"Wave_1832",-10.4341432058509
"Wave_1833",-10.8556655137542
"Wave_1834",-11.3212166718025
"Wave_1835",-11.786767509217
"Wave_1836",-12.9480318663716
"Wave_1837",-13.2951169202715
"Wave_1838",-13.0478794807363
"Wave_1839",-13.1177841286229
"Wave_1840",-13.5900514724434
"Wave_1841",-13.4021776248636
"Wave_1842",-13.2143044845155
"Wave_1843",-14.7440046169744
"Wave_1844",-15.4103753673497
"Wave_1845",-15.3739603861321
"Wave_1846",-15.6946383732058
"Wave_1847",-16.4380025381121
"Wave_1848",-16.1648354504712
"Wave_1849",-15.8916689385942
"Wave_1850",-17.2851554744219
"Wave_1851",-17.5997236698328
"Wave_1852",-16.650186717541
"Wave_1853",-16.9631873403981
"Wave_1854",-19.1699937429886
"Wave_1855",-18.6173143917259
"Wave_1856",-18.064632125078
"Wave_1857",-19.3116661473388
"Wave_1858",-19.7508053170838
"Wave_1859",-19.3820527520702
"Wave_1860",-20.0539844992392
"Wave_1861",-21.766600447104
"Wave_1862",-21.4184631815668
"Wave_1863",-21.0703284830623
"Wave_1864",-23.7782872641342
"Wave_1865",-24.9878087798645
"Wave_1866",-23.9496686359664
"Wave_1867",-23.3727486424624
"Wave_1868",-23.2570504862165
"Wave_1869",-21.4702178029837
"Wave_1870",-19.6774076282136
"Wave_1871",-19.5019144276269
"Wave_1872",-18.9717391936511
"Wave_1873",-17.9095359156861
"Wave_1874",-17.1752441881953
"Wave_1875",-16.6595628076277
"Wave_1876",-16.5776348577116
"Wave_1877",-16.4212707934723
"Wave_1878",-15.1612053412124
"Wave_1879",-14.5118902491709
"Wave_1880",-14.7787001395042
"Wave_1881",-14.5031170973533
"Wave_1882",-13.8659349321776
"Wave_1883",-15.8665619863362
"Wave_1884",-17.2935072060361
"Wave_1885",-15.2533618073646
"Wave_1886",-14.6123775916168
"Wave_1887",-16.070136051933
"Wave_1888",-14.7384843436232
"Wave_1889",-12.2113712728859
"Wave_1890",-13.1379446822161
"Wave_1891",-13.777533513159
"Wave_1892",-11.7342136003292
"Wave_1893",-11.2797936138029
"Wave_1894",-13.2087236098885
"Wave_1895",-12.7827154536967
"Wave_1896",-11.7679727121657
"Wave_1897",-13.3739776590674
"Wave_1898",-12.7600771429533
"Wave_1899",-6.28694472243608
"Wave_1900",1.91984594103278
"Wave_1901",11.3127150980083
"Wave_1902",7.97589881566341
"Wave_1903",4.46528943241264
"Wave_1904",1.75985327683768
"Wave_1905",0.87045376120151
"Wave_1906",-1.24953751920554
"Wave_1907",-0.96974730626836
"Wave_1908",0.115086677298849
"Wave_1909",-0.109589222009048
"Wave_1910",0.303511814382809
"Wave_1911",0.467697735667183
"Wave_1912",0.00587892761916331
"Wave_1913",0.0985428273713569
"Wave_1914",-0.49799773646062
"Wave_1915",-1.41155065728017
"Wave_1916",-2.26405095982295
"Wave_1917",-3.43170916629378
"Wave_1918",-3.5979603732564
"Wave_1919",-3.85464421616189
"Wave_1920",-4.31064415507888
"Wave_1921",-4.52302306981427
"Wave_1922",-4.95514245361226
"Wave_1923",-5.47438509251991
"Wave_1924",-5.93679177496782
"Wave_1925",-6.42976093360621
"Wave_1926",-6.42357502869254
"Wave_1927",-6.50619713143578
"Wave_1928",-7.11261295523253
"Wave_1929",-7.97187229821288
"Wave_1930",-8.93629595613561
"Wave_1931",-9.3222188549103
"Wave_1932",-9.41514300309618
"Wave_1933",-9.65109726203377
"Wave_1934",-10.2511870443948
"Wave_1935",-10.8129982485056
"Wave_1936",-10.9714785148936
"Wave_1937",-10.7546322712024
"Wave_1938",-10.7801975014414
"Wave_1939",-11.1707746690653
"Wave_1940",-11.5920018612864
"Wave_1941",-12.1637084186315
"Wave_1942",-12.325914799872
"Wave_1943",-12.4470207822359
"Wave_1944",-12.3476554305115
"Wave_1945",-12.1641877530295
"Wave_1946",-12.130074524961
"Wave_1947",-12.6182060754986
"Wave_1948",-13.1995600622487
"Wave_1949",-13.7204081543745
"Wave_1950",-13.9047130988087
"Wave_1951",-14.1490348406403
"Wave_1952",-14.7774038291975
"Wave_1953",-15.549753808837
"Wave_1954",-16.289124922588
"Wave_1955",-16.1754707957928
"Wave_1956",-15.9694791589088
"Wave_1957",-15.9678127144685
"Wave_1958",-15.9395002863919
"Wave_1959",-15.9347262004426
"Wave_1960",-15.8578998259582
"Wave_1961",-15.6964236609382
"Wave_1962",-15.6463903953902
"Wave_1963",-15.4884159002996
"Wave_1964",-15.3304409744506
"Wave_1965",-15.3110195340995
"Wave_1966",-15.5320415179334
"Wave_1967",-15.8097257031109
"Wave_1968",-15.8252229743969
"Wave_1969",-15.6919289170428
"Wave_1970",-15.5445648870926
"Wave_1971",-14.9901526972354
"Wave_1972",-14.4829834823854
"Wave_1973",-14.4833458770197
"Wave_1974",-14.6072228725525
"Wave_1975",-14.5328790846865
"Wave_1976",-14.4205257112687
"Wave_1977",-14.3482255439586
"Wave_1978",-14.2795293088339
"Wave_1979",-13.9214211069576
"Wave_1980",-13.6451365746148
"Wave_1981",-13.4960182760089
"Wave_1982",-13.2134808880334
"Wave_1983",-13.0669432168973
"Wave_1984",-13.1348756389647
"Wave_1985",-13.202808055434
"Wave_1986",-13.0889129799556
"Wave_1987",-12.9025677838806
"Wave_1988",-12.8163442601842
"Wave_1989",-12.7465416623577
"Wave_1990",-12.5836549123522
"Wave_1991",-12.3176901722471
"Wave_1992",-12.3174453456797
"Wave_1993",-12.3662788844995
"Wave_1994",-12.586666518937
"Wave_1995",-12.5369054455905
"Wave_1996",-12.4404533587368
"Wave_1997",-12.071452369731
"Wave_1998",-11.6773562409145
"Wave_1999",-11.3478477323695
"Wave_2000",-10.8698117714427
"Wave_2001",-10.3067458987486
"Wave_2002",-10.0563340611084
"Wave_2003",-10.024947102749
"Wave_2004",-10.1475732149965
"Wave_2005",-9.71626641634679
"Wave_2006",-9.2665354770255
"Wave_2007",-8.91537639759767
"Wave_2008",-8.82860468490096
"Wave_2009",-8.77964345758591
"Wave_2010",-8.78422973664655
"Wave_2011",-8.79056488595843
"Wave_2012",-8.57080969188621
"Wave_2013",-7.96203663253597
"Wave_2014",-7.31301016584908
"Wave_2015",-7.01699819127286
"Wave_2016",-6.832720240192
"Wave_2017",-6.9126740862673
"Wave_2018",-6.86686870996821
"Wave_2019",-6.81426161357344
"Wave_2020",-6.91169170132697
"Wave_2021",-7.14995904464711
"Wave_2022",-7.04013735192729
"Wave_2023",-6.19010306753347
"Wave_2024",-5.34006852975871
"Wave_2025",-5.27733768020622
"Wave_2026",-5.09952721462423
"Wave_2027",-4.78557159361519
"Wave_2028",-4.88355876822643
"Wave_2029",-5.16394909719675
"Wave_2030",-5.08564329517436
"Wave_2031",-4.46436647577692
"Wave_2032",-3.94735735402106
"Wave_2033",-3.96503229605129
"Wave_2034",-4.03311278711461
"Wave_2035",-3.7855660605796
"Wave_2036",-3.40903912262558
"Wave_2037",-3.03251240924473
"Wave_2038",-3.43404909334637
"Wave_2039",-4.04611042636096
"Wave_2040",-4.25976295094785
"Wave_2041",-3.70749235911205
"Wave_2042",-3.15522251790727
"Wave_2043",-3.38210888808857
"Wave_2044",-3.53767225425541
"Wave_2045",-3.56548514818382
"Wave_2046",-4.05151996006601
"Wave_2047",-4.62158921698863
"Wave_2048",-4.42919424487575
"Wave_2049",-3.72769541709283
"Wave_2050",-3.07880959980162
"Wave_2051",-2.70905594960376
"Wave_2052",-2.36873578661318
"Wave_2053",-2.24951586677365
"Wave_2054",-2.37255433482238
"Wave_2055",-2.41859342774947
"Wave_2056",-2.28576513338062
"Wave_2057",-2.49568560386977
"Wave_2058",-2.92622605795102
"Wave_2059",-2.6755111106469
"Wave_2060",-2.42479670906452
"Wave_2061",-1.91031296560525
"Wave_2062",-1.05901317186669
"Wave_2063",-0.243540778053152
"Wave_2064",-0.489917463949574
"Wave_2065",-0.736294759258894
"Wave_2066",-0.061347570819196
"Wave_2067",1.03516343115023
"Wave_2068",1.86615016818697
"Wave_2069",2.14678609278807
"Wave_2070",2.43511154956335
"Wave_2071",2.86808360169856
"Wave_2072",3.16222471104181
"Wave_2073",3.44756044601019
"Wave_2074",3.04723101737433
"Wave_2075",2.48429250996258
"Wave_2076",2.05337185943948
"Wave_2077",2.08694721967707
"Wave_2078",2.09886933413533
"Wave_2079",1.7672987459676
"Wave_2080",1.39857285802419
"Wave_2081",1.93894304917208
"Wave_2082",3.37729550082555
"Wave_2083",4.64913111330014
"Wave_2084",4.27451663933318
"Wave_2085",3.83656490277041
"Wave_2086",4.08717410034493
"Wave_2087",5.02042357704248
"Wave_2088",5.95367646790234
"Wave_2089",5.94749785817306
"Wave_2090",6.37595050164806
"Wave_2091",7.25924930420243
"Wave_2092",7.61957710544777
"Wave_2093",7.97990499970661
"Wave_2094",8.24507575096854
"Wave_2095",8.45827824156892
"Wave_2096",8.78101405904281
"Wave_2097",9.42773305645789
"Wave_2098",10.074451678559
"Wave_2099",10.0352572113773
"Wave_2100",9.89076680241616
"Wave_2101",9.78104207429035
"Wave_2102",10.5374758341218
"Wave_2103",11.2939084100199
"Wave_2104",11.269619169719
"Wave_2105",10.8719670961705
"Wave_2106",11.2240643818592
"Wave_2107",12.4309168485109
"Wave_2108",13.637769177543
"Wave_2109",13.4415856360468
"Wave_2110",13.759722973994
"Wave_2111",14.4552250762595
"Wave_2112",14.8528059272626
"Wave_2113",15.2503876255884
"Wave_2114",15.4595850515887
"Wave_2115",15.4477105327859
"Wave_2116",15.0816181559381
"Wave_2117",14.5353972089798
"Wave_2118",13.9891753666359
"Wave_2119",15.206376269868
"Wave_2120",17.0112303165332
"Wave_2121",18.731443260136
"Wave_2122",19.718625504435
"Wave_2123",20.7058076886401
"Wave_2124",21.1635882211311
"Wave_2125",21.5920173701475
"Wave_2126",22.2623565921131
"Wave_2127",22.8228127445844
"Wave_2128",23.383268499621
"Wave_2129",23.8375642907483
"Wave_2130",24.1322938266668
"Wave_2131",24.2866369696611
"Wave_2132",25.6093816965257
"Wave_2133",26.9321250886801
"Wave_2134",27.5777006085943
"Wave_2135",27.3820439688531
"Wave_2136",27.2753285559808
"Wave_2137",27.6016468245821
"Wave_2138",27.9279652793384
"Wave_2139",28.321139831077
"Wave_2140",28.8700613159929
"Wave_2141",29.8990237295831
"Wave_2142",31.8015620748222
"Wave_2143",33.7040992360174
"Wave_2144",34.6445423578941
"Wave_2145",35.6330019566377
"Wave_2146",36.042407427951
"Wave_2147",34.9102557185836
"Wave_2148",33.7781039378818
"Wave_2149",34.1442647828803
"Wave_2150",34.2978358354182
"Wave_2151",34.2043390169988
"Wave_2152",34.1938964839557
"Wave_2153",34.1373000810499
"Wave_2154",34.9329442458483
"Wave_2155",36.0454938458198
"Wave_2156",36.5700029403741
"Wave_2157",36.4099350474674
"Wave_2158",36.3702917355163
"Wave_2159",36.2499172997663
"Wave_2160",36.0001485667032
"Wave_2161",35.6959583501314
"Wave_2162",35.0672111494222
"Wave_2163",34.1411265412575
"Wave_2164",34.333364618428
"Wave_2165",34.525602868379
"Wave_2166",35.0453632584775
"Wave_2167",35.2121650262297
"Wave_2168",35.2004151390457
"Wave_2169",34.4796180720949
"Wave_2170",33.7588219253205
"Wave_2171",33.0411704057143
"Wave_2172",32.1566983311274
"Wave_2173",31.0271977170982
"Wave_2174",30.588320366523
"Wave_2175",30.1494417184034
"Wave_2176",31.1551597482583
"Wave_2177",32.1629207662667
"Wave_2178",33.1709390495071
"Wave_2179",34.0664982182229
"Wave_2180",34.9620553427195
"Wave_2181",35.5654528433994
"Wave_2182",36.3097441969681
"Wave_2183",36.9647117626179
"Wave_2184",36.7263448605899
"Wave_2185",36.3552407100353
"Wave_2186",36.4107812515944
"Wave_2187",36.4663216222735
"Wave_2188",36.4732208531687
"Wave_2189",36.3012850245668
"Wave_2190",35.9562016571115
"Wave_2191",35.5317236323487
"Wave_2192",35.1072486992383
"Wave_2193",35.0865702865479
"Wave_2194",35.1982300669678
"Wave_2195",35.2266048531294
"Wave_2196",34.9861536600886
"Wave_2197",34.7457028218153
"Wave_2198",34.9389367605052
"Wave_2199",35.0386108698584
"Wave_2200",35.2239335860512
"Wave_2201",36.1543788478101
"Wave_2202",37.1247114091711
"Wave_2203",37.1937932373704
"Wave_2204",37.2628731090343
"Wave_2205",36.4738151915089
"Wave_2206",35.2126649396126
"Wave_2207",34.0669218332921
"Wave_2208",32.740617411227
"Wave_2209",31.4143132690687
"Wave_2210",30.4717451847925
"Wave_2211",29.4989969561409
"Wave_2212",28.2900074634941
"Wave_2213",27.9844702020313
"Wave_2214",27.7203059502453
"Wave_2215",27.3859865642986
"Wave_2216",27.002501200163
"Wave_2217",27.0588492397373
"Wave_2218",27.4744895200242
"Wave_2219",27.8839471085436
"Wave_2220",27.744747503084
"Wave_2221",27.6055466602705
"Wave_2222",27.443555986594
"Wave_2223",27.1777208807842
"Wave_2224",26.6072081879632
"Wave_2225",25.5481230572158
"Wave_2226",24.4890388353059
"Wave_2227",23.8517868867497
"Wave_2228",23.2743404953363
"Wave_2229",22.4787155148167
"Wave_2230",21.365782304015
"Wave_2231",20.2545975436882
"Wave_2232",19.409477878208
"Wave_2233",18.5643561111605
"Wave_2234",17.6232837182298
"Wave_2235",16.6582223252289
"Wave_2236",16.6422476462571
"Wave_2237",18.0499009606028
"Wave_2238",19.5627391826056
"Wave_2239",20.0916394641558
"Wave_2240",20.6205395440787
"Wave_2241",20.8973116760666
"Wave_2242",21.1184486654898
"Wave_2243",21.2104095683907
"Wave_2244",20.4585952110215
"Wave_2245",19.70678060111
"Wave_2246",19.8443645656527
"Wave_2247",20.1549946684908
"Wave_2248",20.5021891775882
"Wave_2249",20.8316410587223
"Wave_2250",21.0887702714982
"Wave_2251",20.6949817882964
"Wave_2252",20.3011935905543
"Wave_2253",20.0264284762822
"Wave_2254",19.8182407185536
"Wave_2255",19.6903851665898
"Wave_2256",19.0311539523138
"Wave_2257",18.3719225769886
"Wave_2258",16.8744224071737
"Wave_2259",15.3769226844073
"Wave_2260",14.7172451285533
"Wave_2261",14.6161148784056
"Wave_2262",14.4611795857059
"Wave_2263",14.4412628521274
"Wave_2264",14.4213446090124
"Wave_2265",13.0522629134589
"Wave_2266",11.5332731651941
"Wave_2267",9.53255734600539
"Wave_2268",6.97617767138875
"Wave_2269",4.46408935932811
"Wave_2270",2.1291710518363
"Wave_2271",-0.205747838646958
"Wave_2272",-1.47562098769492
"Wave_2273",-2.47923446879422
"Wave_2274",-3.11468564463575
"Wave_2275",-3.38197668464017
"Wave_2276",-3.78311733581952
"Wave_2277",-5.38892116671509
"Wave_2278",-6.99472428869182
"Wave_2279",-9.06784290679679
"Wave_2280",-11.2577884944916
"Wave_2281",-12.5723656095375
"Wave_2282",-12.5738910404618
"Wave_2283",-12.5615571421888
"Wave_2284",-12.4244792858623
"Wave_2285",-12.2874031423204
"Wave_2286",-12.3649612236987
"Wave_2287",-12.6236917051573
"Wave_2288",-12.8445891039598
"Wave_2289",-13.0087368165685
"Wave_2290",-13.1046879745921
"Wave_2291",-12.5868452685868
"Wave_2292",-12.0690061976011
"Wave_2293",-11.7850905834718
"Wave_2294",-11.6014306893749
"Wave_2295",-11.022186934073
"Wave_2296",-9.84957660124024
"Wave_2297",-8.77957749776088
"Wave_2298",-8.63310208369618
"Wave_2299",-8.48662818536257
"Wave_2300",-8.21195556171576
"Wave_2301",-7.88234234011086
"Wave_2302",-7.95578212137009
"Wave_2303",-8.63380246121467
"Wave_2304",-9.212268785318
"Wave_2305",-8.89475698636492
"Wave_2306",-8.57724295151873
"Wave_2307",-8.69275909577273
"Wave_2308",-8.91653108285315
"Wave_2309",-9.56365901560339
"Wave_2310",-10.8458228253237
"Wave_2311",-12.3282386019337
"Wave_2312",-15.6129136522206
"Wave_2313",-18.8975892660266
"Wave_2314",-20.6455909222639
"Wave_2315",-22.0094242211152
"Wave_2316",-23.3920071148902
"Wave_2317",-24.7933398531859
"Wave_2318",-26.4432387588338
"Wave_2319",-29.0874083168768
"Wave_2320",-31.7315783525736
"Wave_2321",-32.4513911957081
"Wave_2322",-32.9573868135119
"Wave_2323",-32.5094626774207
"Wave_2324",-31.4255885042048
"Wave_2325",-30.3179257488474
"Wave_2326",-29.1547544353565
"Wave_2327",-27.9915825607454
"Wave_2328",-26.7966850865409
"Wave_2329",-25.6017918584724
"Wave_2330",-25.2432490277575
"Wave_2331",-25.2431468813553
"Wave_2332",-24.7606676586503
"Wave_2333",-23.5546218681822
"Wave_2334",-22.4473620522592
"Wave_2335",-22.2291766091511
"Wave_2336",-22.0109903787701
"Wave_2337",-22.2612015118204
"Wave_2338",-22.6285140843612
"Wave_2339",-23.3485086312278
"Wave_2340",-24.4211818308247
"Wave_2341",-25.0895788457808
"Wave_2342",-24.1408613024756
"Wave_2343",-23.1921441014776
"Wave_2344",-21.4938110608004
"Wave_2345",-19.7121895430974
"Wave_2346",-20.4605290029465
"Wave_2347",-22.5337406269044
"Wave_2348",-23.7788679428087
"Wave_2349",-23.9990548014068
"Wave_2350",-24.2397620637198
"Wave_2351",-24.665158782529
"Wave_2352",-25.0905535231494
"Wave_2353",-24.7082871627795
"Wave_2354",-24.1241043868362
"Wave_2355",-23.3443294904003
"Wave_2356",-22.7357412551464
"Wave_2357",-22.9586485540818
"Wave_2358",-24.9191718309977
"Wave_2359",-26.8796954653554
"Wave_2360",-28.7340534742598
"Wave_2361",-30.5884120324643
"Wave_2362",-32.2144850019989
"Wave_2363",-33.7960853475791
"Wave_2364",-34.377757379652
"Wave_2365",-33.9068581439528
"Wave_2366",-33.4706271198645
"Wave_2367",-33.1730691083422
"Wave_2368",-32.8755100360292
"Wave_2369",-35.0034563178298
"Wave_2370",-37.0947999998524
"Wave_2371",-38.812442923814
"Wave_2372",-40.3699268511603
"Wave_2373",-41.226730726541
"Wave_2374",-41.0325127069153
"Wave_2375",-41.1520057170465
"Wave_2376",-40.6951523203673
"Wave_2377",-40.2383002186174
"Wave_2378",-40.5354601807052
"Wave_2379",-40.916399589612
"Wave_2380",-40.376914591187
"Wave_2381",-39.1755507197247
"Wave_2382",-38.9096887977757
"Wave_2383",-40.0470833534842
"Wave_2384",-41.2075351523388
"Wave_2385",-42.4602185680365
"Wave_2386",-43.7129017517975
"Wave_2387",-42.3194242103541
"Wave_2388",-40.8447200431417
"Wave_2389",-39.8077665091408
"Wave_2390",-38.9584212320467
"Wave_2391",-38.3779535096263
"Wave_2392",-38.3458628465989
"Wave_2393",-38.2137678384627
"Wave_2394",-37.0789407068458
"Wave_2395",-35.9441138426271
"Wave_2396",-36.6248123170059
"Wave_2397",-37.3055105190512
"Wave_2398",-37.2024893806853
"Wave_2399",-37.0851246622047
"Wave_2400",-38.5751965831687
