"","C_g_m2.12.comps"
"(Intercept)",22.712512434632
"Wave_500",12.0224255705595
"Wave_501",10.435790046729
"Wave_502",9.1887516470581
"Wave_503",8.38657756176949
"Wave_504",7.52775938829173
"Wave_505",7.36223233335323
"Wave_506",5.5271532523801
"Wave_507",3.87762568371547
"Wave_508",1.15626515230273
"Wave_509",-1.02349152045377
"Wave_510",-2.33007152968722
"Wave_511",-2.18673485662384
"Wave_512",-1.16064971314297
"Wave_513",-1.36702952023598
"Wave_514",-2.1363536956012
"Wave_515",-3.63030070244505
"Wave_516",-5.6686746798585
"Wave_517",-6.74557410131533
"Wave_518",-6.80323723715367
"Wave_519",-6.7516292949072
"Wave_520",-5.96452002039538
"Wave_521",-5.8080123172684
"Wave_522",-6.38301437694711
"Wave_523",-5.0777401222923
"Wave_524",-4.9196566960759
"Wave_525",-4.81907819022345
"Wave_526",-4.32622950497819
"Wave_527",-3.53107368146196
"Wave_528",-3.0575215356538
"Wave_529",-2.75621858944441
"Wave_530",-1.35701204176863
"Wave_531",-1.1845667014137
"Wave_532",-0.428966293395566
"Wave_533",0.737672059882584
"Wave_534",1.15256495321534
"Wave_535",1.80851070594818
"Wave_536",2.07045640261734
"Wave_537",2.17845810564211
"Wave_538",2.57137658409717
"Wave_539",3.26134463483922
"Wave_540",3.1164373344652
"Wave_541",4.02494943329457
"Wave_542",4.78363424798704
"Wave_543",5.24252803227617
"Wave_544",5.85320785518721
"Wave_545",5.67986348410644
"Wave_546",4.91692434386974
"Wave_547",3.7789401578717
"Wave_548",3.27473258469239
"Wave_549",2.44598620423998
"Wave_550",1.99694902459536
"Wave_551",3.63935168120847
"Wave_552",4.04088800013064
"Wave_553",4.319350171692
"Wave_554",4.77713364073423
"Wave_555",4.0720917155888
"Wave_556",4.01768963636166
"Wave_557",3.94239130829008
"Wave_558",3.01234489789987
"Wave_559",2.77730929090957
"Wave_560",2.71971078436857
"Wave_561",2.13812303500448
"Wave_562",1.14991756624909
"Wave_563",0.872089149706514
"Wave_564",1.11789886647523
"Wave_565",1.36730131879994
"Wave_566",1.21324821492002
"Wave_567",1.14704262962946
"Wave_568",1.32190514125401
"Wave_569",1.10104308633096
"Wave_570",0.676578686474832
"Wave_571",-0.548046081116119
"Wave_572",-0.751036461571816
"Wave_573",-1.0088257401708
"Wave_574",-1.68606541030288
"Wave_575",-1.57079761492854
"Wave_576",-1.40717569127494
"Wave_577",-1.69252920800139
"Wave_578",-1.40092953921939
"Wave_579",-1.19348376600021
"Wave_580",-1.00811308187151
"Wave_581",-0.942411569058837
"Wave_582",-1.02593979345325
"Wave_583",-0.620448011225889
"Wave_584",-0.445453088253131
"Wave_585",-0.253987002761264
"Wave_586",-0.837657046134646
"Wave_587",-1.00379401241073
"Wave_588",-0.737708562736865
"Wave_589",-0.301137578252757
"Wave_590",-0.365457079083913
"Wave_591",-0.245583104148299
"Wave_592",0.197581447417972
"Wave_593",1.02148099009351
"Wave_594",1.41425651719891
"Wave_595",1.76650729727613
"Wave_596",2.22602573604795
"Wave_597",2.53513560215166
"Wave_598",2.19108139771215
"Wave_599",1.97124001848046
"Wave_600",1.80734107420203
"Wave_601",1.92159693398957
"Wave_602",1.80192079529186
"Wave_603",1.45957325835897
"Wave_604",0.952013249155193
"Wave_605",0.621158705859975
"Wave_606",0.190438599136812
"Wave_607",0.71865476869984
"Wave_608",-0.276007214516845
"Wave_609",-1.11621516520972
"Wave_610",-1.25245499922983
"Wave_611",-1.50766922691576
"Wave_612",-2.30058795175306
"Wave_613",-2.6492754224639
"Wave_614",-2.77760005137507
"Wave_615",-2.92199082184864
"Wave_616",-3.64778738903141
"Wave_617",-4.31935443013763
"Wave_618",-4.05159398065491
"Wave_619",-3.57946803852592
"Wave_620",-3.64032712175241
"Wave_621",-3.6074121505718
"Wave_622",-2.93870012626362
"Wave_623",-2.99069562875793
"Wave_624",-3.18348506937709
"Wave_625",-3.18703718940249
"Wave_626",-3.31037028339829
"Wave_627",-2.98414018562686
"Wave_628",-2.75807193825933
"Wave_629",-2.65250270694959
"Wave_630",-2.45343979054902
"Wave_631",-2.43491284413858
"Wave_632",-2.61837042603107
"Wave_633",-2.70805862418164
"Wave_634",-2.63833433218694
"Wave_635",-2.05729837445617
"Wave_636",-1.13788228591902
"Wave_637",-0.686153524454784
"Wave_638",0.109852143634304
"Wave_639",0.403844437993183
"Wave_640",0.815148333138663
"Wave_641",1.10080460378684
"Wave_642",1.10134179901179
"Wave_643",1.75358754128777
"Wave_644",2.83840063285811
"Wave_645",3.33142736440165
"Wave_646",4.20136990775503
"Wave_647",4.53735979586086
"Wave_648",4.69808285730836
"Wave_649",5.03819239766345
"Wave_650",5.00491355091634
"Wave_651",5.5455309517789
"Wave_652",5.71083994487434
"Wave_653",5.45006079949191
"Wave_654",5.06665467348674
"Wave_655",4.63307350853884
"Wave_656",4.17347042056097
"Wave_657",4.35236366231769
"Wave_658",4.84725120740901
"Wave_659",4.50997004691071
"Wave_660",4.29726981089324
"Wave_661",4.91278305389805
"Wave_662",5.456318560362
"Wave_663",5.79816543144859
"Wave_664",6.43714662340048
"Wave_665",7.52258971296597
"Wave_666",8.34227850442731
"Wave_667",8.31021419674432
"Wave_668",8.69821890822404
"Wave_669",9.21654668497789
"Wave_670",9.64674092316147
"Wave_671",9.63875807226874
"Wave_672",9.87651952153425
"Wave_673",9.66890242050607
"Wave_674",8.95645597076046
"Wave_675",7.92563264328316
"Wave_676",7.12119710301335
"Wave_677",6.28216708061212
"Wave_678",5.24587591762835
"Wave_679",4.3720547435122
"Wave_680",3.24198275844439
"Wave_681",1.78156136120642
"Wave_682",-0.0702429668687913
"Wave_683",-2.2376705763003
"Wave_684",-4.52204999149199
"Wave_685",-6.82103419386987
"Wave_686",-8.23320198882476
"Wave_687",-9.19176456121786
"Wave_688",-9.95845392488381
"Wave_689",-11.0943939769654
"Wave_690",-11.2240984357344
"Wave_691",-9.88808893926993
"Wave_692",-9.30946188508317
"Wave_693",-7.71740677890009
"Wave_694",-5.15394543856935
"Wave_695",-4.25028319875021
"Wave_696",-3.45817235869906
"Wave_697",-2.11359927148733
"Wave_698",-1.68583254720066
"Wave_699",-1.99775751926138
"Wave_700",-1.03493288882146
"Wave_701",-1.3719352858021
"Wave_702",-1.64968500640845
"Wave_703",-1.42798115938885
"Wave_704",-1.10615234978472
"Wave_705",-1.94036292190782
"Wave_706",-1.51671196934517
"Wave_707",-1.4425915225942
"Wave_708",-0.582536367199056
"Wave_709",-0.401579999306243
"Wave_710",0.492648814542489
"Wave_711",1.82377813266013
"Wave_712",2.69195595719277
"Wave_713",1.57949325334991
"Wave_714",1.65962782901897
"Wave_715",1.96645605107212
"Wave_716",2.09222263204115
"Wave_717",1.95309613599561
"Wave_718",2.37079978001112
"Wave_719",2.13714025662722
"Wave_720",1.90868276959919
"Wave_721",2.07290236685704
"Wave_722",2.29792436890989
"Wave_723",1.45664307745538
"Wave_724",0.649320886696273
"Wave_725",-0.153638266585008
"Wave_726",-0.691831201865456
"Wave_727",-0.757573437543345
"Wave_728",-1.84051482290811
"Wave_729",-2.45865465864853
"Wave_730",-2.8359714422223
"Wave_731",-3.86610577209978
"Wave_732",-4.53939077328809
"Wave_733",-5.06034934742039
"Wave_734",-5.8711381505207
"Wave_735",-6.81723006807487
"Wave_736",-7.38432425047831
"Wave_737",-7.77866187141132
"Wave_738",-8.41364308872467
"Wave_739",-8.1744778369982
"Wave_740",-8.18579563064106
"Wave_741",-8.43240237159604
"Wave_742",-8.51064515899518
"Wave_743",-8.47781159824307
"Wave_744",-8.91077119416985
"Wave_745",-8.43406691108374
"Wave_746",-7.60104595571678
"Wave_747",-7.12940346651203
"Wave_748",-6.95579132132604
"Wave_749",-6.4695918043645
"Wave_750",-6.00150733321258
"Wave_751",-5.524622906548
"Wave_752",-5.29033629494131
"Wave_753",-4.58010122928675
"Wave_754",-4.27214145504152
"Wave_755",-4.08303618366941
"Wave_756",-4.05930601019469
"Wave_757",-3.28099673759076
"Wave_758",-3.33698637110695
"Wave_759",-3.04390199214948
"Wave_760",-2.32162390955842
"Wave_761",-1.8031746896549
"Wave_762",-0.652890089218252
"Wave_763",-0.13026845920607
"Wave_764",-0.220251322440163
"Wave_765",0.405885637022536
"Wave_766",0.513608054375677
"Wave_767",0.661699887204594
"Wave_768",1.64383304251248
"Wave_769",1.95731390808607
"Wave_770",2.03947398848406
"Wave_771",3.1329186901292
"Wave_772",3.17867620240338
"Wave_773",2.8024684202643
"Wave_774",3.7955530924318
"Wave_775",4.04873521447197
"Wave_776",4.3502245514486
"Wave_777",5.40134289212768
"Wave_778",4.80044829684957
"Wave_779",5.06727226082944
"Wave_780",5.60530456564656
"Wave_781",5.46665523225945
"Wave_782",5.68736375271141
"Wave_783",5.96067896755696
"Wave_784",5.6179995395489
"Wave_785",6.55217719700299
"Wave_786",5.91510385823524
"Wave_787",6.1445957596346
"Wave_788",6.83638688262596
"Wave_789",6.73333183704302
"Wave_790",6.17721055888016
"Wave_791",7.13930189437085
"Wave_792",7.11405381355476
"Wave_793",6.54563507154359
"Wave_794",6.84500050992158
"Wave_795",7.26905583299079
"Wave_796",6.74314270375336
"Wave_797",6.80764800958715
"Wave_798",6.45727984142892
"Wave_799",6.23309900157122
"Wave_800",6.81716568530756
"Wave_801",6.66759725701019
"Wave_802",6.07789617790444
"Wave_803",5.3579151271667
"Wave_804",5.44809247682863
"Wave_805",5.36101867167624
"Wave_806",6.37583420861633
"Wave_807",6.57766954736262
"Wave_808",6.68721792378833
"Wave_809",5.90754264746605
"Wave_810",6.15194062571745
"Wave_811",6.25274676545536
"Wave_812",6.23406693108426
"Wave_813",5.8379073574659
"Wave_814",5.20248205831495
"Wave_815",4.48322563896071
"Wave_816",4.81618190742534
"Wave_817",4.99991043607343
"Wave_818",4.77315064677304
"Wave_819",6.12060012072161
"Wave_820",6.40602161067331
"Wave_821",5.39654738593384
"Wave_822",4.64609786450721
"Wave_823",4.18624375185869
"Wave_824",3.71477068550129
"Wave_825",4.55969982324289
"Wave_826",4.75580582099948
"Wave_827",4.90038565961182
"Wave_828",4.39271368547293
"Wave_829",3.35527431192293
"Wave_830",2.18947203847011
"Wave_831",2.91605501136106
"Wave_832",3.5723374376316
"Wave_833",3.97952115407353
"Wave_834",2.86942611697916
"Wave_835",1.33364146598102
"Wave_836",2.09660824251724
"Wave_837",2.46367907085004
"Wave_838",2.35738783573623
"Wave_839",0.636752039067191
"Wave_840",0.898604923854492
"Wave_841",1.33321502371163
"Wave_842",2.12829446212432
"Wave_843",0.599869349245254
"Wave_844",0.00750886208803059
"Wave_845",1.14394238085945
"Wave_846",-1.18582818118569
"Wave_847",-0.749757457672186
"Wave_848",1.61175906513824
"Wave_849",0.379079954596389
"Wave_850",-1.72087140599297
"Wave_851",-0.786625204896361
"Wave_852",-1.20911406736661
"Wave_853",-1.47821314300111
"Wave_854",-0.798768245087188
"Wave_855",1.36823314392483
"Wave_856",0.364914410217137
"Wave_857",-1.24215879801485
"Wave_858",-2.89225660916224
"Wave_859",-3.37942086599584
"Wave_860",-1.49238306481171
"Wave_861",-0.0500659010000013
"Wave_862",-0.533736169476156
"Wave_863",-1.01483636402267
"Wave_864",-2.36854805204943
"Wave_865",-4.51837935776833
"Wave_866",-3.09991573262863
"Wave_867",-2.01265056527616
"Wave_868",-2.41257470984129
"Wave_869",-0.814215208036956
"Wave_870",-0.762142374539752
"Wave_871",-3.41512006921086
"Wave_872",-3.50718411612747
"Wave_873",-2.93323118640245
"Wave_874",-2.28491525223954
"Wave_875",-2.54200657603778
"Wave_876",-3.67530508450569
"Wave_877",-2.83466922204604
"Wave_878",-1.04093808653392
"Wave_879",-2.58284598019626
"Wave_880",-2.58077709580589
"Wave_881",-1.33895919851098
"Wave_882",-0.980826974736919
"Wave_883",-1.22810064566549
"Wave_884",-2.31437721446196
"Wave_885",-3.74520939144835
"Wave_886",-4.23905508051591
"Wave_887",-4.31249721600358
"Wave_888",-3.74903144741703
"Wave_889",-2.01342352623678
"Wave_890",-3.87455465523329
"Wave_891",-2.22455056830994
"Wave_892",-3.3380250909116
"Wave_893",-3.88193363015905
"Wave_894",-3.15733603170713
"Wave_895",-1.90143541732851
"Wave_896",-4.25394929249606
"Wave_897",-4.76491112753479
"Wave_898",-6.57749238090815
"Wave_899",-6.46134290362776
"Wave_900",-4.50929986708348
"Wave_901",-4.75423179022524
"Wave_902",-1.47694135141286
"Wave_903",-2.12209736023268
"Wave_904",-3.52660092266298
"Wave_905",-4.50723746916312
"Wave_906",-4.77606291494294
"Wave_907",-4.38641780875861
"Wave_908",-4.88995243994368
"Wave_909",-4.12149626985082
"Wave_910",-3.40386385876638
"Wave_911",-3.27978173261745
"Wave_912",-3.98692756563312
"Wave_913",-5.07172785679193
"Wave_914",-5.12722218732244
"Wave_915",-4.40224609101873
"Wave_916",-5.94557231678229
"Wave_917",-3.80657705640504
"Wave_918",-2.92353582504889
"Wave_919",-4.31615834639533
"Wave_920",-4.6665243364313
"Wave_921",-7.0679917663214
"Wave_922",-5.72926014447614
"Wave_923",-4.13624288231552
"Wave_924",-3.97488797610016
"Wave_925",-4.86594456212085
"Wave_926",-4.99799418940893
"Wave_927",-2.49793017854593
"Wave_928",-2.07846941607211
"Wave_929",-2.65367314258157
"Wave_930",-3.77904202325002
"Wave_931",-3.6563555503762
"Wave_932",-1.06496741366536
"Wave_933",1.50786572168367
"Wave_934",-1.61551599456266
"Wave_935",-5.47855594269801
"Wave_936",-6.27353631650527
"Wave_937",-4.03263466996406
"Wave_938",-2.05391566909793
"Wave_939",0.687899685997609
"Wave_940",2.68321689558251
"Wave_941",-0.396160676200738
"Wave_942",-5.45585165620129
"Wave_943",-5.22805592802014
"Wave_944",-2.24067357942806
"Wave_945",-2.17451390177929
"Wave_946",-4.22503239492963
"Wave_947",-4.27775479262929
"Wave_948",-4.5121062905263
"Wave_949",-5.99671593004695
"Wave_950",-0.990736731490091
"Wave_951",-1.45979753305575
"Wave_952",-2.12801617315539
"Wave_953",-1.84546483736605
"Wave_954",-2.42508555833319
"Wave_955",-4.84650412347682
"Wave_956",-2.07764789067332
"Wave_957",1.38843571959649
"Wave_958",0.627582657000431
"Wave_959",0.213465990355041
"Wave_960",-2.13348512959291
"Wave_961",-4.2793473063014
"Wave_962",1.74058273555792
"Wave_963",1.09879582692709
"Wave_964",-0.657559166604562
"Wave_965",-3.1257324266349
"Wave_966",-4.10071275219839
"Wave_967",-4.5605835110412
"Wave_968",-5.14068870629109
"Wave_969",-1.28315212309158
"Wave_970",-1.02170707742104
"Wave_971",-0.229383569981598
"Wave_972",0.11630821209732
"Wave_973",0.456230703264585
"Wave_974",0.796153714190583
"Wave_975",1.06398481046834
"Wave_976",0.651390658724788
"Wave_977",-0.754806612980463
"Wave_978",-2.16100443735507
"Wave_979",-3.67052863873266
"Wave_980",-3.79963923177552
"Wave_981",-3.00082088025978
"Wave_982",-2.20287996632292
"Wave_983",-1.41283596048716
"Wave_984",-0.552934947578969
"Wave_985",0.324430661037548
"Wave_986",1.17501592937399
"Wave_987",1.91848207002733
"Wave_988",2.74508142687428
"Wave_989",3.57168094362602
"Wave_990",4.12554702102046
"Wave_991",4.16628779109336
"Wave_992",3.79093072282257
"Wave_993",3.41557382544374
"Wave_994",3.25109958231659
"Wave_995",3.75645251082386
"Wave_996",5.49669750422354
"Wave_997",7.23694290700215
"Wave_998",8.11664908353115
"Wave_999",7.51237193864169
"Wave_1000",5.79291586454886
"Wave_1001",4.07345956676707
"Wave_1002",2.71279980432696
"Wave_1003",2.28646247933943
"Wave_1004",2.2434631406339
"Wave_1005",2.24040824049237
"Wave_1006",2.5968497169352
"Wave_1007",3.30556551239816
"Wave_1008",4.05342274418558
"Wave_1009",4.59219366504811
"Wave_1010",4.25415225056838
"Wave_1011",3.55190038187887
"Wave_1012",2.84964856160781
"Wave_1013",2.23298562062451
"Wave_1014",1.70050973460903
"Wave_1015",1.06490968726227
"Wave_1016",0.42930880927017
"Wave_1017",0.080731556170405
"Wave_1018",-0.168255759610783
"Wave_1019",-0.509000646933209
"Wave_1020",-0.849746922744417
"Wave_1021",-1.31077863398938
"Wave_1022",-1.64293656377389
"Wave_1023",-1.89776969553829
"Wave_1024",-2.15260245549163
"Wave_1025",-2.33307001636521
"Wave_1026",-2.70366826295189
"Wave_1027",-3.09631030283923
"Wave_1028",-3.46053523882753
"Wave_1029",-3.56843597854609
"Wave_1030",-3.67116449053382
"Wave_1031",-3.77389349120104
"Wave_1032",-3.82536903998483
"Wave_1033",-3.65894837003043
"Wave_1034",-3.46246755997805
"Wave_1035",-3.26598631964683
"Wave_1036",-3.22361794887331
"Wave_1037",-3.36583947617028
"Wave_1038",-3.46148127983682
"Wave_1039",-3.55712299950996
"Wave_1040",-3.52908255657706
"Wave_1041",-3.48864970707436
"Wave_1042",-3.47824328527856
"Wave_1043",-3.46783725291323
"Wave_1044",-3.3565985052632
"Wave_1045",-3.3710176383069
"Wave_1046",-3.40220026481415
"Wave_1047",-3.43338230447226
"Wave_1048",-3.41723854536982
"Wave_1049",-3.40304745232397
"Wave_1050",-3.38885648732188
"Wave_1051",-3.3763044465544
"Wave_1052",-3.38229670467001
"Wave_1053",-3.39714855637831
"Wave_1054",-3.41199966987654
"Wave_1055",-3.40728906396017
"Wave_1056",-3.40280094790639
"Wave_1057",-3.444179171072
"Wave_1058",-3.48555797672313
"Wave_1059",-3.49654711071999
"Wave_1060",-3.55476469804487
"Wave_1061",-3.64624671578167
"Wave_1062",-3.73772907667605
"Wave_1063",-3.79705530330384
"Wave_1064",-3.81373894139916
"Wave_1065",-3.82721566960601
"Wave_1066",-3.84069247855642
"Wave_1067",-3.80168867816612
"Wave_1068",-3.84315891141289
"Wave_1069",-3.88462904857734
"Wave_1070",-3.92609872177998
"Wave_1071",-3.86778478195688
"Wave_1072",-3.6866999541769
"Wave_1073",-3.50561487736044
"Wave_1074",-3.28200417926331
"Wave_1075",-3.12849256133258
"Wave_1076",-3.21518096322364
"Wave_1077",-3.30186894614265
"Wave_1078",-3.50452075606162
"Wave_1079",-3.72441710000927
"Wave_1080",-3.87715612484868
"Wave_1081",-4.0298948720535
"Wave_1082",-4.06791184160727
"Wave_1083",-4.17629184770559
"Wave_1084",-4.30098821773851
"Wave_1085",-4.42568438375838
"Wave_1086",-4.40518111051345
"Wave_1087",-4.38409098210424
"Wave_1088",-4.3630000907442
"Wave_1089",-4.34190968926378
"Wave_1090",-4.41704351875651
"Wave_1091",-4.17454535063978
"Wave_1092",-3.93204674101388
"Wave_1093",-3.63839550194439
"Wave_1094",-3.32468887615887
"Wave_1095",-3.13401894149951
"Wave_1096",-2.94334921601238
"Wave_1097",-2.73891776894634
"Wave_1098",-2.68439452808144
"Wave_1099",-2.67537565511833
"Wave_1100",-2.66635730419527
"Wave_1101",-2.61726428263298
"Wave_1102",-2.46905531101982
"Wave_1103",-2.32084636362982
"Wave_1104",-2.17263730298069
"Wave_1105",-2.1341079528018
"Wave_1106",-2.17012130910395
"Wave_1107",-2.20613435336538
"Wave_1108",-2.24214758736753
"Wave_1109",-2.14329607694286
"Wave_1110",-2.06888594017708
"Wave_1111",-1.99447580078002
"Wave_1112",-1.89510268645574
"Wave_1113",-1.72323175641825
"Wave_1114",-1.65280748997285
"Wave_1115",-1.58238299542151
"Wave_1116",-1.5710228389131
"Wave_1117",-1.67534032840862
"Wave_1118",-1.77412276230105
"Wave_1119",-1.8729048957619
"Wave_1120",-1.755911605569
"Wave_1121",-1.7327461700058
"Wave_1122",-1.70958086682723
"Wave_1123",-1.68641495642029
"Wave_1124",-1.49280318731675
"Wave_1125",-1.56142993891113
"Wave_1126",-1.63005652858323
"Wave_1127",-1.69868316224529
"Wave_1128",-1.51036086865609
"Wave_1129",-1.55337122790817
"Wave_1130",-1.59638159005439
"Wave_1131",-1.56337667726116
"Wave_1132",-1.39892043155559
"Wave_1133",-1.471330199217
"Wave_1134",-1.54374009509318
"Wave_1135",-1.48035776191707
"Wave_1136",-1.40619747053274
"Wave_1137",-1.36604486492029
"Wave_1138",-1.32589228887535
"Wave_1139",-1.14333298670644
"Wave_1140",-1.06992374822637
"Wave_1141",-0.996514625863547
"Wave_1142",-0.923105726968719
"Wave_1143",-1.11727962537361
"Wave_1144",-1.19797188763469
"Wave_1145",-1.27866379038954
"Wave_1146",-1.35935583019851
"Wave_1147",-1.40967201155272
"Wave_1148",-1.17243454604108
"Wave_1149",-0.935196840198258
"Wave_1150",-0.741728985648987
"Wave_1151",-0.399040640049926
"Wave_1152",0.0794354573534752
"Wave_1153",0.557911159296115
"Wave_1154",0.617125078269014
"Wave_1155",0.585948899742901
"Wave_1156",0.554772568787069
"Wave_1157",0.523596057432767
"Wave_1158",0.452063795508137
"Wave_1159",0.470567158167311
"Wave_1160",0.489070907849806
"Wave_1161",0.507574301475559
"Wave_1162",0.414201226109884
"Wave_1163",0.35984761391912
"Wave_1164",0.305494383409622
"Wave_1165",0.251141239178504
"Wave_1166",0.120974524210871
"Wave_1167",-0.0195269881622798
"Wave_1168",-0.160028568378352
"Wave_1169",-0.319896197951575
"Wave_1170",-0.454877444109895
"Wave_1171",-0.578485672086563
"Wave_1172",-0.70209379493833
"Wave_1173",-0.818392348194122
"Wave_1174",-0.949981456432516
"Wave_1175",-1.08157046020586
"Wave_1176",-1.21315920307462
"Wave_1177",-1.28756787756977
"Wave_1178",-1.31037932039143
"Wave_1179",-1.33319137601973
"Wave_1180",-1.35600306973423
"Wave_1181",-1.37333579960759
"Wave_1182",-1.38506774865332
"Wave_1183",-1.39680024098287
"Wave_1184",-1.40853279802211
"Wave_1185",-1.45702783467768
"Wave_1186",-1.49180731999894
"Wave_1187",-1.52658631222086
"Wave_1188",-1.5472532558907
"Wave_1189",-1.36804551371437
"Wave_1190",-1.1888374499762
"Wave_1191",-1.00962989583923
"Wave_1192",-0.979353659597894
"Wave_1193",-0.989894682797382
"Wave_1194",-1.00043563213625
"Wave_1195",-1.01097689225429
"Wave_1196",-0.921850896460219
"Wave_1197",-0.808143562019854
"Wave_1198",-0.694436103042917
"Wave_1199",-0.580728904421723
"Wave_1200",-0.54354053084007
"Wave_1201",-0.514420492715168
"Wave_1202",-0.485300350359669
"Wave_1203",-0.474468700144429
"Wave_1204",-0.469319012763461
"Wave_1205",-0.446511961650262
"Wave_1206",-0.423704685489449
"Wave_1207",-0.385107522480172
"Wave_1208",-0.322927665936394
"Wave_1209",-0.260748325231665
"Wave_1210",-0.198568153003585
"Wave_1211",-0.105642361293933
"Wave_1212",-0.00469839014956785
"Wave_1213",0.096245986037536
"Wave_1214",0.197190351177869
"Wave_1215",0.303998121294359
"Wave_1216",0.417760033340715
"Wave_1217",0.531521558471896
"Wave_1218",0.645282627054055
"Wave_1219",0.738933429048249
"Wave_1220",0.843600361602757
"Wave_1221",0.948267659134513
"Wave_1222",1.0642761099603
"Wave_1223",1.27572264141853
"Wave_1224",1.48716973805878
"Wave_1225",1.69861638894276
"Wave_1226",1.89813504107603
"Wave_1227",2.00890494002886
"Wave_1228",2.11967467658844
"Wave_1229",2.23044389378203
"Wave_1230",2.31937770564296
"Wave_1231",2.39389375162
"Wave_1232",2.46840992520917
"Wave_1233",2.54292604137068
"Wave_1234",2.67235595895927
"Wave_1235",2.81150347711133
"Wave_1236",2.9506505313722
"Wave_1237",3.08343292461876
"Wave_1238",3.21210237016995
"Wave_1239",3.34077172041758
"Wave_1240",3.46944099066244
"Wave_1241",3.57252126398125
"Wave_1242",3.60450247087506
"Wave_1243",3.63648375238843
"Wave_1244",3.6684651527344
"Wave_1245",3.68836788736071
"Wave_1246",3.68864857447437
"Wave_1247",3.68892859114165
"Wave_1248",3.68920913844243
"Wave_1249",3.80069503025941
"Wave_1250",3.93532310433201
"Wave_1251",4.06995158126835
"Wave_1252",4.2115575178595
"Wave_1253",4.34903855481291
"Wave_1254",4.4865199647894
"Wave_1255",4.62400179616702
"Wave_1256",4.71323424083876
"Wave_1257",4.68988680898901
"Wave_1258",4.66653910380169
"Wave_1259",4.64319191082092
"Wave_1260",4.56521178233101
"Wave_1261",4.41878590689644
"Wave_1262",4.27236126836632
"Wave_1263",4.12593561213141
"Wave_1264",4.1170005188381
"Wave_1265",4.14243846464124
"Wave_1266",4.16787627780043
"Wave_1267",4.20620903138758
"Wave_1268",4.21417788174502
"Wave_1269",4.22214632369004
"Wave_1270",4.2301155850944
"Wave_1271",4.29480429525225
"Wave_1272",4.55927193087622
"Wave_1273",4.82373941690412
"Wave_1274",5.08820661510162
"Wave_1275",5.34321672514024
"Wave_1276",5.51039144853849
"Wave_1277",5.67756726104211
"Wave_1278",5.8447423203471
"Wave_1279",5.98130748756693
"Wave_1280",6.09903306933161
"Wave_1281",6.21675782649563
"Wave_1282",6.33448299248785
"Wave_1283",6.30866857964921
"Wave_1284",6.28285426180407
"Wave_1285",6.25703982869111
"Wave_1286",6.29431002138895
"Wave_1287",6.43317383360164
"Wave_1288",6.57203803527076
"Wave_1289",6.71090158591253
"Wave_1290",6.8441107826985
"Wave_1291",6.97166518051439
"Wave_1292",7.0992192174626
"Wave_1293",7.22677416586067
"Wave_1294",7.27519272276934
"Wave_1295",7.30382747804609
"Wave_1296",7.33246243710333
"Wave_1297",7.36109708617395
"Wave_1298",7.29230250941077
"Wave_1299",7.22350860572084
"Wave_1300",7.15471369094087
"Wave_1301",7.15193414042744
"Wave_1302",7.30319023786902
"Wave_1303",7.45444564587935
"Wave_1304",7.60570118354377
"Wave_1305",7.70738790965795
"Wave_1306",7.74202874627049
"Wave_1307",7.77666905291916
"Wave_1308",7.81130926520112
"Wave_1309",8.14535338398628
"Wave_1310",8.55424804645091
"Wave_1311",8.96314223248086
"Wave_1312",9.34996686178002
"Wave_1313",9.3529685312278
"Wave_1314",9.3559704826752
"Wave_1315",9.35897237477156
"Wave_1316",9.38237320386986
"Wave_1317",9.45337277944179
"Wave_1318",9.52437201200027
"Wave_1319",9.59537090240316
"Wave_1320",9.65480495612779
"Wave_1321",9.70652862027141
"Wave_1322",9.75825262426143
"Wave_1323",9.80997612812198
"Wave_1324",9.83659047731503
"Wave_1325",9.85692735013847
"Wave_1326",9.8772639273898
"Wave_1327",9.90638899940759
"Wave_1328",10.0146103511221
"Wave_1329",10.1228321791019
"Wave_1330",10.2310537007048
"Wave_1331",10.2945119658803
"Wave_1332",10.2652432645059
"Wave_1333",10.2359747812142
"Wave_1334",10.2067060466365
"Wave_1335",10.1812403024681
"Wave_1336",10.1583095521856
"Wave_1337",10.1353786767866
"Wave_1338",10.1124477874992
"Wave_1339",10.1607591940076
"Wave_1340",10.2169867007453
"Wave_1341",10.2732144877211
"Wave_1342",10.356376422399
"Wave_1343",10.5472793516048
"Wave_1344",10.7381816306691
"Wave_1345",10.929084285474
"Wave_1346",11.0114026124202
"Wave_1347",10.9308465061868
"Wave_1348",10.8502896970175
"Wave_1349",10.7697330398467
"Wave_1350",10.6915728750538
"Wave_1351",10.6144389234958
"Wave_1352",10.5373054463338
"Wave_1353",10.460172173513
"Wave_1354",10.241579604115
"Wave_1355",10.0229873605968
"Wave_1356",9.80439461076821
"Wave_1357",9.59309742543399
"Wave_1358",9.41098081059179
"Wave_1359",9.22886399139304
"Wave_1360",9.04674797906499
"Wave_1361",8.93556500963984
"Wave_1362",8.8953153397984
"Wave_1363",8.85506528150659
"Wave_1364",8.81481534215088
"Wave_1365",8.75184370476205
"Wave_1366",8.68319117171675
"Wave_1367",8.61453894414362
"Wave_1368",8.54981479801139
"Wave_1369",8.5204423459349
"Wave_1370",8.49106985826955
"Wave_1371",8.46169713264579
"Wave_1372",8.34442815648797
"Wave_1373",8.02206763841003
"Wave_1374",7.69970646417252
"Wave_1375",7.37734652918066
"Wave_1376",6.81215883658149
"Wave_1377",6.08508676781593
"Wave_1378",5.35801483303091
"Wave_1379",4.63094276622222
"Wave_1380",3.87994762455329
"Wave_1381",3.12629400973276
"Wave_1382",2.37264044504342
"Wave_1383",1.65435601936256
"Wave_1384",1.07754927152614
"Wave_1385",0.500741392505565
"Wave_1386",-0.0760661250431526
"Wave_1387",-0.842909072263742
"Wave_1388",-1.79978765725664
"Wave_1389",-2.75666665234352
"Wave_1390",-3.71354537618978
"Wave_1391",-4.04346008852105
"Wave_1392",-4.23635424749381
"Wave_1393",-4.42924868203628
"Wave_1394",-4.62214268174657
"Wave_1395",-4.98448427685947
"Wave_1396",-5.34682503252248
"Wave_1397",-5.70916638768154
"Wave_1398",-6.00127602312165
"Wave_1399",-6.1295121114742
"Wave_1400",-6.25774832764928
"Wave_1401",-6.3859845441637
"Wave_1402",-6.49560596837408
"Wave_1403",-6.59281767204969
"Wave_1404",-6.69002938967057
"Wave_1405",-6.7872408605637
"Wave_1406",-6.69765385257758
"Wave_1407",-6.58731081931686
"Wave_1408",-6.47696827065118
"Wave_1409",-6.36522923609434
"Wave_1410",-6.24790755902982
"Wave_1411",-6.13058572585784
"Wave_1412",-6.01326380302068
"Wave_1413",-5.94415881006102
"Wave_1414",-5.9232705607344
"Wave_1415",-5.90238276441482
"Wave_1416",-5.88149432227072
"Wave_1417",-5.82977243252936
"Wave_1418",-5.77034194681028
"Wave_1419",-5.71091107986736
"Wave_1420",-5.65656250699266
"Wave_1421",-5.64794958949093
"Wave_1422",-5.63933723552303
"Wave_1423",-5.63072460568155
"Wave_1424",-5.5366454913434
"Wave_1425",-5.40853620254693
"Wave_1426",-5.28042661663497
"Wave_1427",-5.15231774334359
"Wave_1428",-5.06859731576569
"Wave_1429",-5.00390095258401
"Wave_1430",-4.93920458142151
"Wave_1431",-4.87450828643231
"Wave_1432",-4.81104610998177
"Wave_1433",-4.77207714987192
"Wave_1434",-4.73310905463277
"Wave_1435",-4.64774692201417
"Wave_1436",-4.51155317258099
"Wave_1437",-4.37535999171771
"Wave_1438",-4.23916699977386
"Wave_1439",-4.11619337642218
"Wave_1440",-4.00203298865852
"Wave_1441",-3.88787268419841
"Wave_1442",-3.77371260070776
"Wave_1443",-3.53547115710777
"Wave_1444",-3.29201044403848
"Wave_1445",-3.04854926199788
"Wave_1446",-2.83683123948311
"Wave_1447",-2.75208540930552
"Wave_1448",-2.66733968523413
"Wave_1449",-2.58259399109958
"Wave_1450",-2.44569177780493
"Wave_1451",-2.2566330963689
"Wave_1452",-2.06757440278293
"Wave_1453",-1.87851549450992
"Wave_1454",-1.64827154391542
"Wave_1455",-1.40773119155205
"Wave_1456",-1.16719092182851
"Wave_1457",-0.929495003269444
"Wave_1458",-0.717395939904516
"Wave_1459",-0.505297091564726
"Wave_1460",-0.29319794447751
"Wave_1461",-0.04194039180929
"Wave_1462",0.268055362066066
"Wave_1463",0.578051202888058
"Wave_1464",0.888046618540328
"Wave_1465",1.17111535377987
"Wave_1466",1.44264405187677
"Wave_1467",1.71417282105691
"Wave_1468",1.98570144556991
"Wave_1469",2.24623010690531
"Wave_1470",2.50675856651887
"Wave_1471",2.76728709989458
"Wave_1472",3.03687826513849
"Wave_1473",3.3276153241362
"Wave_1474",3.61835191652231
"Wave_1475",3.90908900331485
"Wave_1476",4.16058475113794
"Wave_1477",4.37893839506813
"Wave_1478",4.5972923473334
"Wave_1479",4.81564642921437
"Wave_1480",4.98067656945552
"Wave_1481",5.12207801691592
"Wave_1482",5.26347986149033
"Wave_1483",5.42030045996569
"Wave_1484",5.61309846547631
"Wave_1485",5.80589581439338
"Wave_1486",5.9986940379324
"Wave_1487",6.16164966044672
"Wave_1488",6.30471060862878
"Wave_1489",6.44777220670047
"Wave_1490",6.59083269243949
"Wave_1491",6.71281523068195
"Wave_1492",6.83245591140342
"Wave_1493",6.95209651337703
"Wave_1494",7.07983602821865
"Wave_1495",7.23997114606533
"Wave_1496",7.4001063600649
"Wave_1497",7.56024150033951
"Wave_1498",7.69989264525209
"Wave_1499",7.82588684948189
"Wave_1500",7.9518814105291
"Wave_1501",8.07787575569756
"Wave_1502",8.11386517238421
"Wave_1503",8.13985409651763
"Wave_1504",8.16584361273991
"Wave_1505",8.22834988242757
"Wave_1506",8.43692527170068
"Wave_1507",8.64550095704212
"Wave_1508",8.85407651102622
"Wave_1509",8.87671641719532
"Wave_1510",8.75178610267549
"Wave_1511",8.62685609559895
"Wave_1512",8.50192558104292
"Wave_1513",8.43596386839562
"Wave_1514",8.37655385668614
"Wave_1515",8.31714386010592
"Wave_1516",8.2560491979516
"Wave_1517",8.18821490536939
"Wave_1518",8.12038108486894
"Wave_1519",8.05254753643227
"Wave_1520",8.05943031844703
"Wave_1521",8.08287801835991
"Wave_1522",8.10632573588507
"Wave_1523",8.12977337094627
"Wave_1524",7.92136435383427
"Wave_1525",7.69085412915995
"Wave_1526",7.4603441845366
"Wave_1527",7.23959984069265
"Wave_1528",7.05791670207321
"Wave_1529",6.8762338195573
"Wave_1530",6.6945518962019
"Wave_1531",6.49295705694938
"Wave_1532",6.28483149869639
"Wave_1533",6.07670576560772
"Wave_1534",5.86858050413382
"Wave_1535",5.65294628604367
"Wave_1536",5.4364781800777
"Wave_1537",5.22000985174201
"Wave_1538",5.01344329729445
"Wave_1539",4.84648205490469
"Wave_1540",4.67952072309744
"Wave_1541",4.51255985388806
"Wave_1542",4.31987688789737
"Wave_1543",4.11787380237587
"Wave_1544",3.91587067836561
"Wave_1545",3.71386779051545
"Wave_1546",3.38842107964539
"Wave_1547",3.04925881912126
"Wave_1548",2.71009648572657
"Wave_1549",2.37082358503262
"Wave_1550",2.04106224720591
"Wave_1551",1.71130078798071
"Wave_1552",1.38153968195382
"Wave_1553",1.15267587613383
"Wave_1554",0.991077443342389
"Wave_1555",0.829478702839348
"Wave_1556",0.667880062362343
"Wave_1557",0.440638341367651
"Wave_1558",0.206690645052655
"Wave_1559",-0.0272567397513822
"Wave_1560",-0.252159963461214
"Wave_1561",-0.455958837561789
"Wave_1562",-0.65975837317705
"Wave_1563",-0.863557306151756
"Wave_1564",-1.11633314693247
"Wave_1565",-1.38357969763493
"Wave_1566",-1.65082558229849
"Wave_1567",-1.91807202939536
"Wave_1568",-2.05597623391665
"Wave_1569",-2.19388043407875
"Wave_1570",-2.33178457070466
"Wave_1571",-2.4967677180605
"Wave_1572",-2.64702846100227
"Wave_1573",-2.79728936947103
"Wave_1574",-2.94754975580967
"Wave_1575",-3.08153001594866
"Wave_1576",-3.20180896843699
"Wave_1577",-3.32208801128702
"Wave_1578",-3.43581013607273
"Wave_1579",-3.54151304472227
"Wave_1580",-3.64721617843463
"Wave_1581",-3.75291913819927
"Wave_1582",-3.8364082357717
"Wave_1583",-3.85559140521971
"Wave_1584",-3.8747741005227
"Wave_1585",-3.89395688610945
"Wave_1586",-3.9473456669178
"Wave_1587",-3.99594775036404
"Wave_1588",-4.0445492568651
"Wave_1589",-4.09230359394939
"Wave_1590",-4.10217462492464
"Wave_1591",-4.11204585601172
"Wave_1592",-4.12191721274215
"Wave_1593",-4.18139343208032
"Wave_1594",-4.27369302240948
"Wave_1595",-4.36599218829513
"Wave_1596",-4.45829147171526
"Wave_1597",-4.47817055227287
"Wave_1598",-4.47752069251798
"Wave_1599",-4.47687051452881
"Wave_1600",-4.48420564341843
"Wave_1601",-4.43834192586271
"Wave_1602",-4.3924788036423
"Wave_1603",-4.34661533021699
"Wave_1604",-4.24210361728196
"Wave_1605",-4.11493645156084
"Wave_1606",-3.9877685907288
"Wave_1607",-3.87164464374883
"Wave_1608",-4.01057270520983
"Wave_1609",-4.16679737207321
"Wave_1610",-4.32302244661826
"Wave_1611",-4.34974970169116
"Wave_1612",-4.07893606802134
"Wave_1613",-3.80812146100248
"Wave_1614",-3.53730716859676
"Wave_1615",-3.33883553769777
"Wave_1616",-3.15691848667271
"Wave_1617",-2.97500144237088
"Wave_1618",-2.80688578968256
"Wave_1619",-2.73656102480906
"Wave_1620",-2.66623587347618
"Wave_1621",-2.59591130497026
"Wave_1622",-2.55308162741566
"Wave_1623",-2.5579103252852
"Wave_1624",-2.56273917868095
"Wave_1625",-2.56756756835286
"Wave_1626",-2.60265653070176
"Wave_1627",-2.60531919747527
"Wave_1628",-2.60798178196403
"Wave_1629",-2.62008010598783
"Wave_1630",-2.66856476998049
"Wave_1631",-2.71704910723283
"Wave_1632",-2.76553374397191
"Wave_1633",-2.80102584576846
"Wave_1634",-2.78783689221145
"Wave_1635",-2.7746473904207
"Wave_1636",-2.74491247435861
"Wave_1637",-2.72525486585389
"Wave_1638",-2.72326184667066
"Wave_1639",-2.72126962383519
"Wave_1640",-2.80165728201244
"Wave_1641",-2.91698110361753
"Wave_1642",-3.03230563428008
"Wave_1643",-3.14762959133728
"Wave_1644",-3.20877765201595
"Wave_1645",-3.24307716239198
"Wave_1646",-3.27737661685632
"Wave_1647",-3.40851671814153
"Wave_1648",-3.55241149603013
"Wave_1649",-3.69630652663585
"Wave_1650",-3.84020110472019
"Wave_1651",-3.98217488097836
"Wave_1652",-4.105367631652
"Wave_1653",-4.22856001719182
"Wave_1654",-4.34130082112864
"Wave_1655",-4.44080861035698
"Wave_1656",-4.56052670484122
"Wave_1657",-4.68024486455454
"Wave_1658",-4.81894158017538
"Wave_1659",-4.88922244441385
"Wave_1660",-4.95950285844787
"Wave_1661",-5.02978355666316
"Wave_1662",-5.12432414574569
"Wave_1663",-5.26014955657808
"Wave_1664",-5.39597468632656
"Wave_1665",-5.6408579284665
"Wave_1666",-5.64157547810002
"Wave_1667",-5.64229291365158
"Wave_1668",-5.64301058431422
"Wave_1669",-5.72604152913906
"Wave_1670",-5.80782672104305
"Wave_1671",-5.88961123819626
"Wave_1672",-5.97149162452855
"Wave_1673",-6.16779619182997
"Wave_1674",-6.39249228403276
"Wave_1675",-6.61718851346791
"Wave_1676",-6.87527749993344
"Wave_1677",-7.06038154549434
"Wave_1678",-7.24548591039037
"Wave_1679",-7.43059027339049
"Wave_1680",-7.62668174160401
"Wave_1681",-7.78447895351779
"Wave_1682",-7.94227590161131
"Wave_1683",-8.20100337823338
"Wave_1684",-8.67440156571715
"Wave_1685",-9.14779941302074
"Wave_1686",-9.62119763229632
"Wave_1687",-10.0258237113242
"Wave_1688",-10.4171537375912
"Wave_1689",-10.8084837000546
"Wave_1690",-11.2095536684499
"Wave_1691",-11.6405176776599
"Wave_1692",-12.0570405333743
"Wave_1693",-12.473563721887
"Wave_1694",-12.7580800396532
"Wave_1695",-12.8731177339485
"Wave_1696",-12.9881559295975
"Wave_1697",-13.103193849533
"Wave_1698",-13.3629471972553
"Wave_1699",-13.5364669770749
"Wave_1700",-13.7099865124966
"Wave_1701",-13.8786759435148
"Wave_1702",-13.9315266777264
"Wave_1703",-13.9843769559682
"Wave_1704",-14.0372272055074
"Wave_1705",-14.2180765486032
"Wave_1706",-14.5029144840853
"Wave_1707",-14.7877523372174
"Wave_1708",-15.1085920481295
"Wave_1709",-15.4060898058048
"Wave_1710",-15.6617494651639
"Wave_1711",-15.9174093345168
"Wave_1712",-15.9843967628017
"Wave_1713",-15.8989316631775
"Wave_1714",-15.813466353378
"Wave_1715",-15.7237743999124
"Wave_1716",-15.5191656018601
"Wave_1717",-15.2633005324832
"Wave_1718",-15.0074353932046
"Wave_1719",-14.8193247919873
"Wave_1720",-14.6168951300453
"Wave_1721",-14.4144655876016
"Wave_1722",-14.2120360819724
"Wave_1723",-14.1185117761981
"Wave_1724",-13.982155696253
"Wave_1725",-13.845799339541
"Wave_1726",-13.6703195839365
"Wave_1727",-13.4650257948614
"Wave_1728",-13.262939095191
"Wave_1729",-13.0608528729532
"Wave_1730",-12.981623758511
"Wave_1731",-12.6992926978888
"Wave_1732",-12.4169611691515
"Wave_1733",-12.1197319406882
"Wave_1734",-11.8462136561052
"Wave_1735",-11.5977556369731
"Wave_1736",-11.3492978186828
"Wave_1737",-11.2716729508279
"Wave_1738",-11.0841588225825
"Wave_1739",-10.8966447817116
"Wave_1740",-10.7166772923068
"Wave_1741",-10.5088995435178
"Wave_1742",-10.2624566751151
"Wave_1743",-10.0160141267907
"Wave_1744",-9.8431055568202
"Wave_1745",-9.70827203993564
"Wave_1746",-9.57343867792759
"Wave_1747",-9.42535309240171
"Wave_1748",-9.12378536359231
"Wave_1749",-8.77089917107337
"Wave_1750",-8.41801309703982
"Wave_1751",-7.94910093547443
"Wave_1752",-7.40818916812384
"Wave_1753",-6.87828367416759
"Wave_1754",-6.34837815139819
"Wave_1755",-6.23253864948081
"Wave_1756",-6.11892924400442
"Wave_1757",-6.00532000095974
"Wave_1758",-5.77016301387286
"Wave_1759",-5.43207122133297
"Wave_1760",-5.12800253378911
"Wave_1761",-4.82393360984015
"Wave_1762",-4.47757388620059
"Wave_1763",-4.08421367571452
"Wave_1764",-3.69085252882504
"Wave_1765",-3.21654893884343
"Wave_1766",-2.70628387525206
"Wave_1767",-2.29795517997004
"Wave_1768",-1.88962663735802
"Wave_1769",-1.21807859320409
"Wave_1770",-0.808722973533187
"Wave_1771",-0.399367190419874
"Wave_1772",-0.016251379810824
"Wave_1773",0.232143216576341
"Wave_1774",0.435894536332661
"Wave_1775",0.639645994773403
"Wave_1776",1.12421452126154
"Wave_1777",1.30924911500545
"Wave_1778",1.44763016891628
"Wave_1779",1.59234116720922
"Wave_1780",1.73065407218154
"Wave_1781",1.79495568732243
"Wave_1782",1.85925738631713
"Wave_1783",2.06146077192313
"Wave_1784",2.23998213980331
"Wave_1785",2.38959868652299
"Wave_1786",2.56218117491412
"Wave_1787",2.92014105307833
"Wave_1788",3.19285836025815
"Wave_1789",3.46557537104967
"Wave_1790",3.66486549258621
"Wave_1791",3.72703498494702
"Wave_1792",3.75141725521203
"Wave_1793",3.80593600599867
"Wave_1794",4.11535087760313
"Wave_1795",4.27775814561013
"Wave_1796",4.44016564439625
"Wave_1797",4.52617724846353
"Wave_1798",4.58513537700218
"Wave_1799",4.67698736626077
"Wave_1800",4.76883994383511
"Wave_1801",5.00838241093733
"Wave_1802",5.06244239567668
"Wave_1803",5.11650297445075
"Wave_1804",5.07621399020177
"Wave_1805",5.00969001069422
"Wave_1806",5.01127959678447
"Wave_1807",5.0128695119549
"Wave_1808",5.20569237303491
"Wave_1809",5.35936763875666
"Wave_1810",5.50869262666517
"Wave_1811",5.63334191612266
"Wave_1812",5.77260395166352
"Wave_1813",5.98930529769795
"Wave_1814",6.20600616445984
"Wave_1815",6.23315292063448
"Wave_1816",6.33707490165458
"Wave_1817",6.4654563818231
"Wave_1818",6.50343671247152
"Wave_1819",6.43436839520741
"Wave_1820",6.43192685083277
"Wave_1821",6.42948592738611
"Wave_1822",6.48957055548388
"Wave_1823",6.61148015860513
"Wave_1824",6.74710911927642
"Wave_1825",6.79220393593925
"Wave_1826",6.75764007164865
"Wave_1827",6.94764589352201
"Wave_1828",7.1376518175277
"Wave_1829",6.94853840205961
"Wave_1830",7.08221985232095
"Wave_1831",7.37229453767072
"Wave_1832",7.5541822464469
"Wave_1833",7.60898173866647
"Wave_1834",7.80454672524932
"Wave_1835",8.00011208743042
"Wave_1836",7.77291931286783
"Wave_1837",7.79639046758239
"Wave_1838",8.01828673848665
"Wave_1839",8.08152773157313
"Wave_1840",7.95865875766422
"Wave_1841",8.30263578301234
"Wave_1842",8.64661295471166
"Wave_1843",8.29750093568841
"Wave_1844",8.30275963404064
"Wave_1845",8.59560582132254
"Wave_1846",8.66254491837517
"Wave_1847",8.44581469537435
"Wave_1848",8.72580370112528
"Wave_1849",9.00579255513747
"Wave_1850",8.33952314460517
"Wave_1851",8.06856174087685
"Wave_1852",8.29804758603852
"Wave_1853",8.01160596674893
"Wave_1854",6.95127496698863
"Wave_1855",6.82815075388089
"Wave_1856",6.70502719183356
"Wave_1857",6.16524288031249
"Wave_1858",5.95580333981943
"Wave_1859",6.07670862155191
"Wave_1860",5.65443101278572
"Wave_1861",4.68897074236522
"Wave_1862",4.36348844870399
"Wave_1863",4.03800610847887
"Wave_1864",2.40198672074822
"Wave_1865",1.23902023147492
"Wave_1866",0.785635037931686
"Wave_1867",-0.0966246116438136
"Wave_1868",-1.40775815184384
"Wave_1869",-2.27164391005527
"Wave_1870",-3.07590417204804
"Wave_1871",-3.79078433050905
"Wave_1872",-4.55798228208156
"Wave_1873",-5.40365596327954
"Wave_1874",-5.8568439680292
"Wave_1875",-6.04837528130695
"Wave_1876",-6.86404236991
"Wave_1877",-7.61379551049486
"Wave_1878",-7.14617942990179
"Wave_1879",-7.16482275412417
"Wave_1880",-7.9128548193012
"Wave_1881",-8.1401263846596
"Wave_1882",-8.02022436064575
"Wave_1883",-9.04480711632088
"Wave_1884",-9.80388474660704
"Wave_1885",-8.99228398244906
"Wave_1886",-8.6862812971891
"Wave_1887",-9.13867631295482
"Wave_1888",-8.47396115503162
"Wave_1889",-7.3304844513518
"Wave_1890",-7.42975311296203
"Wave_1891",-7.41030119302628
"Wave_1892",-6.36363676581986
"Wave_1893",-5.74295928649387
"Wave_1894",-5.76126232827115
"Wave_1895",-5.06283829777592
"Wave_1896",-4.18523249919072
"Wave_1897",-4.07001856857766
"Wave_1898",-4.48838652712745
"Wave_1899",-5.95412186612713
"Wave_1900",-5.44707977419225
"Wave_1901",-2.07758934365535
"Wave_1902",0.421441420826477
"Wave_1903",1.87427303459173
"Wave_1904",1.3973848680118
"Wave_1905",1.68761412348211
"Wave_1906",1.47825533345299
"Wave_1907",1.66792637369165
"Wave_1908",2.04061951452772
"Wave_1909",2.0719716948575
"Wave_1910",2.07462883887416
"Wave_1911",2.03353828011726
"Wave_1912",1.91376509915822
"Wave_1913",1.93845435134014
"Wave_1914",1.8181045154225
"Wave_1915",1.69284162414768
"Wave_1916",1.60691284598999
"Wave_1917",1.353244404176
"Wave_1918",1.35933601805938
"Wave_1919",1.37557525623853
"Wave_1920",1.49328224900482
"Wave_1921",1.70230496050784
"Wave_1922",1.81655018372068
"Wave_1923",1.86971070333212
"Wave_1924",1.93731087942142
"Wave_1925",1.94055284865049
"Wave_1926",1.75181518291297
"Wave_1927",1.56155858135721
"Wave_1928",1.39099975722998
"Wave_1929",1.25910141177752
"Wave_1930",1.08251556487247
"Wave_1931",1.11086333548457
"Wave_1932",1.24619150354666
"Wave_1933",1.31606211629815
"Wave_1934",1.16613575985209
"Wave_1935",1.02502356981083
"Wave_1936",0.947937556100353
"Wave_1937",0.914005728216574
"Wave_1938",0.799043172183322
"Wave_1939",0.60521684979355
"Wave_1940",0.411932260362128
"Wave_1941",0.23893407370186
"Wave_1942",0.214256079206472
"Wave_1943",0.197062091804973
"Wave_1944",0.199166470328552
"Wave_1945",0.185314507643561
"Wave_1946",0.178261008530661
"Wave_1947",0.110756324351
"Wave_1948",0.0264392024302804
"Wave_1949",-0.171902829522666
"Wave_1950",-0.295707444662233
"Wave_1951",-0.428422571643704
"Wave_1952",-0.540560416412988
"Wave_1953",-0.59647904101578
"Wave_1954",-0.588153524858364
"Wave_1955",-0.540575275756082
"Wave_1956",-0.493394471134001
"Wave_1957",-0.544217692909032
"Wave_1958",-0.650465605190444
"Wave_1959",-0.784507570209116
"Wave_1960",-0.881247703921681
"Wave_1961",-0.909884747434899
"Wave_1962",-0.878294459773045
"Wave_1963",-0.91299713250073
"Wave_1964",-0.947699763721701
"Wave_1965",-1.02688237786876
"Wave_1966",-1.06504723903291
"Wave_1967",-1.12901289012068
"Wave_1968",-1.15356133284513
"Wave_1969",-1.14463047574483
"Wave_1970",-1.14140360862447
"Wave_1971",-1.17502182257548
"Wave_1972",-1.20411475821121
"Wave_1973",-1.17969321859035
"Wave_1974",-1.13609072094573
"Wave_1975",-1.1274971102236
"Wave_1976",-1.15521880144526
"Wave_1977",-1.18326698798343
"Wave_1978",-1.26113537426913
"Wave_1979",-1.43103988292808
"Wave_1980",-1.61636355895645
"Wave_1981",-1.70462430830835
"Wave_1982",-1.68705852014516
"Wave_1983",-1.62792649995436
"Wave_1984",-1.50833481153525
"Wave_1985",-1.38874313903468
"Wave_1986",-1.31084971151643
"Wave_1987",-1.27711535177648
"Wave_1988",-1.27048689655923
"Wave_1989",-1.23603536136637
"Wave_1990",-1.16255382335182
"Wave_1991",-1.0590164662716
"Wave_1992",-0.998933548004283
"Wave_1993",-0.951039374953636
"Wave_1994",-0.9677471897435
"Wave_1995",-0.93935830154192
"Wave_1996",-0.875781202260597
"Wave_1997",-0.736109145519821
"Wave_1998",-0.591891899125933
"Wave_1999",-0.552740047368395
"Wave_2000",-0.596158757711905
"Wave_2001",-0.639404706261851
"Wave_2002",-0.679382330725801
"Wave_2003",-0.718132027757138
"Wave_2004",-0.74976185894374
"Wave_2005",-0.637970946505479
"Wave_2006",-0.517520126501933
"Wave_2007",-0.371892447566633
"Wave_2008",-0.279027417099254
"Wave_2009",-0.18293626973835
"Wave_2010",-0.116994560639478
"Wave_2011",-0.0547613078833109
"Wave_2012",0.0348845401324612
"Wave_2013",0.218297728847557
"Wave_2014",0.402605811501179
"Wave_2015",0.506531373242115
"Wave_2016",0.589839358970577
"Wave_2017",0.646971433169069
"Wave_2018",0.853017428318297
"Wave_2019",1.06416760318425
"Wave_2020",1.18327244361849
"Wave_2021",1.21038883812356
"Wave_2022",1.27850109196541
"Wave_2023",1.5961690608451
"Wave_2024",1.91383686398638
"Wave_2025",2.00971316794499
"Wave_2026",2.09724943593832
"Wave_2027",2.20352048213932
"Wave_2028",2.26721993535195
"Wave_2029",2.30934812252626
"Wave_2030",2.38853143298767
"Wave_2031",2.57525008871416
"Wave_2032",2.74410049916707
"Wave_2033",2.73648732287117
"Wave_2034",2.68387779087349
"Wave_2035",2.74106854781801
"Wave_2036",3.06365571837831
"Wave_2037",3.38624291840101
"Wave_2038",3.4265649355632
"Wave_2039",3.38832209099594
"Wave_2040",3.45966815674898
"Wave_2041",3.67548228712055
"Wave_2042",3.89129642445927
"Wave_2043",3.91168613770515
"Wave_2044",3.92994036195595
"Wave_2045",3.93893005538399
"Wave_2046",3.80262213287781
"Wave_2047",3.65257211593359
"Wave_2048",3.69410856308588
"Wave_2049",3.87562251460804
"Wave_2050",4.05236340332159
"Wave_2051",4.11358908509478
"Wave_2052",4.13349096929173
"Wave_2053",4.08977430829392
"Wave_2054",4.00707455972626
"Wave_2055",3.94034933827703
"Wave_2056",3.86983807368092
"Wave_2057",3.7009552008242
"Wave_2058",3.52866749113177
"Wave_2059",3.58161305825129
"Wave_2060",3.63455869431529
"Wave_2061",3.65528487005101
"Wave_2062",3.72696966664692
"Wave_2063",3.74145056434582
"Wave_2064",3.30131594953528
"Wave_2065",2.86118138685698
"Wave_2066",2.76461696316512
"Wave_2067",2.83710038690166
"Wave_2068",2.8369376677812
"Wave_2069",2.80995614784954
"Wave_2070",2.79882906473232
"Wave_2071",2.75190978928992
"Wave_2072",2.5670317617583
"Wave_2073",2.34766565620899
"Wave_2074",1.93865308547593
"Wave_2075",1.5167162280339
"Wave_2076",1.21737072438997
"Wave_2077",1.20650519812592
"Wave_2078",1.19464627865409
"Wave_2079",0.973777617332516
"Wave_2080",0.702891151862085
"Wave_2081",0.638781664320311
"Wave_2082",0.779697815621328
"Wave_2083",0.873688287480284
"Wave_2084",0.617152669544931
"Wave_2085",0.391391126627223
"Wave_2086",0.293394965762161
"Wave_2087",0.201871161265394
"Wave_2088",0.110346995862306
"Wave_2089",-0.154588945596077
"Wave_2090",-0.24184057865298
"Wave_2091",-0.202835697756666
"Wave_2092",-0.307146631883638
"Wave_2093",-0.41145752444634
"Wave_2094",-0.662589542482324
"Wave_2095",-0.969369655152113
"Wave_2096",-1.19358167791221
"Wave_2097",-1.16840613777299
"Wave_2098",-1.14323052589711
"Wave_2099",-1.36205963252831
"Wave_2100",-1.5481467517325
"Wave_2101",-1.66978099599494
"Wave_2102",-1.53626404701902
"Wave_2103",-1.40274747252595
"Wave_2104",-1.44072025768797
"Wave_2105",-1.56920356697606
"Wave_2106",-1.59335134187974
"Wave_2107",-1.72355987743247
"Wave_2108",-1.85376860512174
"Wave_2109",-2.29196216344166
"Wave_2110",-2.4121329204558
"Wave_2111",-2.34301644889167
"Wave_2112",-2.21054452882683
"Wave_2113",-2.07807265634666
"Wave_2114",-2.11345960105408
"Wave_2115",-2.31744826432913
"Wave_2116",-2.66719769145101
"Wave_2117",-2.86910941190151
"Wave_2118",-3.07102091299556
"Wave_2119",-3.00326834972239
"Wave_2120",-3.01551056788988
"Wave_2121",-3.01639609638177
"Wave_2122",-3.11408543469066
"Wave_2123",-3.21177482069722
"Wave_2124",-3.32081129035132
"Wave_2125",-3.35905612651729
"Wave_2126",-3.32870591478413
"Wave_2127",-3.36754426616052
"Wave_2128",-3.40638274766394
"Wave_2129",-3.5420596633371
"Wave_2130",-3.76650473071187
"Wave_2131",-3.98346844419477
"Wave_2132",-3.7447781645837
"Wave_2133",-3.50608786106872
"Wave_2134",-3.32609011648691
"Wave_2135",-3.28699108715391
"Wave_2136",-3.23317113383342
"Wave_2137",-3.01723354340776
"Wave_2138",-2.80129575436205
"Wave_2139",-2.68470799401367
"Wave_2140",-2.59103065597156
"Wave_2141",-2.41917652952311
"Wave_2142",-2.23450189220522
"Wave_2143",-2.04982730131141
"Wave_2144",-1.83796655326467
"Wave_2145",-1.44832294615752
"Wave_2146",-1.07973881094276
"Wave_2147",-0.88236542853625
"Wave_2148",-0.684992324783021
"Wave_2149",-0.30350464271055
"Wave_2150",-0.0308435934123755
"Wave_2151",0.167674944331501
"Wave_2152",0.327838754764597
"Wave_2153",0.468044315412485
"Wave_2154",0.737316748945487
"Wave_2155",1.08376135823776
"Wave_2156",1.32009153314134
"Wave_2157",1.48170437517524
"Wave_2158",1.68956210839843
"Wave_2159",1.94297445844161
"Wave_2160",2.15520368853686
"Wave_2161",2.42000430336979
"Wave_2162",2.63526801106668
"Wave_2163",2.71261222739983
"Wave_2164",2.91292697615557
"Wave_2165",3.11324181774022
"Wave_2166",3.40516475580033
"Wave_2167",3.53266755602516
"Wave_2168",3.64008726732823
"Wave_2169",3.61942572861268
"Wave_2170",3.59876413192684
"Wave_2171",3.52040671679492
"Wave_2172",3.38044882863547
"Wave_2173",3.20665452814719
"Wave_2174",3.28182264375875
"Wave_2175",3.35699056720893
"Wave_2176",3.80665932558405
"Wave_2177",4.2048891973445
"Wave_2178",4.56743108963539
"Wave_2179",4.88050822323356
"Wave_2180",5.19358494966993
"Wave_2181",5.5379513887211
"Wave_2182",5.93485368144673
"Wave_2183",6.18356805275363
"Wave_2184",6.01240836163424
"Wave_2185",5.81118755509769
"Wave_2186",6.05303666844917
"Wave_2187",6.29488519423582
"Wave_2188",6.38104267674309
"Wave_2189",6.3329987898836
"Wave_2190",6.26519095190322
"Wave_2191",6.36485769118131
"Wave_2192",6.46452438521974
"Wave_2193",6.5887990381056
"Wave_2194",6.70698782291385
"Wave_2195",6.81628092296986
"Wave_2196",6.91676681095538
"Wave_2197",7.01725301953566
"Wave_2198",7.14269211283029
"Wave_2199",7.20922572242299
"Wave_2200",7.14189842689657
"Wave_2201",7.02026964890591
"Wave_2202",6.9212013132973
"Wave_2203",7.21123881758822
"Wave_2204",7.5012758132541
"Wave_2205",7.52422542537982
"Wave_2206",7.42221234724483
"Wave_2207",7.36819640874769
"Wave_2208",7.29260030816963
"Wave_2209",7.21700433707032
"Wave_2210",6.9525239162344
"Wave_2211",6.62591998421799
"Wave_2212",6.29203038004975
"Wave_2213",6.31080438384522
"Wave_2214",6.34220963041364
"Wave_2215",6.31340470202732
"Wave_2216",6.26527925830754
"Wave_2217",6.2577974571528
"Wave_2218",6.23109622549641
"Wave_2219",6.13688218584357
"Wave_2220",5.55084079130206
"Wave_2221",4.96479924427921
"Wave_2222",4.58320190859769
"Wave_2223",4.26915952425619
"Wave_2224",3.95860474412613
"Wave_2225",3.6784954429097
"Wave_2226",3.39838535148144
"Wave_2227",3.31189330464398
"Wave_2228",3.23078726653031
"Wave_2229",2.91055195108913
"Wave_2230",2.3336699563689
"Wave_2231",1.75323130425586
"Wave_2232",1.14472089324761
"Wave_2233",0.536210716511775
"Wave_2234",0.0275266717397654
"Wave_2235",-0.456201497824681
"Wave_2236",-0.853608963124446
"Wave_2237",-1.12153524757918
"Wave_2238",-1.33568763770165
"Wave_2239",-1.71991967044534
"Wave_2240",-2.1041515105362
"Wave_2241",-2.29688834118205
"Wave_2242",-2.35838244200576
"Wave_2243",-2.43410825634498
"Wave_2244",-2.49967037945087
"Wave_2245",-2.56523240716926
"Wave_2246",-2.35690216934665
"Wave_2247",-2.14779359367873
"Wave_2248",-1.97037021238212
"Wave_2249",-1.83558444947942
"Wave_2250",-1.69012481731547
"Wave_2251",-1.44859883357607
"Wave_2252",-1.20707340495268
"Wave_2253",-1.18635435890453
"Wave_2254",-1.22789524015354
"Wave_2255",-1.20519237284115
"Wave_2256",-1.27465936604142
"Wave_2257",-1.34412569686466
"Wave_2258",-1.62554842392383
"Wave_2259",-1.90697180989949
"Wave_2260",-1.88345788795751
"Wave_2261",-1.65665310974467
"Wave_2262",-1.51781654937162
"Wave_2263",-1.67492757035268
"Wave_2264",-1.83203822777106
"Wave_2265",-2.19517006210766
"Wave_2266",-2.58119331385208
"Wave_2267",-2.9760836093369
"Wave_2268",-3.39943154640469
"Wave_2269",-3.77506232025035
"Wave_2270",-3.9598243115131
"Wave_2271",-4.14458625705314
"Wave_2272",-4.00870611081347
"Wave_2273",-3.79266554491789
"Wave_2274",-3.70165097295712
"Wave_2275",-3.7356616763354
"Wave_2276",-3.77442866534425
"Wave_2277",-3.85600053745251
"Wave_2278",-3.93757244784775
"Wave_2279",-4.01389738045549
"Wave_2280",-4.08891016812787
"Wave_2281",-4.07394045807308
"Wave_2282",-3.92399658827534
"Wave_2283",-3.80271870865044
"Wave_2284",-3.93942991247205
"Wave_2285",-4.076141307725
"Wave_2286",-4.04538723379661
"Wave_2287",-3.98288914403457
"Wave_2288",-3.94875167568942
"Wave_2289",-3.95715603540669
"Wave_2290",-3.9568408320685
"Wave_2291",-3.8780464398215
"Wave_2292",-3.79925233645193
"Wave_2293",-3.78421688805933
"Wave_2294",-3.79650613205345
"Wave_2295",-3.70048956971715
"Wave_2296",-3.44201457547131
"Wave_2297",-3.17996665565569
"Wave_2298",-2.88576473052712
"Wave_2299",-2.59156266603254
"Wave_2300",-2.62926478061869
"Wave_2301",-2.80921154696717
"Wave_2302",-2.91755790345907
"Wave_2303",-2.9185035307016
"Wave_2304",-2.92229236698615
"Wave_2305",-2.95166949107435
"Wave_2306",-2.98104628589255
"Wave_2307",-2.71611325944155
"Wave_2308",-2.37760357112201
"Wave_2309",-2.16741011690345
"Wave_2310",-2.14969143479223
"Wave_2311",-2.18512431967809
"Wave_2312",-2.69891944677531
"Wave_2313",-3.21271451953187
"Wave_2314",-3.36909945050108
"Wave_2315",-3.43613206934529
"Wave_2316",-3.35624335007852
"Wave_2317",-3.12943344715901
"Wave_2318",-2.97470864318597
"Wave_2319",-3.10832534880587
"Wave_2320",-3.24194155214127
"Wave_2321",-3.19820565763692
"Wave_2322",-3.13476382973205
"Wave_2323",-3.01953503525114
"Wave_2324",-2.86978087955854
"Wave_2325",-2.82855963653562
"Wave_2326",-3.04058118018994
"Wave_2327",-3.2526026535145
"Wave_2328",-3.36511591954078
"Wave_2329",-3.47762924257189
"Wave_2330",-3.33733808569758
"Wave_2331",-3.08870212869191
"Wave_2332",-2.76693780144583
"Wave_2333",-2.33548090105899
"Wave_2334",-1.91895826387007
"Wave_2335",-1.6368489251682
"Wave_2336",-1.35473974163051
"Wave_2337",-1.29478658869984
"Wave_2338",-1.29037271873563
"Wave_2339",-1.30225959021782
"Wave_2340",-1.33044653399632
"Wave_2341",-1.31615055510875
"Wave_2342",-1.13191997719948
"Wave_2343",-0.947689286609808
"Wave_2344",-0.751022449849509
"Wave_2345",-0.552973715187916
"Wave_2346",-0.669753467486314
"Wave_2347",-0.922603307791989
"Wave_2348",-0.978714903168468
"Wave_2349",-0.774973486077996
"Wave_2350",-0.592079215067284
"Wave_2351",-0.59680990873824
"Wave_2352",-0.60154056098806
"Wave_2353",-0.342153086077491
"Wave_2354",-0.0167357169472848
"Wave_2355",0.473359487687224
"Wave_2356",1.02032609911281
"Wave_2357",1.41911923169175
"Wave_2358",1.5696290758895
"Wave_2359",1.72013877370006
"Wave_2360",1.47529938856367
"Wave_2361",1.23046019470981
"Wave_2362",1.13003796022064
"Wave_2363",1.02757687786186
"Wave_2364",1.13352906415941
"Wave_2365",1.56787880211348
"Wave_2366",1.97855404500631
"Wave_2367",2.29453085611542
"Wave_2368",2.61050811202787
"Wave_2369",2.18760646417706
"Wave_2370",1.78760231121993
"Wave_2371",1.49847162971167
"Wave_2372",1.25685824595984
"Wave_2373",0.95146325893337
"Wave_2374",0.550395107993326
"Wave_2375",0.0245811741450321
"Wave_2376",-0.286429045794097
"Wave_2377",-0.597439314574905
"Wave_2378",-0.945599883928182
"Wave_2379",-1.2978882320953
"Wave_2380",-1.42803692309528
"Wave_2381",-1.34438264123027
"Wave_2382",-1.40215343752753
"Wave_2383",-1.67206085021954
"Wave_2384",-1.88891031921193
"Wave_2385",-1.89352770144658
"Wave_2386",-1.89814508839603
"Wave_2387",-1.77112091882443
"Wave_2388",-1.67297847477758
"Wave_2389",-1.50351780675255
"Wave_2390",-1.30349214667477
"Wave_2391",-1.24961123214537
"Wave_2392",-1.41890681979595
"Wave_2393",-1.45053009666613
"Wave_2394",-0.811083393378454
"Wave_2395",-0.171636440535371
"Wave_2396",-0.176919369067217
"Wave_2397",-0.182202280478315
"Wave_2398",0.0885943176411115
"Wave_2399",0.397803563634847
"Wave_2400",0.310864314242076
