"","C_N_m2.12.comps"
"(Intercept)",26.4441227038591
"Wave_500",5.82284366305301
"Wave_501",5.78110938997813
"Wave_502",6.63287204614804
"Wave_503",8.20357153134122
"Wave_504",9.06573398591034
"Wave_505",10.3638430190667
"Wave_506",11.5444093694536
"Wave_507",12.6684054262543
"Wave_508",12.5341866817538
"Wave_509",12.0553080412538
"Wave_510",14.2944947822326
"Wave_511",16.6961278581485
"Wave_512",18.6776070560772
"Wave_513",19.3498101228512
"Wave_514",20.2753974426027
"Wave_515",19.6125744776388
"Wave_516",17.5754136927312
"Wave_517",14.97208807799
"Wave_518",14.0006495872997
"Wave_519",13.8128927825847
"Wave_520",14.8096066214038
"Wave_521",14.520482661407
"Wave_522",11.6319689320263
"Wave_523",8.25114399717097
"Wave_524",4.78168628530656
"Wave_525",2.33725004319879
"Wave_526",1.14673660221931
"Wave_527",0.57109084257922
"Wave_528",-0.704334801694838
"Wave_529",-2.30632318666857
"Wave_530",-3.34559710768605
"Wave_531",-5.36691321070989
"Wave_532",-7.62054919133107
"Wave_533",-9.00801957097113
"Wave_534",-9.46159385320344
"Wave_535",-10.3617272443469
"Wave_536",-10.9690605998996
"Wave_537",-11.9100092287954
"Wave_538",-13.5210859760382
"Wave_539",-13.5545280887421
"Wave_540",-13.4428325377081
"Wave_541",-12.6742896747866
"Wave_542",-12.4340444694549
"Wave_543",-11.267070957756
"Wave_544",-11.4849962795354
"Wave_545",-12.2378431238939
"Wave_546",-13.256225466048
"Wave_547",-15.0390167306351
"Wave_548",-14.9673101045865
"Wave_549",-14.7592656688358
"Wave_550",-14.5338087859715
"Wave_551",-12.9607550474324
"Wave_552",-12.207210540795
"Wave_553",-11.6754494934222
"Wave_554",-9.85772455949921
"Wave_555",-7.49242625434797
"Wave_556",-5.19151048987018
"Wave_557",-3.10947861752885
"Wave_558",-1.88654504286973
"Wave_559",-0.0394842782279006
"Wave_560",0.508204469412561
"Wave_561",2.12676184703339
"Wave_562",3.5045006970327
"Wave_563",3.38338252935763
"Wave_564",3.47279206977983
"Wave_565",3.52986922547328
"Wave_566",3.30993667090698
"Wave_567",2.98744960365177
"Wave_568",2.98798950937961
"Wave_569",3.10078424213854
"Wave_570",4.15484925841309
"Wave_571",4.01707924520581
"Wave_572",4.46180145948296
"Wave_573",5.25241534627113
"Wave_574",5.95951259093463
"Wave_575",7.07754332815474
"Wave_576",7.69801077393913
"Wave_577",8.04992934268227
"Wave_578",9.47101703025001
"Wave_579",9.93687299494252
"Wave_580",9.96759190074517
"Wave_581",10.1295555359578
"Wave_582",10.1178675615106
"Wave_583",9.99232875491784
"Wave_584",9.7423294934641
"Wave_585",9.9064118546527
"Wave_586",9.44885655722533
"Wave_587",9.11453693296141
"Wave_588",8.45325693879674
"Wave_589",7.44578205091043
"Wave_590",6.24798577130929
"Wave_591",5.10591500499155
"Wave_592",4.45103161109383
"Wave_593",3.73557396069374
"Wave_594",2.49713955337085
"Wave_595",1.25726903542871
"Wave_596",0.44129620640583
"Wave_597",-0.434390886504813
"Wave_598",-1.4105043445331
"Wave_599",-1.82579616355795
"Wave_600",-2.30849524402345
"Wave_601",-2.6635392777096
"Wave_602",-3.18903612194216
"Wave_603",-2.96768361726079
"Wave_604",-2.63831368897396
"Wave_605",-1.93900113431017
"Wave_606",-1.32007528141245
"Wave_607",-0.331668126538078
"Wave_608",0.520755090231285
"Wave_609",1.61599718338528
"Wave_610",3.03243158347775
"Wave_611",4.26858112621834
"Wave_612",5.03449770632531
"Wave_613",5.69466117050111
"Wave_614",7.1724206941302
"Wave_615",8.73225681362907
"Wave_616",9.42593944512958
"Wave_617",9.33106290326222
"Wave_618",9.92189357311432
"Wave_619",10.1485507523439
"Wave_620",10.5439385742926
"Wave_621",11.0313485437635
"Wave_622",11.4877088968425
"Wave_623",11.4885468185771
"Wave_624",11.2744493538174
"Wave_625",11.6922715096774
"Wave_626",11.8666178217828
"Wave_627",11.6449613100575
"Wave_628",11.4139864483707
"Wave_629",10.4000460810279
"Wave_630",9.34081114192062
"Wave_631",8.08027068263713
"Wave_632",6.36445942647922
"Wave_633",4.4755303501727
"Wave_634",3.04723495852213
"Wave_635",1.50124228704672
"Wave_636",-0.400721775629752
"Wave_637",-2.27579889628706
"Wave_638",-4.74093490723167
"Wave_639",-7.91792252871373
"Wave_640",-10.9875570285191
"Wave_641",-13.055228118247
"Wave_642",-15.6962217346968
"Wave_643",-18.6268493872521
"Wave_644",-19.7917107904525
"Wave_645",-20.4832865712852
"Wave_646",-21.6244713816374
"Wave_647",-23.5035639264695
"Wave_648",-23.8116425026356
"Wave_649",-24.1185102843114
"Wave_650",-24.4459336646561
"Wave_651",-23.5154947168287
"Wave_652",-23.2298291748806
"Wave_653",-22.6304558166104
"Wave_654",-21.5734164541507
"Wave_655",-20.9730853597381
"Wave_656",-19.1030983566126
"Wave_657",-17.0087189302335
"Wave_658",-15.0072219231328
"Wave_659",-13.4967374988058
"Wave_660",-12.0193979672882
"Wave_661",-9.99437238190286
"Wave_662",-8.51617403329402
"Wave_663",-6.70680727943559
"Wave_664",-4.62630748888927
"Wave_665",-2.82338909844033
"Wave_666",-0.726124807170897
"Wave_667",0.900180562670543
"Wave_668",1.80575059651669
"Wave_669",2.76016237888695
"Wave_670",4.15948732007038
"Wave_671",4.98952213087431
"Wave_672",5.53574121868895
"Wave_673",6.17840290660824
"Wave_674",6.64127957735793
"Wave_675",6.25445978952412
"Wave_676",6.03867469821394
"Wave_677",5.51628015255246
"Wave_678",5.25861732188163
"Wave_679",4.93985497246334
"Wave_680",3.84183057766031
"Wave_681",2.74645798922949
"Wave_682",2.12907160006344
"Wave_683",0.433486935274631
"Wave_684",-1.04658033531182
"Wave_685",-2.55753486542715
"Wave_686",-2.46589044141057
"Wave_687",-1.10181234698156
"Wave_688",-0.29671434208247
"Wave_689",-0.048501848722772
"Wave_690",2.49575729678437
"Wave_691",5.49874217539197
"Wave_692",6.30722440012813
"Wave_693",8.8239878703066
"Wave_694",11.9884839990611
"Wave_695",12.8204725305275
"Wave_696",13.0757253102331
"Wave_697",13.7757038911779
"Wave_698",12.9031741230683
"Wave_699",10.4289889168553
"Wave_700",9.71155002223944
"Wave_701",6.8567564902893
"Wave_702",4.03434876082367
"Wave_703",2.24759939683177
"Wave_704",1.61158513943922
"Wave_705",-0.738886154159007
"Wave_706",-3.15410433439854
"Wave_707",-3.70361415449818
"Wave_708",-3.26428508066117
"Wave_709",-5.27418419668131
"Wave_710",-6.38775454545213
"Wave_711",-6.1689513787845
"Wave_712",-5.63527942605704
"Wave_713",-7.31321004066556
"Wave_714",-7.71256470651195
"Wave_715",-6.67730803927983
"Wave_716",-6.29929848552981
"Wave_717",-5.54956013230104
"Wave_718",-4.40468738472942
"Wave_719",-3.34387788773523
"Wave_720",-2.63486167601316
"Wave_721",-1.91765732502015
"Wave_722",-0.542566126034227
"Wave_723",-0.136289826420509
"Wave_724",0.745307373634089
"Wave_725",1.46367823231974
"Wave_726",2.14754250275622
"Wave_727",2.88101510938229
"Wave_728",2.9187476891359
"Wave_729",3.42945000816621
"Wave_730",4.21963294246406
"Wave_731",4.77137545851975
"Wave_732",5.44643598857049
"Wave_733",6.1003848075357
"Wave_734",6.3438188724776
"Wave_735",6.61327061307895
"Wave_736",6.97956585754989
"Wave_737",7.24867568734708
"Wave_738",6.89258763092132
"Wave_739",6.03034316906326
"Wave_740",4.7684304455983
"Wave_741",3.81684954586286
"Wave_742",2.2299873047838
"Wave_743",3.53197374975392
"Wave_744",2.45055762432315
"Wave_745",1.75467985786981
"Wave_746",0.848094319449011
"Wave_747",0.394669467369428
"Wave_748",0.298869772170951
"Wave_749",0.457749327164799
"Wave_750",0.602515594196787
"Wave_751",0.680475039088884
"Wave_752",0.0663495380778151
"Wave_753",0.439850298272189
"Wave_754",1.28796934639984
"Wave_755",2.2271768306275
"Wave_756",2.52379914226323
"Wave_757",3.30012685270871
"Wave_758",2.49562764367346
"Wave_759",2.54753455820317
"Wave_760",2.20824277091
"Wave_761",0.879816082388915
"Wave_762",1.0800232131193
"Wave_763",2.14658257457199
"Wave_764",2.90522238433991
"Wave_765",2.16444152721838
"Wave_766",1.60105122222457
"Wave_767",1.15117745547482
"Wave_768",1.47603319065357
"Wave_769",1.93839311551558
"Wave_770",1.66796747796747
"Wave_771",1.49451483627676
"Wave_772",1.03329506826393
"Wave_773",-0.299446249598953
"Wave_774",0.443585372481935
"Wave_775",0.990490138592
"Wave_776",1.13477590694603
"Wave_777",0.743996447468931
"Wave_778",-0.450392964230864
"Wave_779",-0.748496583081829
"Wave_780",-0.136154707507722
"Wave_781",-0.0326231175726346
"Wave_782",0.259690674551657
"Wave_783",1.05413045190244
"Wave_784",0.322373920346427
"Wave_785",0.734783227372522
"Wave_786",-1.21265001372772
"Wave_787",-0.77593259526955
"Wave_788",0.497831966392547
"Wave_789",2.23501098669026
"Wave_790",0.987444895536175
"Wave_791",1.86230603062201
"Wave_792",0.223789061231006
"Wave_793",-0.651548467235954
"Wave_794",-0.814883171604097
"Wave_795",-0.6836983237873
"Wave_796",0.366444731520952
"Wave_797",0.824651214266462
"Wave_798",0.843190485576338
"Wave_799",-0.502617556220609
"Wave_800",-1.36573096964067
"Wave_801",-0.83980856638906
"Wave_802",-0.570730067319164
"Wave_803",0.220266153279826
"Wave_804",0.582194662773084
"Wave_805",1.06620156520103
"Wave_806",1.51379687267741
"Wave_807",1.45155338420618
"Wave_808",1.24898513099338
"Wave_809",0.432910724431944
"Wave_810",0.886687658702611
"Wave_811",2.06767709468379
"Wave_812",3.10560892667134
"Wave_813",2.35590890515042
"Wave_814",1.94071941892711
"Wave_815",1.09883627764508
"Wave_816",1.58386071842861
"Wave_817",2.45161439570028
"Wave_818",2.71846890604794
"Wave_819",5.29853163693993
"Wave_820",4.88247231639692
"Wave_821",2.2320277276523
"Wave_822",1.55048301510702
"Wave_823",3.3556367361892
"Wave_824",4.10976961681028
"Wave_825",5.84829642343646
"Wave_826",6.1701387665761
"Wave_827",4.99812483537469
"Wave_828",3.68792690694242
"Wave_829",3.05134655345153
"Wave_830",3.15768944219636
"Wave_831",5.18490077179791
"Wave_832",6.62242692478197
"Wave_833",6.53114720785285
"Wave_834",4.55701345731985
"Wave_835",4.18155539278827
"Wave_836",5.27646096460914
"Wave_837",4.52080481787167
"Wave_838",4.5147648127331
"Wave_839",6.28845281879524
"Wave_840",6.78612900448168
"Wave_841",6.29181965794959
"Wave_842",5.48951052332715
"Wave_843",2.69787520032125
"Wave_844",3.27573536925214
"Wave_845",6.50629316683027
"Wave_846",4.03054588650825
"Wave_847",4.33979380871381
"Wave_848",5.42594281550068
"Wave_849",3.59317547758941
"Wave_850",2.93834877961584
"Wave_851",2.90448170425203
"Wave_852",2.97913193728012
"Wave_853",4.24083492284092
"Wave_854",3.18625503904882
"Wave_855",3.52080990365442
"Wave_856",3.84245834769354
"Wave_857",4.3108835828173
"Wave_858",4.1688026963855
"Wave_859",2.36154030425236
"Wave_860",3.07977553956801
"Wave_861",4.3293858731611
"Wave_862",3.96861436097141
"Wave_863",4.01653683185614
"Wave_864",2.90066266590465
"Wave_865",1.95452553321637
"Wave_866",3.65662527711912
"Wave_867",3.31934615829363
"Wave_868",4.22190022533776
"Wave_869",5.7654656992116
"Wave_870",4.04896114122518
"Wave_871",2.11174276193677
"Wave_872",0.35989055535884
"Wave_873",4.37019118382182
"Wave_874",4.28397300746771
"Wave_875",2.69251239139231
"Wave_876",2.42901952885996
"Wave_877",3.18542253605232
"Wave_878",3.10302240870669
"Wave_879",2.03432646737
"Wave_880",1.65783380317082
"Wave_881",1.47130314743419
"Wave_882",0.614912860957139
"Wave_883",1.96334792851179
"Wave_884",1.87227243625015
"Wave_885",-0.456402668494489
"Wave_886",-0.78802234989083
"Wave_887",0.0516946807615669
"Wave_888",-0.553080567906842
"Wave_889",-0.122735313204826
"Wave_890",-0.233172596964723
"Wave_891",0.550345912758879
"Wave_892",0.58741084409012
"Wave_893",0.691161825410745
"Wave_894",-0.404834135385668
"Wave_895",-0.226415800851247
"Wave_896",0.284980551803266
"Wave_897",0.898200184746815
"Wave_898",0.714584504132538
"Wave_899",1.02865456706498
"Wave_900",1.94924729061726
"Wave_901",-0.505864178128843
"Wave_902",-0.719657328706891
"Wave_903",-1.96484304560252
"Wave_904",-2.40113622940278
"Wave_905",-2.58598114415787
"Wave_906",-2.94126563576641
"Wave_907",-2.63677955874589
"Wave_908",-1.13590397924453
"Wave_909",-0.993138004084965
"Wave_910",-0.997301472090589
"Wave_911",-3.11113841717125
"Wave_912",-4.29583932249028
"Wave_913",-2.20739487996016
"Wave_914",-0.979014715023991
"Wave_915",0.227364757748165
"Wave_916",-0.0176587976752576
"Wave_917",0.306092536473022
"Wave_918",-1.03464504417066
"Wave_919",-4.00316655281594
"Wave_920",-5.72499311442688
"Wave_921",-5.72278562536632
"Wave_922",-4.00488834228443
"Wave_923",-2.25958703138177
"Wave_924",-2.2788997145386
"Wave_925",-2.79313241279459
"Wave_926",-2.85466250177979
"Wave_927",-1.65845691920539
"Wave_928",0.582151077298376
"Wave_929",-4.91867598800626
"Wave_930",-5.92662355937295
"Wave_931",-7.52045564264456
"Wave_932",-8.08531879731233
"Wave_933",-5.38323998979582
"Wave_934",-2.13465723405756
"Wave_935",-1.85924700199324
"Wave_936",-5.34645492099426
"Wave_937",-6.43172536851818
"Wave_938",-9.78142300891373
"Wave_939",-10.6020730144099
"Wave_940",-6.81710489017429
"Wave_941",-3.63230451585394
"Wave_942",-8.86489302529296
"Wave_943",-7.81530595255239
"Wave_944",-8.11341059983904
"Wave_945",-8.67327227100258
"Wave_946",-6.90892776086627
"Wave_947",-3.4949058181605
"Wave_948",-1.91038529842368
"Wave_949",-5.65460951179912
"Wave_950",-3.5375245627528
"Wave_951",-6.6264203314511
"Wave_952",-7.86223749727152
"Wave_953",-5.80961073825029
"Wave_954",-4.85680971393412
"Wave_955",-8.62349234591736
"Wave_956",-7.48246382869684
"Wave_957",-8.38724089895582
"Wave_958",-8.73293765432396
"Wave_959",-7.55872931053702
"Wave_960",-6.5995219318046
"Wave_961",-5.13706283531876
"Wave_962",-2.41073370391395
"Wave_963",-4.97887607277359
"Wave_964",-4.37414130141114
"Wave_965",-2.45746657022728
"Wave_966",-4.57161736681504
"Wave_967",-6.63740668397469
"Wave_968",-6.23485234846002
"Wave_969",-8.40960727023386
"Wave_970",-8.78409008161947
"Wave_971",-6.90962412015735
"Wave_972",-6.22927749828989
"Wave_973",-5.61872247765889
"Wave_974",-5.00816717034256
"Wave_975",-3.74400984763503
"Wave_976",-2.89322604060192
"Wave_977",-2.90760351023035
"Wave_978",-2.92198183558419
"Wave_979",-3.79355816800485
"Wave_980",-4.40617712867563
"Wave_981",-4.7826609922741
"Wave_982",-5.24335742281794
"Wave_983",-6.46195882503544
"Wave_984",-6.40804080758057
"Wave_985",-6.03599244742261
"Wave_986",-5.53266613688307
"Wave_987",-4.50422577938511
"Wave_988",-3.36102640621118
"Wave_989",-2.21782675249766
"Wave_990",-1.33759316375302
"Wave_991",-0.838729414673853
"Wave_992",-0.28755233288452
"Wave_993",0.263624608090012
"Wave_994",0.79924015776525
"Wave_995",1.19761555921995
"Wave_996",1.29997238937778
"Wave_997",1.40232803357273
"Wave_998",1.1248522778342
"Wave_999",1.31359532362107
"Wave_1000",2.13134311359153
"Wave_1001",2.9490906305263
"Wave_1002",4.01978824989138
"Wave_1003",4.43433222894835
"Wave_1004",4.55562162517988
"Wave_1005",4.6069164906069
"Wave_1006",4.02825912770619
"Wave_1007",3.83143564802564
"Wave_1008",3.67703867775159
"Wave_1009",3.42648823233435
"Wave_1010",2.7503737224482
"Wave_1011",1.70570487328531
"Wave_1012",0.661035726011299
"Wave_1013",-0.164330861043878
"Wave_1014",-0.66231308639106
"Wave_1015",-1.16396008667273
"Wave_1016",-1.66560752591883
"Wave_1017",-1.84640282853408
"Wave_1018",-2.12757955859893
"Wave_1019",-2.72303902762911
"Wave_1020",-3.31849847299593
"Wave_1021",-4.00906558191886
"Wave_1022",-4.45566260993551
"Wave_1023",-4.78023315505337
"Wave_1024",-5.10480353463453
"Wave_1025",-5.45624569177318
"Wave_1026",-5.60912595806786
"Wave_1027",-5.73961277601856
"Wave_1028",-5.83297035550336
"Wave_1029",-5.61657089281899
"Wave_1030",-5.61977304601701
"Wave_1031",-5.62297569473932
"Wave_1032",-5.57742193965581
"Wave_1033",-5.42601664548026
"Wave_1034",-5.4826846561664
"Wave_1035",-5.53935216663581
"Wave_1036",-5.79763094208905
"Wave_1037",-5.94041948002249
"Wave_1038",-5.665302741741
"Wave_1039",-5.39018565211303
"Wave_1040",-4.88256730492187
"Wave_1041",-4.69418415422631
"Wave_1042",-4.70904505961587
"Wave_1043",-4.72390580006599
"Wave_1044",-4.75490382447551
"Wave_1045",-4.69700570698894
"Wave_1046",-4.62878221415616
"Wave_1047",-4.56055909965098
"Wave_1048",-4.41392776764782
"Wave_1049",-4.5981795441419
"Wave_1050",-4.7824318902964
"Wave_1051",-4.96514066369242
"Wave_1052",-5.10696500233026
"Wave_1053",-5.18579028848927
"Wave_1054",-5.26461526521917
"Wave_1055",-5.34676883710456
"Wave_1056",-5.44223755059619
"Wave_1057",-5.54325425008995
"Wave_1058",-5.64427090758551
"Wave_1059",-5.60970788192825
"Wave_1060",-5.63417200278246
"Wave_1061",-5.74204134395275
"Wave_1062",-5.84991002785123
"Wave_1063",-6.01126989859991
"Wave_1064",-5.91098734363734
"Wave_1065",-5.77908578355241
"Wave_1066",-5.64718393323897
"Wave_1067",-5.50650798227618
"Wave_1068",-5.57295424512326
"Wave_1069",-5.63940041847526
"Wave_1070",-5.70584589867891
"Wave_1071",-5.63495228346668
"Wave_1072",-5.39942439726539
"Wave_1073",-5.16389643994028
"Wave_1074",-4.85453709511972
"Wave_1075",-4.59975032838439
"Wave_1076",-4.69486266230235
"Wave_1077",-4.78997459962701
"Wave_1078",-5.06950381110971
"Wave_1079",-5.34822581518214
"Wave_1080",-5.50804878118615
"Wave_1081",-5.6678715322021
"Wave_1082",-5.64696171110545
"Wave_1083",-5.70707656516257
"Wave_1084",-5.78958182440115
"Wave_1085",-5.87208751190954
"Wave_1086",-5.84985940590118
"Wave_1087",-5.84320886634759
"Wave_1088",-5.83655949974151
"Wave_1089",-5.82990967734816
"Wave_1090",-5.91935340204643
"Wave_1091",-5.61682114886967
"Wave_1092",-5.31428900004613
"Wave_1093",-4.95136986755953
"Wave_1094",-4.52959122957527
"Wave_1095",-4.22960537339127
"Wave_1096",-3.92962055102676
"Wave_1097",-3.57367501731249
"Wave_1098",-3.30836400624651
"Wave_1099",-3.09835525800793
"Wave_1100",-2.88834683072123
"Wave_1101",-2.64891020168563
"Wave_1102",-2.52716403614486
"Wave_1103",-2.40541738144912
"Wave_1104",-2.28367079797389
"Wave_1105",-2.23457668402868
"Wave_1106",-2.03040778309673
"Wave_1107",-1.82624024215132
"Wave_1108",-1.62207176092455
"Wave_1109",-1.42155292034042
"Wave_1110",-1.48193281135538
"Wave_1111",-1.54231288669212
"Wave_1112",-1.56788677943668
"Wave_1113",-1.40940152792685
"Wave_1114",-1.33704618240175
"Wave_1115",-1.26469090472799
"Wave_1116",-1.28074039993189
"Wave_1117",-1.21541248639468
"Wave_1118",-1.07817009333148
"Wave_1119",-0.940927959578019
"Wave_1120",-0.608025776045316
"Wave_1121",-0.638857645797763
"Wave_1122",-0.66968887333522
"Wave_1123",-0.700520147167798
"Wave_1124",-0.469959064172142
"Wave_1125",-0.583243465650173
"Wave_1126",-0.696527592043088
"Wave_1127",-0.809811695508182
"Wave_1128",-0.627548843220396
"Wave_1129",-0.719078586418308
"Wave_1130",-0.810607709865861
"Wave_1131",-0.808709698184026
"Wave_1132",-0.543290344616607
"Wave_1133",-0.525297371672605
"Wave_1134",-0.507304548611448
"Wave_1135",-0.285520164227874
"Wave_1136",-0.0596961517684433
"Wave_1137",0.113741439794036
"Wave_1138",0.287178985113893
"Wave_1139",0.6734836282289
"Wave_1140",0.689538167961277
"Wave_1141",0.705592887398524
"Wave_1142",0.721647394199578
"Wave_1143",0.449600905006489
"Wave_1144",0.311861695887958
"Wave_1145",0.174123353298409
"Wave_1146",0.036384905387709
"Wave_1147",-0.352310618451001
"Wave_1148",-0.515545942988529
"Wave_1149",-0.678781630196081
"Wave_1150",-0.895045516307792
"Wave_1151",-1.10420852776654
"Wave_1152",-1.19228064155934
"Wave_1153",-1.28035395446684
"Wave_1154",-1.91646472216316
"Wave_1155",-1.61205762654627
"Wave_1156",-1.30765099821902
"Wave_1157",-1.00324462317432
"Wave_1158",-0.764598232957624
"Wave_1159",-0.459564766207305
"Wave_1160",-0.154531525854493
"Wave_1161",0.150501471912978
"Wave_1162",0.191569792936746
"Wave_1163",0.168260147700211
"Wave_1164",0.144951133068707
"Wave_1165",0.12164193411467
"Wave_1166",0.115984558379659
"Wave_1167",0.140877312925733
"Wave_1168",0.165769494772295
"Wave_1169",0.17920585436677
"Wave_1170",0.15435753703908
"Wave_1171",0.130347602471806
"Wave_1172",0.106337712751701
"Wave_1173",0.12996142938465
"Wave_1174",0.368742337546648
"Wave_1175",0.607522496201266
"Wave_1176",0.846303366448041
"Wave_1177",0.994799304654689
"Wave_1178",0.98763002224812
"Wave_1179",0.98046011982258
"Wave_1180",0.973290298248497
"Wave_1181",0.9194503684197
"Wave_1182",0.826271528474785
"Wave_1183",0.733091048442045
"Wave_1184",0.63991156605284
"Wave_1185",0.409188731327029
"Wave_1186",0.17406562291802
"Wave_1187",-0.061057230259609
"Wave_1188",-0.270630435748014
"Wave_1189",-0.450445656178572
"Wave_1190",-0.630260202965444
"Wave_1191",-0.810075871840939
"Wave_1192",-1.09470269076213
"Wave_1193",-1.03005283146825
"Wave_1194",-0.965403265944767
"Wave_1195",-0.900753557409438
"Wave_1196",-0.768284164789631
"Wave_1197",-0.705315719195078
"Wave_1198",-0.642347180123407
"Wave_1199",-0.579378234603808
"Wave_1200",-0.751164141980849
"Wave_1201",-0.991315028483708
"Wave_1202",-1.23146577374481
"Wave_1203",-1.4884410249906
"Wave_1204",-1.50827297320121
"Wave_1205",-1.48493260867587
"Wave_1206",-1.46159211508117
"Wave_1207",-1.43025566096482
"Wave_1208",-1.35389327784068
"Wave_1209",-1.2775309065437
"Wave_1210",-1.20116787779968
"Wave_1211",-1.03727644975642
"Wave_1212",-0.76166341056501
"Wave_1213",-0.486050884215199
"Wave_1214",-0.210437819517815
"Wave_1215",-0.0117639777867946
"Wave_1216",0.119688689612227
"Wave_1217",0.251142141576631
"Wave_1218",0.38259472780002
"Wave_1219",0.679789821247978
"Wave_1220",1.01763056544051
"Wave_1221",1.35547120731423
"Wave_1222",1.67539560223557
"Wave_1223",1.82834471556086
"Wave_1224",1.9812945984201
"Wave_1225",2.13424439664548
"Wave_1226",2.35872746658523
"Wave_1227",2.66233542073957
"Wave_1228",2.96594240325522
"Wave_1229",3.26954997023653
"Wave_1230",3.53469526250906
"Wave_1231",3.76219554816938
"Wave_1232",3.98969525557879
"Wave_1233",4.21719509272032
"Wave_1234",4.28533400615506
"Wave_1235",4.30784457923319
"Wave_1236",4.33035383242954
"Wave_1237",4.35378978164337
"Wave_1238",4.49211072382929
"Wave_1239",4.63043193601983
"Wave_1240",4.76875292088047
"Wave_1241",4.8632596791831
"Wave_1242",4.8402498199959
"Wave_1243",4.81723980400668
"Wave_1244",4.79423011765592
"Wave_1245",4.75240898571663
"Wave_1246",4.68216094257883
"Wave_1247",4.61191251070184
"Wave_1248",4.5416646024194
"Wave_1249",4.67550203722266
"Wave_1250",4.85352843482366
"Wave_1251",5.03155480541357
"Wave_1252",5.22704863869202
"Wave_1253",5.29487409765221
"Wave_1254",5.36269993190176
"Wave_1255",5.43052552795134
"Wave_1256",5.47753139505664
"Wave_1257",5.47595718907508
"Wave_1258",5.4743828635185
"Wave_1259",5.47280912988801
"Wave_1260",5.4276349957338
"Wave_1261",5.33192802389312
"Wave_1262",5.23622244680421
"Wave_1263",5.14051561700818
"Wave_1264",5.01542570814662
"Wave_1265",4.88298912463989
"Wave_1266",4.75055331455739
"Wave_1267",4.63063739666614
"Wave_1268",4.57108196022477
"Wave_1269",4.51152618421483
"Wave_1270",4.45197169652944
"Wave_1271",4.42297921823993
"Wave_1272",4.48593095875846
"Wave_1273",4.54888253458594
"Wave_1274",4.61183389225484
"Wave_1275",4.86647044120902
"Wave_1276",5.1818249955843
"Wave_1277",5.49718016844546
"Wave_1278",5.81253542886103
"Wave_1279",5.99504874409616
"Wave_1280",6.12625518131068
"Wave_1281",6.25746117098762
"Wave_1282",6.38866742390847
"Wave_1283",6.46762995998706
"Wave_1284",6.54659234476634
"Wave_1285",6.62555505922991
"Wave_1286",6.75321261629497
"Wave_1287",6.89538397756471
"Wave_1288",7.03755522373188
"Wave_1289",7.17972613747785
"Wave_1290",7.26566845467535
"Wave_1291",7.29538191551796
"Wave_1292",7.32509474043657
"Wave_1293",7.3548081428016
"Wave_1294",7.24258387717577
"Wave_1295",7.09487560308269
"Wave_1296",6.94716704174108
"Wave_1297",6.79945879013769
"Wave_1298",6.79736929504956
"Wave_1299",6.7952804338597
"Wave_1300",6.79319085924306
"Wave_1301",6.77732629815631
"Wave_1302",6.72931760659846
"Wave_1303",6.68130888755743
"Wave_1304",6.63329982619151
"Wave_1305",6.77301913946711
"Wave_1306",7.07697038200364
"Wave_1307",7.38092048888392
"Wave_1308",7.68487122576316
"Wave_1309",8.01515447545914
"Wave_1310",8.35202108480916
"Wave_1311",8.68888680097472
"Wave_1312",8.99650274947754
"Wave_1313",9.05454020242443
"Wave_1314",9.11257836694261
"Wave_1315",9.17061515982773
"Wave_1316",9.25927653975992
"Wave_1317",9.41939152508633
"Wave_1318",9.57950630776737
"Wave_1319",9.73962074139947
"Wave_1320",9.77960617494957
"Wave_1321",9.73950615566485
"Wave_1322",9.69940573028141
"Wave_1323",9.65930592079842
"Wave_1324",9.64568504024249
"Wave_1325",9.63868339959543
"Wave_1326",9.63168193237759
"Wave_1327",9.61367326403153
"Wave_1328",9.49659732179257
"Wave_1329",9.37952156170125
"Wave_1330",9.26244518195519
"Wave_1331",9.12795820340195
"Wave_1332",8.96141838245116
"Wave_1333",8.79487892409229
"Wave_1334",8.62833940960352
"Wave_1335",8.49326383539783
"Wave_1336",8.37916571423629
"Wave_1337",8.26506697677591
"Wave_1338",8.15096819666523
"Wave_1339",8.03115561836119
"Wave_1340",7.9107070041368
"Wave_1341",7.79025851425786
"Wave_1342",7.67595052956746
"Wave_1343",7.58620379784576
"Wave_1344",7.49645661100865
"Wave_1345",7.40670933211972
"Wave_1346",7.26820394629245
"Wave_1347",7.05656042076287
"Wave_1348",6.84491662646997
"Wave_1349",6.63327309298312
"Wave_1350",6.36267991545872
"Wave_1351",6.06682164753604
"Wave_1352",5.77096327132267
"Wave_1353",5.47510533342619
"Wave_1354",5.22212193273342
"Wave_1355",4.96913840031522
"Wave_1356",4.71615478089455
"Wave_1357",4.43072551197787
"Wave_1358",4.01550968994411
"Wave_1359",3.60029387712595
"Wave_1360",3.18507894176709
"Wave_1361",2.69808345181145
"Wave_1362",2.13930982024848
"Wave_1363",1.58053556540648
"Wave_1364",1.02176130817165
"Wave_1365",0.884010635826569
"Wave_1366",0.851515302337451
"Wave_1367",0.819020006800582
"Wave_1368",0.790429786901014
"Wave_1369",0.796985081434449
"Wave_1370",0.803539881398713
"Wave_1371",0.810095259400138
"Wave_1372",0.856997352753515
"Wave_1373",0.998045868784814
"Wave_1374",1.13909429684802
"Wave_1375",1.28014244860503
"Wave_1376",1.16306225099888
"Wave_1377",0.873895492435279
"Wave_1378",0.584729497411779
"Wave_1379",0.295563263832384
"Wave_1380",0.108496847973307
"Wave_1381",-0.0672256082155287
"Wave_1382",-0.242948234416739
"Wave_1383",-0.406060991578716
"Wave_1384",-0.518737029600027
"Wave_1385",-0.631412672484436
"Wave_1386",-0.744088765828106
"Wave_1387",-1.01581268663542
"Wave_1388",-1.44658316208159
"Wave_1389",-1.87735431572822
"Wave_1390",-2.30812517971836
"Wave_1391",-2.41845691893502
"Wave_1392",-2.42880770659945
"Wave_1393",-2.43915763596484
"Wave_1394",-2.44950843564674
"Wave_1395",-2.90050935481295
"Wave_1396",-3.35151142255563
"Wave_1397",-3.80251265909733
"Wave_1398",-4.27447479695499
"Wave_1399",-4.79534218130134
"Wave_1400",-5.31621037555466
"Wave_1401",-5.83707835470587
"Wave_1402",-6.3721367461291
"Wave_1403",-6.91665458480335
"Wave_1404",-7.46117332495995
"Wave_1405",-8.00569118292483
"Wave_1406",-8.45822806103546
"Wave_1407",-8.90054459044549
"Wave_1408",-9.34286157101449
"Wave_1409",-9.74228670992698
"Wave_1410",-9.97014679007123
"Wave_1411",-10.1980076773724
"Wave_1412",-10.4258682695246
"Wave_1413",-10.5904947590585
"Wave_1414",-10.6918875918889
"Wave_1415",-10.7932802598398
"Wave_1416",-10.8946725869611
"Wave_1417",-11.0287222421743
"Wave_1418",-11.1709356048975
"Wave_1419",-11.3131495976916
"Wave_1420",-11.4341506965199
"Wave_1421",-11.3642421831063
"Wave_1422",-11.2943342359681
"Wave_1423",-11.2244264668679
"Wave_1424",-10.9949166881232
"Wave_1425",-10.6977164296677
"Wave_1426",-10.4005148162232
"Wave_1427",-10.1033136379129
"Wave_1428",-9.86956102434802
"Wave_1429",-9.66300182630553
"Wave_1430",-9.45644127727157
"Wave_1431",-9.24988195628675
"Wave_1432",-8.89959839436251
"Wave_1433",-8.59651829237741
"Wave_1434",-8.29343857703494
"Wave_1435",-7.96311349730415
"Wave_1436",-7.65339688734057
"Wave_1437",-7.34368095667036
"Wave_1438",-7.0339639406461
"Wave_1439",-6.67560114742626
"Wave_1440",-6.28480662031583
"Wave_1441",-5.89401211347209
"Wave_1442",-5.50321742335724
"Wave_1443",-5.16915256234187
"Wave_1444",-4.86243993360597
"Wave_1445",-4.55572816757884
"Wave_1446",-4.22715897848871
"Wave_1447",-3.81115918946744
"Wave_1448",-3.39515955835617
"Wave_1449",-2.97916035866546
"Wave_1450",-2.58652510246532
"Wave_1451",-2.21725351723995
"Wave_1452",-1.847982717549
"Wave_1453",-1.47871099611792
"Wave_1454",-1.13207559146122
"Wave_1455",-0.79110016246926
"Wave_1456",-0.450123306146308
"Wave_1457",-0.109257161616762
"Wave_1458",0.230620236750909
"Wave_1459",0.570496972050994
"Wave_1460",0.910373644957366
"Wave_1461",1.24208831342974
"Wave_1462",1.56155905451418
"Wave_1463",1.88103006116782
"Wave_1464",2.2005004809243
"Wave_1465",2.44068603845921
"Wave_1466",2.64689135165189
"Wave_1467",2.85309709273985
"Wave_1468",3.05930206134353
"Wave_1469",3.38541110622094
"Wave_1470",3.711519906011
"Wave_1471",4.03762900068638
"Wave_1472",4.37278609471327
"Wave_1473",4.72905618849216
"Wave_1474",5.08532690707161
"Wave_1475",5.4415971571937
"Wave_1476",5.76934864581942
"Wave_1477",6.04816612909932
"Wave_1478",6.32698397369315
"Wave_1479",6.6058016950281
"Wave_1480",6.86067352506462
"Wave_1481",7.08300388390533
"Wave_1482",7.30533476739732
"Wave_1483",7.59993160543331
"Wave_1484",8.0631510682055
"Wave_1485",8.52637081876054
"Wave_1486",8.98958954533649
"Wave_1487",9.36045513329601
"Wave_1488",9.66975025672037
"Wave_1489",9.97904615340125
"Wave_1490",10.288341227863
"Wave_1491",10.6602605443065
"Wave_1492",11.0391379996576
"Wave_1493",11.4180160913726
"Wave_1494",11.7672742559073
"Wave_1495",11.9980590192855
"Wave_1496",12.2288429359258
"Wave_1497",12.4596279946576
"Wave_1498",12.6721044321908
"Wave_1499",12.8723754949544
"Wave_1500",13.0726463904029
"Wave_1501",13.2729179957898
"Wave_1502",13.3236155624023
"Wave_1503",13.3576937161088
"Wave_1504",13.3917718823381
"Wave_1505",13.4794457764377
"Wave_1506",13.7815047702275
"Wave_1507",14.0835633984593
"Wave_1508",14.3856221270207
"Wave_1509",14.3661514610339
"Wave_1510",14.1196499046111
"Wave_1511",13.8731481180666
"Wave_1512",13.6266465971529
"Wave_1513",13.5264091592698
"Wave_1514",13.4424239028519
"Wave_1515",13.3584378156795
"Wave_1516",13.1157892638097
"Wave_1517",12.2384882634574
"Wave_1518",11.361187626644
"Wave_1519",10.4838872228964
"Wave_1520",10.5426003049729
"Wave_1521",11.1609764199142
"Wave_1522",11.7793531667142
"Wave_1523",12.3977297575903
"Wave_1524",12.0174621823803
"Wave_1525",11.5408346432936
"Wave_1526",11.0642069924677
"Wave_1527",10.6113908506609
"Wave_1528",10.253818073904
"Wave_1529",9.89624584458171
"Wave_1530",9.53867265820931
"Wave_1531",9.04200744808239
"Wave_1532",8.44812283120475
"Wave_1533",7.85423845566811
"Wave_1534",7.26035490418336
"Wave_1535",6.65905978901007
"Wave_1536",6.05694142705749
"Wave_1537",5.45482317657184
"Wave_1538",4.8712633742677
"Wave_1539",4.36193710703576
"Wave_1540",3.85261047460529
"Wave_1541",3.3432841404387
"Wave_1542",2.68508468483356
"Wave_1543",1.94128801886831
"Wave_1544",1.19748949683675
"Wave_1545",0.45369196163999
"Wave_1546",-0.148815269903011
"Wave_1547",-0.735623665494893
"Wave_1548",-1.3224320932099
"Wave_1549",-1.97804101119118
"Wave_1550",-2.80148731215839
"Wave_1551",-3.62493408872047
"Wave_1552",-4.44838080360442
"Wave_1553",-5.0270048149794
"Wave_1554",-5.44241362981446
"Wave_1555",-5.85782213310921
"Wave_1556",-6.27323099095999
"Wave_1557",-6.96582551997273
"Wave_1558",-7.6719667035164
"Wave_1559",-8.37810767346892
"Wave_1560",-8.99443568713854
"Wave_1561",-9.40120105883072
"Wave_1562",-9.80796697759524
"Wave_1563",-10.2147321772751
"Wave_1564",-10.7538056084738
"Wave_1565",-11.3496588336429
"Wave_1566",-11.9455117304663
"Wave_1567",-12.5413646968183
"Wave_1568",-12.6855055668325
"Wave_1569",-12.8296470209129
"Wave_1570",-12.9737880333042
"Wave_1571",-13.2826672698486
"Wave_1572",-13.7796309268593
"Wave_1573",-14.2765942292328
"Wave_1574",-14.7735573949546
"Wave_1575",-15.0766979577862
"Wave_1576",-15.3072344063942
"Wave_1577",-15.5377715414966
"Wave_1578",-15.7648373240849
"Wave_1579",-15.9479126201263
"Wave_1580",-16.1309877602732
"Wave_1581",-16.3140629210607
"Wave_1582",-16.4480100852215
"Wave_1583",-16.4794779267594
"Wave_1584",-16.5109462708192
"Wave_1585",-16.5424139298089
"Wave_1586",-16.736787280796
"Wave_1587",-16.9678344871947
"Wave_1588",-17.1988815845726
"Wave_1589",-17.406053530375
"Wave_1590",-17.4553014820306
"Wave_1591",-17.5045504433998
"Wave_1592",-17.553798567633
"Wave_1593",-17.5619017467452
"Wave_1594",-17.5399267637098
"Wave_1595",-17.5179503496969
"Wave_1596",-17.4959746265847
"Wave_1597",-17.4984680507734
"Wave_1598",-17.4844450887364
"Wave_1599",-17.4704217967149
"Wave_1600",-17.4353180527012
"Wave_1601",-17.2822669122003
"Wave_1602",-17.1292156990354
"Wave_1603",-16.9761641120311
"Wave_1604",-16.6218143690375
"Wave_1605",-16.1553790962678
"Wave_1606",-15.6889442569183
"Wave_1607",-15.2035754131136
"Wave_1608",-14.8522357277268
"Wave_1609",-14.5347220094148
"Wave_1610",-14.2172082581362
"Wave_1611",-13.8975030130201
"Wave_1612",-13.4072575111899
"Wave_1613",-12.9170128521093
"Wave_1614",-12.4267676854296
"Wave_1615",-11.9769962299094
"Wave_1616",-11.5412603474717
"Wave_1617",-11.1055239184564
"Wave_1618",-10.6727359007675
"Wave_1619",-10.2517286977417
"Wave_1620",-9.83072171755761
"Wave_1621",-9.40971567527803
"Wave_1622",-8.93018919775556
"Wave_1623",-8.46635552527821
"Wave_1624",-8.00252222175577
"Wave_1625",-7.53868863869431
"Wave_1626",-7.34647269726368
"Wave_1627",-7.12750085790447
"Wave_1628",-6.90852815022908
"Wave_1629",-6.61531866799411
"Wave_1630",-6.21675940639917
"Wave_1631",-5.81819891631749
"Wave_1632",-5.41963966096623
"Wave_1633",-5.13652745447154
"Wave_1634",-4.84475648972155
"Wave_1635",-4.55298522616003
"Wave_1636",-4.23574231638787
"Wave_1637",-3.91989138557665
"Wave_1638",-3.62966763623036
"Wave_1639",-3.33944339098566
"Wave_1640",-3.16742721704271
"Wave_1641",-3.04555245564396
"Wave_1642",-2.92367874362568
"Wave_1643",-2.80180311150035
"Wave_1644",-2.85971896841475
"Wave_1645",-2.90025100144474
"Wave_1646",-2.94078315831589
"Wave_1647",-3.02107708966276
"Wave_1648",-2.8027737247953
"Wave_1649",-2.58447111803665
"Wave_1650",-2.36616779429439
"Wave_1651",-2.28295999859304
"Wave_1652",-2.2701932012867
"Wave_1653",-2.2574251406524
"Wave_1654",-2.223874614939
"Wave_1655",-2.11819108544412
"Wave_1656",-2.04123716463179
"Wave_1657",-1.96428389526994
"Wave_1658",-1.8512685541014
"Wave_1659",-1.54110397176014
"Wave_1660",-1.23093972408106
"Wave_1661",-0.920775221960694
"Wave_1662",-0.660614067129271
"Wave_1663",-0.46600571944583
"Wave_1664",-0.271397843753319
"Wave_1665",-0.226469376389638
"Wave_1666",0.24506038495132
"Wave_1667",0.716590024817224
"Wave_1668",1.18811975477964
"Wave_1669",1.51466847860806
"Wave_1670",1.79276007797804
"Wave_1671",2.07085198013611
"Wave_1672",2.37981105349473
"Wave_1673",2.88596132177582
"Wave_1674",3.37195768461039
"Wave_1675",3.85795406293598
"Wave_1676",4.29524949349017
"Wave_1677",4.85818253417289
"Wave_1678",5.42111519872771
"Wave_1679",5.98404846291294
"Wave_1680",6.10942179020501
"Wave_1681",6.2208836487037
"Wave_1682",6.33234565985262
"Wave_1683",6.31980295946543
"Wave_1684",6.03679234683431
"Wave_1685",5.75378256100364
"Wave_1686",5.47077186554931
"Wave_1687",5.00072843287826
"Wave_1688",4.43346483025764
"Wave_1689",3.86620131820749
"Wave_1690",3.25988388527375
"Wave_1691",2.33468516103867
"Wave_1692",1.41763618117812
"Wave_1693",0.500587456765679
"Wave_1694",-0.22951360515171
"Wave_1695",-0.715346919705034
"Wave_1696",-1.20117948225455
"Wave_1697",-1.68701276077801
"Wave_1698",-2.248029597192
"Wave_1699",-2.69435194765852
"Wave_1700",-3.1406740581011
"Wave_1701",-3.42730111715228
"Wave_1702",-3.37357782613521
"Wave_1703",-3.31985416928362
"Wave_1704",-3.26613010179682
"Wave_1705",-3.1516003168258
"Wave_1706",-3.13833378806749
"Wave_1707",-3.12506680625206
"Wave_1708",-3.17877315643312
"Wave_1709",-3.22757825455001
"Wave_1710",-3.20818429751527
"Wave_1711",-3.18878964032506
"Wave_1712",-2.8224297725874
"Wave_1713",-2.23429892586979
"Wave_1714",-1.64616814870794
"Wave_1715",-1.08748780082734
"Wave_1716",-0.665537351840752
"Wave_1717",-0.158041659827945
"Wave_1718",0.349453545878456
"Wave_1719",0.697805962002095
"Wave_1720",0.991616640859202
"Wave_1721",1.2854283470523
"Wave_1722",1.57923951909826
"Wave_1723",1.72750255296274
"Wave_1724",1.93338361346233
"Wave_1725",2.13926437516132
"Wave_1726",2.28375754845526
"Wave_1727",2.16285378573113
"Wave_1728",2.02269247756754
"Wave_1729",1.88253181410098
"Wave_1730",1.51215647872532
"Wave_1731",1.43844396600786
"Wave_1732",1.36473166134945
"Wave_1733",1.25567130597382
"Wave_1734",0.9673206899344
"Wave_1735",0.637477098530247
"Wave_1736",0.307634738172254
"Wave_1737",-0.218510849385558
"Wave_1738",-0.592417980624113
"Wave_1739",-0.966325400134337
"Wave_1740",-1.37326141924596
"Wave_1741",-1.80688074917443
"Wave_1742",-2.17021220212388
"Wave_1743",-2.53354343490405
"Wave_1744",-2.95800880542
"Wave_1745",-3.47382546071671
"Wave_1746",-3.98964237394345
"Wave_1747",-4.48239746566175
"Wave_1748",-4.68795358051976
"Wave_1749",-4.77404815407288
"Wave_1750",-4.86014254574427
"Wave_1751",-4.69531662283249
"Wave_1752",-4.41290998786305
"Wave_1753",-4.16383850109672
"Wave_1754",-3.91476746281388
"Wave_1755",-4.15231565658057
"Wave_1756",-4.33845136290386
"Wave_1757",-4.52458655313019
"Wave_1758",-4.59834161708573
"Wave_1759",-4.66017734271006
"Wave_1760",-4.78915055890835
"Wave_1761",-4.91812306711154
"Wave_1762",-4.89686205402427
"Wave_1763",-4.89584561846007
"Wave_1764",-4.89482909980358
"Wave_1765",-4.88139648081413
"Wave_1766",-4.99117505703386
"Wave_1767",-5.20240967585994
"Wave_1768",-5.41364387953529
"Wave_1769",-5.12179112170184
"Wave_1770",-5.05548942681808
"Wave_1771",-4.98918813914983
"Wave_1772",-4.97695380512264
"Wave_1773",-5.15864678164538
"Wave_1774",-5.30682891268215
"Wave_1775",-5.45501030693844
"Wave_1776",-4.96186851159267
"Wave_1777",-4.73544280098209
"Wave_1778",-4.56919170434023
"Wave_1779",-4.4318208829497
"Wave_1780",-4.45764131858548
"Wave_1781",-4.59469629011176
"Wave_1782",-4.73175176681774
"Wave_1783",-4.66446212075712
"Wave_1784",-4.66511468903417
"Wave_1785",-4.7168104369668
"Wave_1786",-4.70759936407597
"Wave_1787",-4.19760282466292
"Wave_1788",-3.87711064217349
"Wave_1789",-3.55661934972216
"Wave_1790",-3.15063809757296
"Wave_1791",-2.77736788244224
"Wave_1792",-2.44254248713682
"Wave_1793",-2.08553888693743
"Wave_1794",-1.55390069347514
"Wave_1795",-1.24698880949677
"Wave_1796",-0.940077531340439
"Wave_1797",-0.874453236528387
"Wave_1798",-0.965186562215855
"Wave_1799",-0.999300305974026
"Wave_1800",-1.03341413477753
"Wave_1801",-0.589720186180352
"Wave_1802",-0.409804353445912
"Wave_1803",-0.229887849367753
"Wave_1804",-0.253133795214442
"Wave_1805",-0.397933687685328
"Wave_1806",-0.461126235558283
"Wave_1807",-0.524318578396372
"Wave_1808",-0.150184099236664
"Wave_1809",0.168257524061888
"Wave_1810",0.480510196025439
"Wave_1811",0.661434287918934
"Wave_1812",0.715636285767037
"Wave_1813",0.875246728028123
"Wave_1814",1.03485699227888
"Wave_1815",0.987372190710251
"Wave_1816",1.12938116778152
"Wave_1817",1.32451739811008
"Wave_1818",1.39817030432385
"Wave_1819",1.30171985912031
"Wave_1820",1.23355774808871
"Wave_1821",1.16539631915671
"Wave_1822",1.21898689619803
"Wave_1823",1.33219673811419
"Wave_1824",1.45692940601248
"Wave_1825",1.51972045282593
"Wave_1826",1.57912296153257
"Wave_1827",1.99662028656943
"Wave_1828",2.41411798939591
"Wave_1829",2.30217450733097
"Wave_1830",2.65889814452459
"Wave_1831",3.24168914132021
"Wave_1832",3.67815206551915
"Wave_1833",3.90785250735026
"Wave_1834",4.18847778654883
"Wave_1835",4.46910345902201
"Wave_1836",4.06291766176478
"Wave_1837",4.07437531284728
"Wave_1838",4.4151364917793
"Wave_1839",4.58600715677019
"Wave_1840",4.56603325058184
"Wave_1841",5.1219606961152
"Wave_1842",5.67788821104789
"Wave_1843",4.89344439314932
"Wave_1844",4.62491961093206
"Wave_1845",4.79962766698783
"Wave_1846",4.82074101977327
"Wave_1847",4.6958900906642
"Wave_1848",5.33088940688264
"Wave_1849",5.96588921232827
"Wave_1850",5.13553736432989
"Wave_1851",4.85515261606867
"Wave_1852",5.28755243761075
"Wave_1853",4.98313956529197
"Wave_1854",3.57350941382384
"Wave_1855",3.62889467548838
"Wave_1856",3.68428028171885
"Wave_1857",3.03113405841782
"Wave_1858",2.92100458255195
"Wave_1859",3.35389156237022
"Wave_1860",2.88939423594447
"Wave_1861",1.52751327756801
"Wave_1862",1.31662670308939
"Wave_1863",1.10574049286366
"Wave_1864",-0.889862444115916
"Wave_1865",-2.13415653660025
"Wave_1866",-2.25148361961029
"Wave_1867",-3.21019942029815
"Wave_1868",-5.0103018001532
"Wave_1869",-6.03620285365996
"Wave_1870",-6.9925255766018
"Wave_1871",-8.09684836991935
"Wave_1872",-9.08744096422167
"Wave_1873",-9.90743842234705
"Wave_1874",-10.3781701042538
"Wave_1875",-10.6160570287325
"Wave_1876",-11.4806809699185
"Wave_1877",-12.2726737955196
"Wave_1878",-11.7842368622178
"Wave_1879",-11.8646530723889
"Wave_1880",-12.7983505839915
"Wave_1881",-13.0376119645493
"Wave_1882",-12.8139152173374
"Wave_1883",-14.0868103125903
"Wave_1884",-15.0321573199296
"Wave_1885",-14.0021599234959
"Wave_1886",-13.7584791611003
"Wave_1887",-14.6942734844421
"Wave_1888",-13.9009981302232
"Wave_1889",-12.3666930364478
"Wave_1890",-12.7011288726608
"Wave_1891",-12.8617715140642
"Wave_1892",-11.4966923398909
"Wave_1893",-10.8782839554182
"Wave_1894",-11.379881764934
"Wave_1895",-10.5037311029155
"Wave_1896",-9.28314332199921
"Wave_1897",-9.51419261877996
"Wave_1898",-10.0532588510947
"Wave_1899",-10.9346811698003
"Wave_1900",-10.2261794056065
"Wave_1901",-7.39237109607774
"Wave_1902",-6.89477787553778
"Wave_1903",-6.81015007664603
"Wave_1904",-6.98483889531752
"Wave_1905",-6.10312397419263
"Wave_1906",-6.1741415326896
"Wave_1907",-5.63869515102875
"Wave_1908",-4.79284400637191
"Wave_1909",-4.64500198692458
"Wave_1910",-4.24824945256857
"Wave_1911",-3.97033382580884
"Wave_1912",-3.92120454151882
"Wave_1913",-3.502233455985
"Wave_1914",-3.44130738921929
"Wave_1915",-3.4430256198103
"Wave_1916",-3.36929283247224
"Wave_1917",-3.50641335722728
"Wave_1918",-3.23153525854707
"Wave_1919",-3.00428398419004
"Wave_1920",-2.92688795251033
"Wave_1921",-2.78851530965306
"Wave_1922",-2.7516076321069
"Wave_1923",-2.48807567402393
"Wave_1924",-2.0839340530539
"Wave_1925",-1.76828876475655
"Wave_1926",-1.55677513550948
"Wave_1927",-1.34571826514197
"Wave_1928",-1.20783289073773
"Wave_1929",-1.17696418306498
"Wave_1930",-1.28372059098159
"Wave_1931",-1.28048400896775
"Wave_1932",-1.171125409158
"Wave_1933",-1.16392904555548
"Wave_1934",-1.00252521978328
"Wave_1935",-0.835133443048268
"Wave_1936",-0.667686156191832
"Wave_1937",-0.536083522794378
"Wave_1938",-0.461296852426562
"Wave_1939",-0.457094904824794
"Wave_1940",-0.45633513982307
"Wave_1941",-0.537489364136039
"Wave_1942",-0.62235723432092
"Wave_1943",-0.726331187512288
"Wave_1944",-0.81631129759424
"Wave_1945",-0.77066385259096
"Wave_1946",-0.689015283001374
"Wave_1947",-0.646940983231869
"Wave_1948",-0.623760617477736
"Wave_1949",-0.717494147052161
"Wave_1950",-0.600093143056767
"Wave_1951",-0.498571737199092
"Wave_1952",-0.459601824164897
"Wave_1953",-0.419665304525594
"Wave_1954",-0.333995908537225
"Wave_1955",-0.305891858540574
"Wave_1956",-0.287571661945739
"Wave_1957",-0.312214733875448
"Wave_1958",-0.263643056089249
"Wave_1959",-0.290067311726469
"Wave_1960",-0.260836226761963
"Wave_1961",-0.0778410990291103
"Wave_1962",0.165745032138476
"Wave_1963",0.139138060380222
"Wave_1964",0.112531106691229
"Wave_1965",0.0832732069919317
"Wave_1966",0.186226333789619
"Wave_1967",0.265963775629813
"Wave_1968",0.397142104419046
"Wave_1969",0.565290970255196
"Wave_1970",0.686464930049598
"Wave_1971",0.967205552450124
"Wave_1972",1.25468900909228
"Wave_1973",1.52660551349329
"Wave_1974",1.68414341860479
"Wave_1975",1.81502761018858
"Wave_1976",1.87584765763104
"Wave_1977",1.92581523713341
"Wave_1978",1.93627793126397
"Wave_1979",2.09865467358562
"Wave_1980",2.24571724099681
"Wave_1981",2.3398154893074
"Wave_1982",2.43944198041736
"Wave_1983",2.54770800192602
"Wave_1984",2.73183081065554
"Wave_1985",2.91595356722413
"Wave_1986",3.16292253833803
"Wave_1987",3.56075560154709
"Wave_1988",3.88302672459818
"Wave_1989",4.10936020070389
"Wave_1990",4.37013956346572
"Wave_1991",4.69644160564138
"Wave_1992",4.86911750758566
"Wave_1993",5.03304703733442
"Wave_1994",5.16857963665513
"Wave_1995",5.35443245326513
"Wave_1996",5.55391607295872
"Wave_1997",5.90411060109298
"Wave_1998",6.26953608887425
"Wave_1999",6.51147141253915
"Wave_2000",6.81465877772685
"Wave_2001",7.16192383866625
"Wave_2002",7.32423592367421
"Wave_2003",7.36320478924357
"Wave_2004",7.3927588056215
"Wave_2005",7.77890746988461
"Wave_2006",8.17467745890182
"Wave_2007",8.54915421747024
"Wave_2008",8.81574582287522
"Wave_2009",9.00118939652187
"Wave_2010",9.14378667494248
"Wave_2011",9.29063972866974
"Wave_2012",9.56438877002682
"Wave_2013",10.0481970251217
"Wave_2014",10.5954755258634
"Wave_2015",10.8290504515186
"Wave_2016",10.9471753270324
"Wave_2017",10.9892977435493
"Wave_2018",11.4392318122359
"Wave_2019",11.9040049018785
"Wave_2020",12.2702922715268
"Wave_2021",12.4818886191637
"Wave_2022",12.701754726017
"Wave_2023",13.0087424047417
"Wave_2024",13.3157300043378
"Wave_2025",13.3186758976413
"Wave_2026",13.3288820807315
"Wave_2027",13.3922578745502
"Wave_2028",13.6531277141412
"Wave_2029",13.9323557549132
"Wave_2030",14.2087339911244
"Wave_2031",14.3788552687669
"Wave_2032",14.5266548413299
"Wave_2033",14.6119780238014
"Wave_2034",14.708791553308
"Wave_2035",14.7922957246853
"Wave_2036",14.796656452909
"Wave_2037",14.8010171277418
"Wave_2038",14.7091606084135
"Wave_2039",14.6286667690908
"Wave_2040",14.7407639846233
"Wave_2041",15.1255532516378
"Wave_2042",15.5103423252559
"Wave_2043",15.561970778193
"Wave_2044",15.5814525856155
"Wave_2045",15.6118108539565
"Wave_2046",15.328461746232
"Wave_2047",15.0074364553981
"Wave_2048",15.0055355180243
"Wave_2049",15.253519125533
"Wave_2050",15.4697933661147
"Wave_2051",15.4690351802647
"Wave_2052",15.4296224586111
"Wave_2053",15.2908069527255
"Wave_2054",14.8332755522199
"Wave_2055",14.4010477425219
"Wave_2056",14.0541586386331
"Wave_2057",13.6123384921013
"Wave_2058",13.0497100485987
"Wave_2059",12.562424629399
"Wave_2060",12.0751387776144
"Wave_2061",11.6618966778168
"Wave_2062",11.31625592011
"Wave_2063",10.9273320621747
"Wave_2064",9.79062083813301
"Wave_2065",8.65390932972032
"Wave_2066",7.89855693410751
"Wave_2067",7.28078582812216
"Wave_2068",6.51894491367388
"Wave_2069",5.60993675829886
"Wave_2070",4.72192803484636
"Wave_2071",3.91728371111128
"Wave_2072",2.99327778775126
"Wave_2073",2.01731388517942
"Wave_2074",0.810602252965492
"Wave_2075",-0.401839154749293
"Wave_2076",-1.39541862087739
"Wave_2077",-1.89739249844221
"Wave_2078",-2.39404539195744
"Wave_2079",-3.2641271472958
"Wave_2080",-4.23954042068319
"Wave_2081",-4.99125661021649
"Wave_2082",-5.67257935259315
"Wave_2083",-6.4337502101247
"Wave_2084",-7.58148373191078
"Wave_2085",-8.58690300137415
"Wave_2086",-9.25667830480381
"Wave_2087",-9.74496661383228
"Wave_2088",-10.2332553040238
"Wave_2089",-11.3218025675019
"Wave_2090",-12.1716649930715
"Wave_2091",-12.7091607330385
"Wave_2092",-13.3208610644377
"Wave_2093",-13.9325608579552
"Wave_2094",-14.5959481408822
"Wave_2095",-15.2367162068413
"Wave_2096",-15.7918836388797
"Wave_2097",-16.1370455966052
"Wave_2098",-16.4822072981495
"Wave_2099",-17.2584473367436
"Wave_2100",-17.9962126964109
"Wave_2101",-18.6516659967707
"Wave_2102",-18.9615472382644
"Wave_2103",-19.2714286867482
"Wave_2104",-19.5854516637317
"Wave_2105",-19.8912681678668
"Wave_2106",-19.9315565966228
"Wave_2107",-20.0440885423854
"Wave_2108",-20.1566211903274
"Wave_2109",-21.0289877350299
"Wave_2110",-21.5407651951245
"Wave_2111",-21.7728340853142
"Wave_2112",-21.581829361245
"Wave_2113",-21.3908242726974
"Wave_2114",-21.44955348061
"Wave_2115",-21.7579410842357
"Wave_2116",-22.3267889906901
"Wave_2117",-22.6183989722007
"Wave_2118",-22.9100082900669
"Wave_2119",-22.6954655175354
"Wave_2120",-22.6708774441457
"Wave_2121",-22.6105923789076
"Wave_2122",-22.5820086469928
"Wave_2123",-22.5534250465647
"Wave_2124",-22.5380895585959
"Wave_2125",-22.3290893432557
"Wave_2126",-21.9878107670119
"Wave_2127",-21.7371269718712
"Wave_2128",-21.4864430600861
"Wave_2129",-21.0185629398068
"Wave_2130",-20.4971382156867
"Wave_2131",-20.1265401262827
"Wave_2132",-19.6806912605961
"Wave_2133",-19.2348428516671
"Wave_2134",-18.5084340590168
"Wave_2135",-17.8422449042437
"Wave_2136",-17.1589872830675
"Wave_2137",-16.3117302681046
"Wave_2138",-15.4644739454048
"Wave_2139",-14.5906481437711
"Wave_2140",-13.6812211891567
"Wave_2141",-12.6657361637976
"Wave_2142",-11.6977283470435
"Wave_2143",-10.7297198535237
"Wave_2144",-9.87151174135536
"Wave_2145",-8.75091580804354
"Wave_2146",-7.63370878026044
"Wave_2147",-6.51086809864516
"Wave_2148",-5.38802757756354
"Wave_2149",-4.04495539688891
"Wave_2150",-2.95853698534444
"Wave_2151",-1.94178931613366
"Wave_2152",-0.894220516189598
"Wave_2153",0.114133255567461
"Wave_2154",1.40559067821473
"Wave_2155",2.85605732097738
"Wave_2156",4.06565533274666
"Wave_2157",5.05933135546702
"Wave_2158",6.13162096246048
"Wave_2159",7.15066907065027
"Wave_2160",8.08518789644262
"Wave_2161",9.12162844694101
"Wave_2162",10.1877222341934
"Wave_2163",11.0642412467008
"Wave_2164",12.3599911530947
"Wave_2165",13.6557412134445
"Wave_2166",14.9155418226759
"Wave_2167",15.7956009472768
"Wave_2168",16.6740445318202
"Wave_2169",17.3131509507598
"Wave_2170",17.95225688856
"Wave_2171",18.3103040691863
"Wave_2172",18.4281529130779
"Wave_2173",18.4618728093577
"Wave_2174",19.1102433739449
"Wave_2175",19.7586133954395
"Wave_2176",20.8694992587433
"Wave_2177",21.7857908844573
"Wave_2178",22.5326650519058
"Wave_2179",22.9982820044866
"Wave_2180",23.4638983280784
"Wave_2181",24.2012095410456
"Wave_2182",25.053031230352
"Wave_2183",25.7305084767275
"Wave_2184",25.7068610579096
"Wave_2185",25.59347600582
"Wave_2186",25.8338176411133
"Wave_2187",26.0741582815416
"Wave_2188",26.2189723711495
"Wave_2189",26.2152160544661
"Wave_2190",26.2327983041366
"Wave_2191",26.7295648095685
"Wave_2192",27.22633178746
"Wave_2193",27.6099475246279
"Wave_2194",27.9421040973659
"Wave_2195",28.2631648433151
"Wave_2196",28.5623307622085
"Wave_2197",28.8614971111566
"Wave_2198",28.9140529224541
"Wave_2199",28.7613742051071
"Wave_2200",28.3073484456903
"Wave_2201",27.7985012101903
"Wave_2202",27.3204636362575
"Wave_2203",27.4821992541911
"Wave_2204",27.6439338428013
"Wave_2205",27.9083396206331
"Wave_2206",28.2650922677457
"Wave_2207",28.626862552325
"Wave_2208",28.6911507374248
"Wave_2209",28.7554385907439
"Wave_2210",28.6654498758908
"Wave_2211",28.5206875235748
"Wave_2212",28.2359053495552
"Wave_2213",28.1816068097421
"Wave_2214",28.1405974595627
"Wave_2215",28.2039079192184
"Wave_2216",28.2655205796472
"Wave_2217",28.1229770326709
"Wave_2218",27.6955893053491
"Wave_2219",27.2887709869808
"Wave_2220",26.9393486058426
"Wave_2221",26.5899256032081
"Wave_2222",26.2846690202381
"Wave_2223",25.9820712281573
"Wave_2224",25.6770221180794
"Wave_2225",25.4920632825016
"Wave_2226",25.3071039081764
"Wave_2227",25.2692670363381
"Wave_2228",25.2206771620342
"Wave_2229",25.042861317039
"Wave_2230",24.6493357788768
"Wave_2231",24.2495343515975
"Wave_2232",23.8507739458131
"Wave_2233",23.4520138230965
"Wave_2234",23.1511995617112
"Wave_2235",22.8748709867955
"Wave_2236",22.492930464283
"Wave_2237",21.9525738847352
"Wave_2238",21.4886954660898
"Wave_2239",20.6887431869721
"Wave_2240",19.8887914158779
"Wave_2241",19.2655167783489
"Wave_2242",18.7763619794447
"Wave_2243",18.3337034050047
"Wave_2244",18.0583183079837
"Wave_2245",17.782933857333
"Wave_2246",17.7023264147656
"Wave_2247",17.6031094491593
"Wave_2248",17.3597349358005
"Wave_2249",16.9045795527325
"Wave_2250",16.4076458149911
"Wave_2251",15.5347034915057
"Wave_2252",14.6617606240808
"Wave_2253",13.9459751459906
"Wave_2254",13.3035457679699
"Wave_2255",12.7607997513211
"Wave_2256",12.0758675149874
"Wave_2257",11.3909357094467
"Wave_2258",10.2416541358718
"Wave_2259",9.09237242381268
"Wave_2260",8.39765740546106
"Wave_2261",8.00598677683842
"Wave_2262",7.39194234883794
"Wave_2263",5.97529016952018
"Wave_2264",4.55863869447603
"Wave_2265",3.0840446156654
"Wave_2266",1.60301243845611
"Wave_2267",0.0748992018491038
"Wave_2268",-1.52037977358777
"Wave_2269",-3.07228709613749
"Wave_2270",-4.45070828761946
"Wave_2271",-5.82912941083736
"Wave_2272",-7.03970753291956
"Wave_2273",-8.20832522105428
"Wave_2274",-9.47969275871625
"Wave_2275",-10.8538102078104
"Wave_2276",-12.1792908442233
"Wave_2277",-13.0670317213596
"Wave_2278",-13.954772730585
"Wave_2279",-14.6312082174755
"Wave_2280",-15.254817188484
"Wave_2281",-15.8235800606675
"Wave_2282",-16.3100723603644
"Wave_2283",-16.7661422060116
"Wave_2284",-16.9484122387152
"Wave_2285",-17.1306811518346
"Wave_2286",-16.5203471915256
"Wave_2287",-15.638886150385
"Wave_2288",-14.9017119285566
"Wave_2289",-14.3809692965004
"Wave_2290",-13.8913515441352
"Wave_2291",-13.6818624859544
"Wave_2292",-13.4723731433137
"Wave_2293",-13.3956116776035
"Wave_2294",-13.3757323890298
"Wave_2295",-13.3395134087315
"Wave_2296",-13.2787857894527
"Wave_2297",-13.1936724344041
"Wave_2298",-12.8890987748499
"Wave_2299",-12.5845249539274
"Wave_2300",-13.1004763406464
"Wave_2301",-13.9680805912527
"Wave_2302",-14.7144724195933
"Wave_2303",-15.2790455294672
"Wave_2304",-15.8535435389355
"Wave_2305",-16.5173772645893
"Wave_2306",-17.1812105621785
"Wave_2307",-17.8033531723826
"Wave_2308",-18.4150734152611
"Wave_2309",-18.9323974388705
"Wave_2310",-19.3081275923488
"Wave_2311",-19.7338968044566
"Wave_2312",-20.6100156603113
"Wave_2313",-21.4861349287658
"Wave_2314",-21.7645815660817
"Wave_2315",-21.8936104633927
"Wave_2316",-21.559326961647
"Wave_2317",-20.7617318435804
"Wave_2318",-20.0247962688434
"Wave_2319",-19.5305023667117
"Wave_2320",-19.0362073421522
"Wave_2321",-18.2676706898257
"Wave_2322",-17.4686620409123
"Wave_2323",-16.9955392365599
"Wave_2324",-16.7396727571115
"Wave_2325",-16.4726942427249
"Wave_2326",-16.1797880768404
"Wave_2327",-15.8868810887519
"Wave_2328",-15.2612543675825
"Wave_2329",-14.6356267741541
"Wave_2330",-14.0325204180684
"Wave_2331",-13.4390654536673
"Wave_2332",-12.7072639888741
"Wave_2333",-11.7679425171577
"Wave_2334",-10.8504025752986
"Wave_2335",-10.128899010276
"Wave_2336",-9.40739534591655
"Wave_2337",-8.68959738727547
"Wave_2338",-7.9727260845892
"Wave_2339",-7.23913304660337
"Wave_2340",-6.48881746415216
"Wave_2341",-5.86116313352574
"Wave_2342",-5.72414899719078
"Wave_2343",-5.58713522601523
"Wave_2344",-5.36164535761705
"Wave_2345",-5.12632423624923
"Wave_2346",-5.14086806646984
"Wave_2347",-5.27833474039812
"Wave_2348",-5.15772665206947
"Wave_2349",-4.72788235985336
"Wave_2350",-4.32884205658522
"Wave_2351",-4.20704032466995
"Wave_2352",-4.08523903237669
"Wave_2353",-4.00378229820615
"Wave_2354",-3.9324121855721
"Wave_2355",-4.02859451339451
"Wave_2356",-4.30592984246118
"Wave_2357",-4.38872512221703
"Wave_2358",-3.95409900523005
"Wave_2359",-3.51947286489644
"Wave_2360",-2.53475698789367
"Wave_2361",-1.55004072036076
"Wave_2362",-0.749802200384921
"Wave_2363",-0.0259593405352343
"Wave_2364",0.0344256165154605
"Wave_2365",-0.452686901355184
"Wave_2366",-0.869599364650355
"Wave_2367",-1.00571335778396
"Wave_2368",-1.14182687392814
"Wave_2369",-1.58444504044477
"Wave_2370",-2.01195835891089
"Wave_2371",-2.55656474191619
"Wave_2372",-3.15135357980053
"Wave_2373",-3.76524363768583
"Wave_2374",-4.40778557554195
"Wave_2375",-5.19049000640053
"Wave_2376",-5.34384838975167
"Wave_2377",-5.49720686081936
"Wave_2378",-5.43208580867218
"Wave_2379",-5.34268943957188
"Wave_2380",-5.19988536361086
"Wave_2381",-4.89412263224478
"Wave_2382",-4.53686490069502
"Wave_2383",-4.10236335974525
"Wave_2384",-3.73838481685165
"Wave_2385",-3.65649620989408
"Wave_2386",-3.57460787415907
"Wave_2387",-3.98766760968354
"Wave_2388",-4.40114287090215
"Wave_2389",-4.61677016578257
"Wave_2390",-4.74760567544516
"Wave_2391",-4.55137170934682
"Wave_2392",-4.14934511459837
"Wave_2393",-3.98274892746959
"Wave_2394",-3.95891383619533
"Wave_2395",-3.93507851968304
"Wave_2396",-3.90516114819985
"Wave_2397",-3.87524359797975
"Wave_2398",-4.0372461183597
"Wave_2399",-4.32555071856771
"Wave_2400",-4.10633619414881
