"","all_sug_m2.14.comps"
"(Intercept)",5.8025614222117
"Wave_500",2.09437219630064
"Wave_501",2.30082825596231
"Wave_502",2.22714747065896
"Wave_503",1.88199942018411
"Wave_504",1.37261206018874
"Wave_505",1.45935811472811
"Wave_506",1.18797143475674
"Wave_507",1.06929307745301
"Wave_508",0.640067890489069
"Wave_509",0.199764914286608
"Wave_510",0.653312549436896
"Wave_511",0.390083770802228
"Wave_512",-0.453811236972373
"Wave_513",-1.08998643558107
"Wave_514",-1.18615058545394
"Wave_515",-0.827595879923253
"Wave_516",-1.16041352107813
"Wave_517",-1.25978990239174
"Wave_518",-1.26603478430505
"Wave_519",-1.11593808992358
"Wave_520",-1.29340395529607
"Wave_521",-1.25895581974158
"Wave_522",-0.81297476585303
"Wave_523",0.0308335046247612
"Wave_524",-0.0414957343748128
"Wave_525",0.153956123251913
"Wave_526",0.112598833755683
"Wave_527",0.105516736400606
"Wave_528",0.599951411788795
"Wave_529",0.777291221410108
"Wave_530",1.10995277482361
"Wave_531",1.07659750504894
"Wave_532",1.06270065270958
"Wave_533",1.47035681227846
"Wave_534",1.33760576855334
"Wave_535",1.34825576513608
"Wave_536",1.43072677692477
"Wave_537",1.33365815892873
"Wave_538",1.2153937311175
"Wave_539",1.26601991186925
"Wave_540",1.00514256572548
"Wave_541",0.892254405209658
"Wave_542",0.749252312183009
"Wave_543",0.795846280457823
"Wave_544",0.803772749040034
"Wave_545",0.806021757468818
"Wave_546",0.636305500062254
"Wave_547",0.559026316525203
"Wave_548",-0.0891778680913106
"Wave_549",-0.565928772930728
"Wave_550",-0.398719032894061
"Wave_551",-0.295258464428347
"Wave_552",0.532197277406489
"Wave_553",1.60191482574308
"Wave_554",1.40872059193857
"Wave_555",1.16073645716269
"Wave_556",1.17894724196946
"Wave_557",1.27031665875532
"Wave_558",1.16122581677906
"Wave_559",1.02952971496052
"Wave_560",1.0477196828974
"Wave_561",0.702873146602777
"Wave_562",0.731161516489296
"Wave_563",0.0281754216475052
"Wave_564",-0.964409508089949
"Wave_565",-1.24905004837373
"Wave_566",-1.70179164269013
"Wave_567",-1.91555443260737
"Wave_568",-2.27787045487657
"Wave_569",-2.59263352770063
"Wave_570",-3.1905343248755
"Wave_571",-3.47433679957702
"Wave_572",-3.48940841880006
"Wave_573",-3.40638784238393
"Wave_574",-3.44630927116263
"Wave_575",-3.29797508529715
"Wave_576",-3.60042477805135
"Wave_577",-3.72845767055935
"Wave_578",-3.36163508021454
"Wave_579",-3.29244500766283
"Wave_580",-3.07767812734724
"Wave_581",-2.8416364819877
"Wave_582",-2.79525645702753
"Wave_583",-2.91517526145389
"Wave_584",-2.90846213067178
"Wave_585",-2.47869293040782
"Wave_586",-2.31921310552369
"Wave_587",-2.5802188223055
"Wave_588",-2.71465923011175
"Wave_589",-2.49660921720455
"Wave_590",-1.89422489463704
"Wave_591",-1.57381879464821
"Wave_592",-1.52994475046724
"Wave_593",-1.21459858729005
"Wave_594",-1.20601171596759
"Wave_595",-1.17213621226521
"Wave_596",-0.868512377428324
"Wave_597",-0.785306553992989
"Wave_598",-0.858972380286494
"Wave_599",-0.695379957523618
"Wave_600",-0.353107015830429
"Wave_601",-0.0964360919188357
"Wave_602",0.0525379674879102
"Wave_603",-0.382148825269225
"Wave_604",-0.372901763398481
"Wave_605",-0.307847954750853
"Wave_606",-0.153185710976606
"Wave_607",0.0136399494453482
"Wave_608",0.221389873791416
"Wave_609",0.175442866735689
"Wave_610",-0.0841835170479907
"Wave_611",-0.146012424694976
"Wave_612",0.0284255097112043
"Wave_613",0.158331352692185
"Wave_614",0.26501938585169
"Wave_615",0.424745613952633
"Wave_616",0.459720716292581
"Wave_617",0.467450653723339
"Wave_618",0.45574153144983
"Wave_619",0.481308514741937
"Wave_620",0.460210612122655
"Wave_621",0.636742999979908
"Wave_622",1.18291896730005
"Wave_623",1.21420146312025
"Wave_624",1.02726234626703
"Wave_625",1.0055140450436
"Wave_626",0.983016259193335
"Wave_627",0.952605221331171
"Wave_628",1.10762087118202
"Wave_629",1.22154624028112
"Wave_630",1.24703290929213
"Wave_631",1.39217595879431
"Wave_632",1.57560683320011
"Wave_633",1.45202761238253
"Wave_634",1.31542441781858
"Wave_635",1.53646536111755
"Wave_636",1.91035246389592
"Wave_637",2.14046061910552
"Wave_638",2.40109256580046
"Wave_639",2.61631322633717
"Wave_640",2.77620153317246
"Wave_641",2.80564856590503
"Wave_642",3.08923351879551
"Wave_643",3.46117850044721
"Wave_644",3.78563544448425
"Wave_645",4.06787305526466
"Wave_646",4.18678128958309
"Wave_647",4.14326342977007
"Wave_648",4.26789588800279
"Wave_649",4.39980174008932
"Wave_650",4.54162637765203
"Wave_651",4.41374511891667
"Wave_652",4.44608652128881
"Wave_653",4.23264546689362
"Wave_654",4.16293603904906
"Wave_655",4.14318121187485
"Wave_656",3.93375825169482
"Wave_657",3.81297557013827
"Wave_658",3.65509146363881
"Wave_659",3.52253960200712
"Wave_660",3.202831404957
"Wave_661",3.1090860633508
"Wave_662",3.02270462567398
"Wave_663",2.94335046498818
"Wave_664",2.65784025463328
"Wave_665",2.26993664070312
"Wave_666",1.92639376865525
"Wave_667",1.42780493983948
"Wave_668",1.17425426326359
"Wave_669",0.890920383442151
"Wave_670",0.582424443857512
"Wave_671",0.162077638638725
"Wave_672",-0.202005014911856
"Wave_673",-0.369126465052222
"Wave_674",-0.642618550736027
"Wave_675",-1.47805288489334
"Wave_676",-1.87005139954895
"Wave_677",-2.39275913490444
"Wave_678",-3.12256750975374
"Wave_679",-3.23865258378719
"Wave_680",-3.41352538818509
"Wave_681",-3.45270456046438
"Wave_682",-3.3521064638698
"Wave_683",-3.19751542723706
"Wave_684",-3.01523703701535
"Wave_685",-2.92419577556392
"Wave_686",-2.74282400469741
"Wave_687",-2.40230565444493
"Wave_688",-1.90758610235648
"Wave_689",-1.39449237733849
"Wave_690",-1.31997132632121
"Wave_691",-1.75950683774718
"Wave_692",-1.90106686997123
"Wave_693",-2.16902794070068
"Wave_694",-2.61343780786551
"Wave_695",-2.73024422761324
"Wave_696",-3.24220880055313
"Wave_697",-3.59156811691795
"Wave_698",-3.43067964989876
"Wave_699",-3.40555514017718
"Wave_700",-3.45848874099457
"Wave_701",-2.90931509260649
"Wave_702",-2.61369132959832
"Wave_703",-1.82493505240784
"Wave_704",-1.29789789451804
"Wave_705",-0.451206092802453
"Wave_706",0.342463203474709
"Wave_707",1.07665043927122
"Wave_708",1.54231272782509
"Wave_709",2.24603678471665
"Wave_710",3.07265412172177
"Wave_711",3.48818795556444
"Wave_712",3.58121580158542
"Wave_713",3.7436508782613
"Wave_714",4.41465121668701
"Wave_715",4.35402189307154
"Wave_716",4.4068822272589
"Wave_717",4.19729495292945
"Wave_718",3.45559701723049
"Wave_719",2.80067243741566
"Wave_720",2.43986968816425
"Wave_721",2.11270611331993
"Wave_722",1.70480439129311
"Wave_723",1.61335911637345
"Wave_724",1.36317750989083
"Wave_725",0.806972782713878
"Wave_726",0.500935940412764
"Wave_727",0.0387379248583879
"Wave_728",-0.204684625137753
"Wave_729",-0.678860053380601
"Wave_730",-1.27237113877944
"Wave_731",-1.84457301035733
"Wave_732",-2.47338645942743
"Wave_733",-3.0878630299857
"Wave_734",-3.00414812901686
"Wave_735",-3.32467074850403
"Wave_736",-3.14574803002896
"Wave_737",-3.25921517039971
"Wave_738",-4.07558366019455
"Wave_739",-4.22674648173108
"Wave_740",-3.45892631679859
"Wave_741",-3.29460196770853
"Wave_742",-3.15674892370426
"Wave_743",-3.49249694257837
"Wave_744",-2.67931232894864
"Wave_745",-2.21642993395379
"Wave_746",-2.0030410003438
"Wave_747",-2.18089157200686
"Wave_748",-1.46382781698402
"Wave_749",-0.821392412688445
"Wave_750",-0.573247929546923
"Wave_751",-0.9270533665119
"Wave_752",-1.3073157289504
"Wave_753",-1.41256834868384
"Wave_754",-1.1052582633339
"Wave_755",-0.759883072793412
"Wave_756",-0.997872227897661
"Wave_757",-1.15578030671366
"Wave_758",-1.0387375970813
"Wave_759",-1.08373058054792
"Wave_760",-1.06004713014209
"Wave_761",-0.87339598154064
"Wave_762",-0.55025415544709
"Wave_763",0.098432470667324
"Wave_764",0.341892158834724
"Wave_765",0.497521592996424
"Wave_766",0.472986635106864
"Wave_767",0.587498566143983
"Wave_768",0.623427959776857
"Wave_769",0.456752904280769
"Wave_770",0.702397437533164
"Wave_771",1.01735092377117
"Wave_772",1.21313479754168
"Wave_773",1.0291284454336
"Wave_774",1.05260233048644
"Wave_775",1.36748873559416
"Wave_776",1.5480378572546
"Wave_777",1.75250077060581
"Wave_778",1.39412538681226
"Wave_779",0.99540732525503
"Wave_780",1.30544908211937
"Wave_781",1.93724929772478
"Wave_782",1.74162878749708
"Wave_783",1.78028304574771
"Wave_784",2.11748238891942
"Wave_785",1.67336520241813
"Wave_786",1.57276246459742
"Wave_787",2.08450398335721
"Wave_788",2.35570753229969
"Wave_789",2.16227963428984
"Wave_790",1.99911451922652
"Wave_791",1.97584976126337
"Wave_792",2.13806095936018
"Wave_793",2.42094145314038
"Wave_794",2.36926707806968
"Wave_795",2.17647133277683
"Wave_796",2.17407388669001
"Wave_797",2.27373837392635
"Wave_798",2.27910014889394
"Wave_799",2.0341007241193
"Wave_800",2.06254802717923
"Wave_801",2.55997687974496
"Wave_802",2.22077146538454
"Wave_803",2.1056476727326
"Wave_804",2.5380293495979
"Wave_805",2.35970521932414
"Wave_806",3.04369890026589
"Wave_807",3.00424346216408
"Wave_808",2.54315788575493
"Wave_809",2.09930858894822
"Wave_810",1.9008093367154
"Wave_811",2.1194156732574
"Wave_812",2.3203355771818
"Wave_813",2.79591943163559
"Wave_814",3.10800446484085
"Wave_815",2.32743055326701
"Wave_816",2.04981342864353
"Wave_817",1.95777917651156
"Wave_818",1.79640706392904
"Wave_819",1.60767834020488
"Wave_820",1.90250399064698
"Wave_821",1.19374097863673
"Wave_822",0.586338048143589
"Wave_823",0.939828365084803
"Wave_824",1.14592301150805
"Wave_825",1.51908523217447
"Wave_826",1.72595849613176
"Wave_827",0.718891899546501
"Wave_828",-0.079041009927092
"Wave_829",0.86057105438732
"Wave_830",1.27309146482171
"Wave_831",1.9087132800872
"Wave_832",1.65341374306592
"Wave_833",1.18388093882647
"Wave_834",0.308335312635732
"Wave_835",-0.197176071137459
"Wave_836",0.225482266904149
"Wave_837",0.628422616115508
"Wave_838",0.583862260681934
"Wave_839",0.267378212672945
"Wave_840",-0.0813730853454382
"Wave_841",-0.143217947492464
"Wave_842",-0.0679227684738512
"Wave_843",0.347804917523483
"Wave_844",0.677756932019173
"Wave_845",0.862402985438574
"Wave_846",-0.133033105306356
"Wave_847",0.012545794113562
"Wave_848",-0.756769059166254
"Wave_849",-1.034221471861
"Wave_850",-0.348458280730427
"Wave_851",-0.126078648166312
"Wave_852",0.19168415806388
"Wave_853",-0.387158294406855
"Wave_854",-0.410885752623165
"Wave_855",0.231073701971969
"Wave_856",-0.29866405600907
"Wave_857",0.0376725314484275
"Wave_858",-0.0757722743240669
"Wave_859",-0.336929762601437
"Wave_860",-0.430335156196367
"Wave_861",-0.820904828790931
"Wave_862",-0.365641490182982
"Wave_863",-0.382948254986159
"Wave_864",0.0672097528713606
"Wave_865",0.53233283455332
"Wave_866",0.0630000989931685
"Wave_867",-0.585649741482891
"Wave_868",-0.375252859960674
"Wave_869",-0.136821484350692
"Wave_870",0.900446588411399
"Wave_871",1.37438447183909
"Wave_872",0.643943343294694
"Wave_873",0.561932596758496
"Wave_874",-0.336915150395719
"Wave_875",-0.8903541113375
"Wave_876",-0.189026090783762
"Wave_877",-0.285498971583672
"Wave_878",-0.129260743000156
"Wave_879",-1.03930264668901
"Wave_880",-1.11910911431579
"Wave_881",-0.948239114021711
"Wave_882",-0.296368686661118
"Wave_883",0.924424115145059
"Wave_884",-0.382362338346103
"Wave_885",0.287345791376688
"Wave_886",0.130103810908116
"Wave_887",-0.110679391818748
"Wave_888",-0.783278011488984
"Wave_889",-1.14184777709021
"Wave_890",-1.53565496289662
"Wave_891",-0.963671262460552
"Wave_892",-0.9444551332287
"Wave_893",-0.851491308334332
"Wave_894",-0.513215272082256
"Wave_895",-1.29641283788361
"Wave_896",-0.767425276528469
"Wave_897",0.843084209887654
"Wave_898",0.739780396793842
"Wave_899",-0.209656511037827
"Wave_900",-0.934801699356374
"Wave_901",-0.626600158430034
"Wave_902",0.306027558262366
"Wave_903",0.501131190683219
"Wave_904",0.210069682063221
"Wave_905",-0.638595307532933
"Wave_906",-1.71578261536393
"Wave_907",-2.46311885590561
"Wave_908",-2.72217117154417
"Wave_909",-0.274094187895332
"Wave_910",-1.29657240128186
"Wave_911",-1.48018883520421
"Wave_912",-1.43783634252467
"Wave_913",-2.4100998479431
"Wave_914",-2.00274797315203
"Wave_915",-0.637382013673856
"Wave_916",0.993225888894292
"Wave_917",0.984904808599978
"Wave_918",-0.334114863496363
"Wave_919",-1.25203550225442
"Wave_920",-0.115679670847592
"Wave_921",-0.0653918748603629
"Wave_922",-0.907414763159797
"Wave_923",-0.701528063226015
"Wave_924",-1.09977206405085
"Wave_925",-0.844290969655436
"Wave_926",-0.191571765972317
"Wave_927",-0.781099019280286
"Wave_928",-1.10036558723293
"Wave_929",0.704468803488749
"Wave_930",1.18453870378328
"Wave_931",-0.264687663593891
"Wave_932",-0.970341295292572
"Wave_933",-0.121207087972797
"Wave_934",-1.40586051870685
"Wave_935",-1.71502764319329
"Wave_936",-1.24467131150549
"Wave_937",-1.15944771862797
"Wave_938",-0.750046305704912
"Wave_939",-0.463412250587762
"Wave_940",-0.554415138853909
"Wave_941",-0.556940245988219
"Wave_942",-0.629691435754985
"Wave_943",-0.86818319824813
"Wave_944",-1.68309036287256
"Wave_945",-1.39334577621794
"Wave_946",-0.93566470653035
"Wave_947",-1.0755475750104
"Wave_948",0.35594680003696
"Wave_949",-1.61913490223121
"Wave_950",-0.735721602316319
"Wave_951",-1.73879822820889
"Wave_952",-1.36297343265615
"Wave_953",-0.187532758503447
"Wave_954",-0.17147759187755
"Wave_955",-1.28129094987465
"Wave_956",-0.901767582623917
"Wave_957",-0.818364171701276
"Wave_958",1.19202463120237
"Wave_959",-0.867594470684929
"Wave_960",-2.75007877423554
"Wave_961",-1.93706946427019
"Wave_962",-1.38954979234187
"Wave_963",1.38905516944916
"Wave_964",-1.07119758367264
"Wave_965",-2.14746664626839
"Wave_966",-2.18994367332718
"Wave_967",-0.675402586680871
"Wave_968",-0.330775938468762
"Wave_969",-3.01554557180491
"Wave_970",-1.79335966331293
"Wave_971",-1.68345957843681
"Wave_972",-1.42678282447007
"Wave_973",-1.27536963390143
"Wave_974",-1.12395673589727
"Wave_975",-1.11500583424338
"Wave_976",-1.28563654377503
"Wave_977",-1.67221633693604
"Wave_978",-2.05879647794718
"Wave_979",-2.1431312581163
"Wave_980",-2.25231371597716
"Wave_981",-2.40044996953577
"Wave_982",-2.51327760932698
"Wave_983",-2.30832749928543
"Wave_984",-1.43701648073463
"Wave_985",-0.399115213780305
"Wave_986",0.501140592554037
"Wave_987",0.850815943219182
"Wave_988",0.649211830229454
"Wave_989",0.44760758327764
"Wave_990",0.485048077690866
"Wave_991",0.814833298266839
"Wave_992",0.879730104117679
"Wave_993",0.944627240629055
"Wave_994",1.11141112678125
"Wave_995",1.25754859838148
"Wave_996",1.19702002088724
"Wave_997",1.13649132199541
"Wave_998",0.466652354858662
"Wave_999",-0.08965498280769
"Wave_1000",-0.271297855778529
"Wave_1001",-0.45294071651146
"Wave_1002",0.312784322251403
"Wave_1003",0.729249257908088
"Wave_1004",0.950918502913712
"Wave_1005",1.12393368848741
"Wave_1006",0.859060024699756
"Wave_1007",0.544425712917929
"Wave_1008",0.22426270412952
"Wave_1009",-0.106101394389116
"Wave_1010",-0.448046426278635
"Wave_1011",-0.526977947748915
"Wave_1012",-0.605909956972771
"Wave_1013",-0.592058167708988
"Wave_1014",-0.436020674992876
"Wave_1015",-0.272957772673627
"Wave_1016",-0.1098946733247
"Wave_1017",-0.0467914598021584
"Wave_1018",0.0451654386177532
"Wave_1019",0.232615789664505
"Wave_1020",0.42006593758814
"Wave_1021",0.636865443316044
"Wave_1022",0.756868904838989
"Wave_1023",0.829997716470091
"Wave_1024",0.903126228097041
"Wave_1025",0.861417674500831
"Wave_1026",0.900533454586242
"Wave_1027",0.95004720582676
"Wave_1028",0.9872160774845
"Wave_1029",0.918028766809633
"Wave_1030",0.891576157611748
"Wave_1031",0.86512368919833
"Wave_1032",0.818650018709246
"Wave_1033",0.72558928930595
"Wave_1034",0.710691655215909
"Wave_1035",0.695793659271121
"Wave_1036",0.759751894783874
"Wave_1037",0.807875940200354
"Wave_1038",0.721881511699236
"Wave_1039",0.635887547539485
"Wave_1040",0.476310821278211
"Wave_1041",0.424121246811924
"Wave_1042",0.438977959212546
"Wave_1043",0.453834748558028
"Wave_1044",0.51197976466987
"Wave_1045",0.534335969081223
"Wave_1046",0.551513328467402
"Wave_1047",0.568690898090115
"Wave_1048",0.575475910981079
"Wave_1049",0.627085011726326
"Wave_1050",0.678693929317132
"Wave_1051",0.73053779351075
"Wave_1052",0.77067644083839
"Wave_1053",0.778570247710887
"Wave_1054",0.786463816209501
"Wave_1055",0.787085104676906
"Wave_1056",0.786227027269714
"Wave_1057",0.800859568231177
"Wave_1058",0.815491876240752
"Wave_1059",0.788363160323012
"Wave_1060",0.722595397370543
"Wave_1061",0.658166106227427
"Wave_1062",0.593736772194915
"Wave_1063",0.583514992150033
"Wave_1064",0.645405258159538
"Wave_1065",0.712726673618442
"Wave_1066",0.780048151558614
"Wave_1067",0.78498699689069
"Wave_1068",0.742469823966215
"Wave_1069",0.699952862011854
"Wave_1070",0.657435769041851
"Wave_1071",0.638337356100279
"Wave_1072",0.63179761744859
"Wave_1073",0.625258223262595
"Wave_1074",0.61241390186322
"Wave_1075",0.629694344986622
"Wave_1076",0.702318805716919
"Wave_1077",0.774943401282384
"Wave_1078",0.89127413839452
"Wave_1079",0.950417634055
"Wave_1080",0.956955679679662
"Wave_1081",0.963493563468115
"Wave_1082",0.932678601310648
"Wave_1083",0.971259289122694
"Wave_1084",1.02031746321624
"Wave_1085",1.06937549448669
"Wave_1086",1.02130530953333
"Wave_1087",1.0293658690945
"Wave_1088",1.03742649775629
"Wave_1089",1.04548703450657
"Wave_1090",1.085765287076
"Wave_1091",0.962624521402113
"Wave_1092",0.839483849676886
"Wave_1093",0.689115015212646
"Wave_1094",0.559752498404956
"Wave_1095",0.517002284401952
"Wave_1096",0.47425232338848
"Wave_1097",0.43248232326692
"Wave_1098",0.420128557272067
"Wave_1099",0.414557050402512
"Wave_1100",0.408985590091919
"Wave_1101",0.378149094871034
"Wave_1102",0.356973220908508
"Wave_1103",0.335797248548751
"Wave_1104",0.314621194747884
"Wave_1105",0.331485566452684
"Wave_1106",0.316973362818638
"Wave_1107",0.302461173021137
"Wave_1108",0.287948776776408
"Wave_1109",0.284592250745866
"Wave_1110",0.315222220165859
"Wave_1111",0.345852028109541
"Wave_1112",0.372763749309436
"Wave_1113",0.415487738814537
"Wave_1114",0.491060970203393
"Wave_1115",0.566634480806722
"Wave_1116",0.656450551439753
"Wave_1117",0.617952997658195
"Wave_1118",0.539068355334275
"Wave_1119",0.460183928677276
"Wave_1120",0.359369883314676
"Wave_1121",0.427176850072966
"Wave_1122",0.494984062370169
"Wave_1123",0.562791217530271
"Wave_1124",0.589740063596529
"Wave_1125",0.623859226251321
"Wave_1126",0.657978626393112
"Wave_1127",0.692097925607359
"Wave_1128",0.663672419438255
"Wave_1129",0.670110351571722
"Wave_1130",0.676548354686199
"Wave_1131",0.660090117089892
"Wave_1132",0.620419324997179
"Wave_1133",0.659114269983383
"Wave_1134",0.697808837713442
"Wave_1135",0.705887177745845
"Wave_1136",0.747188556707982
"Wave_1137",0.800119117190958
"Wave_1138",0.853049579860088
"Wave_1139",0.8253719602866
"Wave_1140",0.854635001999467
"Wave_1141",0.883898378044748
"Wave_1142",0.913161288753608
"Wave_1143",0.966759941023975
"Wave_1144",0.882804835579467
"Wave_1145",0.798850246766451
"Wave_1146",0.7148959848281
"Wave_1147",0.642490876367048
"Wave_1148",0.552061413818219
"Wave_1149",0.461631991864988
"Wave_1150",0.365062479788656
"Wave_1151",0.240857139406745
"Wave_1152",0.12355856604298
"Wave_1153",0.0062601111519259
"Wave_1154",0.0395779637791907
"Wave_1155",-0.152137615764268
"Wave_1156",-0.343853147118983
"Wave_1157",-0.535568724227419
"Wave_1158",-0.696382061955546
"Wave_1159",-0.757781579299771
"Wave_1160",-0.81918091079134
"Wave_1161",-0.880580440494418
"Wave_1162",-0.927341840275793
"Wave_1163",-1.01456238681254
"Wave_1164",-1.10178288651068
"Wave_1165",-1.18900372379198
"Wave_1166",-1.23558060583215
"Wave_1167",-1.28146054538965
"Wave_1168",-1.32734042342363
"Wave_1169",-1.37246680491028
"Wave_1170",-1.36615888138652
"Wave_1171",-1.35447093231057
"Wave_1172",-1.34278312971798
"Wave_1173",-1.32318346589991
"Wave_1174",-1.31788834688659
"Wave_1175",-1.31259338088228
"Wave_1176",-1.30729828249927
"Wave_1177",-1.30322663742254
"Wave_1178",-1.27776590033207
"Wave_1179",-1.25230494593901
"Wave_1180",-1.22684420029933
"Wave_1181",-1.19377447957006
"Wave_1182",-1.15980229042038
"Wave_1183",-1.12582977560487
"Wave_1184",-1.09185771560921
"Wave_1185",-1.12219783089407
"Wave_1186",-1.17323063042716
"Wave_1187",-1.22426361735163
"Wave_1188",-1.28943717393143
"Wave_1189",-1.29661874105057
"Wave_1190",-1.30379975687759
"Wave_1191",-1.31098121601151
"Wave_1192",-1.28160058127463
"Wave_1193",-1.36877649882194
"Wave_1194",-1.45595230452736
"Wave_1195",-1.54312787933422
"Wave_1196",-1.59680299149388
"Wave_1197",-1.58273735881472
"Wave_1198",-1.56867203462743
"Wave_1199",-1.55460634066624
"Wave_1200",-1.58641582191621
"Wave_1201",-1.63398831084387
"Wave_1202",-1.68156083294863
"Wave_1203",-1.71996587325559
"Wave_1204",-1.7072069415785
"Wave_1205",-1.69793113633926
"Wave_1206",-1.68865495176791
"Wave_1207",-1.65486914665635
"Wave_1208",-1.56886930866836
"Wave_1209",-1.48286990322885
"Wave_1210",-1.39687026047563
"Wave_1211",-1.34484045102309
"Wave_1212",-1.31050423997469
"Wave_1213",-1.2761678428819
"Wave_1214",-1.24183156260932
"Wave_1215",-1.20824612468898
"Wave_1216",-1.15737015546312
"Wave_1217",-1.10649386917455
"Wave_1218",-1.05561765671082
"Wave_1219",-1.04355174329039
"Wave_1220",-1.05320774797821
"Wave_1221",-1.0628635512464
"Wave_1222",-1.08721224613592
"Wave_1223",-1.12259353744281
"Wave_1224",-1.15797464919443
"Wave_1225",-1.19335561111336
"Wave_1226",-1.18554184638992
"Wave_1227",-1.09616162943412
"Wave_1228",-1.00678153515436
"Wave_1229",-0.917401401266897
"Wave_1230",-0.878231223689206
"Wave_1231",-0.862652576760171
"Wave_1232",-0.847073495074933
"Wave_1233",-0.831494703194813
"Wave_1234",-0.843823925757183
"Wave_1235",-0.859335292428176
"Wave_1236",-0.874846689646216
"Wave_1237",-0.875785613052575
"Wave_1238",-0.821105054752293
"Wave_1239",-0.766424413816412
"Wave_1240",-0.711743667953157
"Wave_1241",-0.688421508203283
"Wave_1242",-0.715606077684881
"Wave_1243",-0.742790465815951
"Wave_1244",-0.769974989429668
"Wave_1245",-0.804114163284607
"Wave_1246",-0.851052408016391
"Wave_1247",-0.897990293325202
"Wave_1248",-0.944928224369253
"Wave_1249",-0.921638693451884
"Wave_1250",-0.878666031273544
"Wave_1251",-0.835693821894365
"Wave_1252",-0.797503686528568
"Wave_1253",-0.74659102206212
"Wave_1254",-0.695678121725494
"Wave_1255",-0.644765397527132
"Wave_1256",-0.610492358453166
"Wave_1257",-0.615044473896356
"Wave_1258",-0.619596591301531
"Wave_1259",-0.624148864370508
"Wave_1260",-0.602484025200566
"Wave_1261",-0.568745933363045
"Wave_1262",-0.535007451024173
"Wave_1263",-0.501269098062317
"Wave_1264",-0.445388610422365
"Wave_1265",-0.383972652888857
"Wave_1266",-0.322556707487364
"Wave_1267",-0.273305891250316
"Wave_1268",-0.339270845453391
"Wave_1269",-0.405235837775658
"Wave_1270",-0.471200999836223
"Wave_1271",-0.501509658867176
"Wave_1272",-0.40766254594319
"Wave_1273",-0.313815138893301
"Wave_1274",-0.219967949331116
"Wave_1275",-0.207142173340154
"Wave_1276",-0.241430099804443
"Wave_1277",-0.275717829188593
"Wave_1278",-0.310005523827313
"Wave_1279",-0.278814980418589
"Wave_1280",-0.225306787779344
"Wave_1281",-0.17179870681543
"Wave_1282",-0.118290662387621
"Wave_1283",-0.131174667464491
"Wave_1284",-0.144058346896066
"Wave_1285",-0.156942348559943
"Wave_1286",-0.177729265524698
"Wave_1287",-0.181403689148181
"Wave_1288",-0.185078143686201
"Wave_1289",-0.188752349129394
"Wave_1290",-0.196436409753865
"Wave_1291",-0.208129803069259
"Wave_1292",-0.219823491985948
"Wave_1293",-0.231516676588821
"Wave_1294",-0.147144733169997
"Wave_1295",-0.0387564747847021
"Wave_1296",0.0696319837594719
"Wave_1297",0.178020233395086
"Wave_1298",0.216642179099085
"Wave_1299",0.25526435048047
"Wave_1300",0.293886538264527
"Wave_1301",0.315573216373747
"Wave_1302",0.297744086593222
"Wave_1303",0.279914936761236
"Wave_1304",0.262086072416168
"Wave_1305",0.226435926121857
"Wave_1306",0.179768207139879
"Wave_1307",0.133100744047616
"Wave_1308",0.0864329847432427
"Wave_1309",0.0959728608293104
"Wave_1310",0.119564528311809
"Wave_1311",0.143156161977721
"Wave_1312",0.177895987740618
"Wave_1313",0.206973092226457
"Wave_1314",0.236050308052079
"Wave_1315",0.265127362470564
"Wave_1316",0.308111492536969
"Wave_1317",0.383545227630056
"Wave_1318",0.458979046277708
"Wave_1319",0.534412825575318
"Wave_1320",0.534467736493467
"Wave_1321",0.484269980200953
"Wave_1322",0.434072548295506
"Wave_1323",0.383874586928349
"Wave_1324",0.375539667434673
"Wave_1325",0.377670313048819
"Wave_1326",0.379800832993715
"Wave_1327",0.372663154150447
"Wave_1328",0.282114265829451
"Wave_1329",0.191565170432271
"Wave_1330",0.101016052557231
"Wave_1331",0.0489077982798513
"Wave_1332",0.0829566612536925
"Wave_1333",0.117005243886689
"Wave_1334",0.151054168945978
"Wave_1335",0.14590050965059
"Wave_1336",0.114611558312992
"Wave_1337",0.0833225865585391
"Wave_1338",0.0520336505312523
"Wave_1339",0.0070007070216077
"Wave_1340",-0.0395593685860475
"Wave_1341",-0.0861190708214043
"Wave_1342",-0.127689639954644
"Wave_1343",-0.149301474675881
"Wave_1344",-0.170913299427594
"Wave_1345",-0.192524954581098
"Wave_1346",-0.227180929430317
"Wave_1347",-0.28140286408662
"Wave_1348",-0.335625322030727
"Wave_1349",-0.389847799689399
"Wave_1350",-0.412225142578395
"Wave_1351",-0.42095500514324
"Wave_1352",-0.429684767938334
"Wave_1353",-0.438414484203686
"Wave_1354",-0.430585041563721
"Wave_1355",-0.422755353736437
"Wave_1356",-0.414925898757186
"Wave_1357",-0.409454126813639
"Wave_1358",-0.413413078299898
"Wave_1359",-0.417371927334249
"Wave_1360",-0.421330867863045
"Wave_1361",-0.393550405496909
"Wave_1362",-0.334030658124827
"Wave_1363",-0.274510509710022
"Wave_1364",-0.214990648118052
"Wave_1365",-0.143995719638215
"Wave_1366",-0.0701320063735779
"Wave_1367",0.00373167600960161
"Wave_1368",0.0927764325660131
"Wave_1369",0.318448653735987
"Wave_1370",0.54412116661612
"Wave_1371",0.769793716502481
"Wave_1372",1.00133196399762
"Wave_1373",1.24655777362673
"Wave_1374",1.49178342357759
"Wave_1375",1.73700926707168
"Wave_1376",1.94251975060946
"Wave_1377",2.12155330793204
"Wave_1378",2.30058684191806
"Wave_1379",2.47962033360742
"Wave_1380",2.69105471014216
"Wave_1381",2.90608922645642
"Wave_1382",3.12112374609223
"Wave_1383",3.3133951424814
"Wave_1384",3.41461537289128
"Wave_1385",3.51583538082478
"Wave_1386",3.61705540850022
"Wave_1387",3.6537548559532
"Wave_1388",3.62593357441224
"Wave_1389",3.59811217259398
"Wave_1390",3.57029094657362
"Wave_1391",3.30909018486489
"Wave_1392",2.9571170333139
"Wave_1393",2.60514408022354
"Wave_1394",2.25317125898975
"Wave_1395",1.82946510099355
"Wave_1396",1.40575946221497
"Wave_1397",0.982053269937404
"Wave_1398",0.552179599410517
"Wave_1399",0.107913856404243
"Wave_1400",-0.336352026369261
"Wave_1401",-0.780617627878342
"Wave_1402",-1.19968769415282
"Wave_1403",-1.60196039809954
"Wave_1404",-2.00423285665058
"Wave_1405",-2.40650548008212
"Wave_1406",-2.76234080363681
"Wave_1407",-3.11301639953281
"Wave_1408",-3.46369207454966
"Wave_1409",-3.78447783517407
"Wave_1410",-3.98570427761286
"Wave_1411",-4.18693054678626
"Wave_1412",-4.38815677687988
"Wave_1413",-4.55565524845042
"Wave_1414",-4.68942620702648
"Wave_1415",-4.82319712390455
"Wave_1416",-4.9569681188246
"Wave_1417",-5.00421359423009
"Wave_1418",-5.02982768077478
"Wave_1419",-5.05544155068315
"Wave_1420",-5.07429857537233
"Wave_1421",-5.03234151155413
"Wave_1422",-4.99038455804666
"Wave_1423",-4.9484275065653
"Wave_1424",-4.91964279039063
"Wave_1425",-4.8648716451851
"Wave_1426",-4.81010035562977
"Wave_1427",-4.75532926907307
"Wave_1428",-4.6626061558825
"Wave_1429",-4.55361828059071
"Wave_1430",-4.44463011522419
"Wave_1431",-4.33564224298306
"Wave_1432",-4.25394432876573
"Wave_1433",-4.15794073343798
"Wave_1434",-4.06193699147639
"Wave_1435",-3.96732419710315
"Wave_1436",-3.85809366916927
"Wave_1437",-3.7488631107982
"Wave_1438",-3.63963275430507
"Wave_1439",-3.52984085409437
"Wave_1440",-3.41967470880072
"Wave_1441",-3.30950896989622
"Wave_1442",-3.1993428936323
"Wave_1443",-3.07889613939234
"Wave_1444",-2.95376455322889
"Wave_1445",-2.8286329257111
"Wave_1446",-2.70017169639523
"Wave_1447",-2.55839188082328
"Wave_1448",-2.41661189785093
"Wave_1449",-2.27483213020283
"Wave_1450",-2.18408857086805
"Wave_1451",-2.14438137870011
"Wave_1452",-2.10467436095241
"Wave_1453",-2.06496717331533
"Wave_1454",-1.99229243647485
"Wave_1455",-1.91137548816736
"Wave_1456",-1.83045865688769
"Wave_1457",-1.75109555969589
"Wave_1458",-1.68571484021369
"Wave_1459",-1.62033399102619
"Wave_1460",-1.55495298870909
"Wave_1461",-1.48422770297068
"Wave_1462",-1.40548537400693
"Wave_1463",-1.32674292942021
"Wave_1464",-1.2480008636072
"Wave_1465",-1.15288638260235
"Wave_1466",-1.05075518116397
"Wave_1467",-0.948624376314108
"Wave_1468",-0.846493076832824
"Wave_1469",-0.768967879453912
"Wave_1470",-0.6914424070098
"Wave_1471",-0.613917359622089
"Wave_1472",-0.528294041387339
"Wave_1473",-0.423775737307045
"Wave_1474",-0.319257632199797
"Wave_1475",-0.214739424687594
"Wave_1476",-0.126237390986163
"Wave_1477",-0.0368881199122903
"Wave_1478",0.0524610628535105
"Wave_1479",0.141810420480355
"Wave_1480",0.243090018789018
"Wave_1481",0.349832950479489
"Wave_1482",0.456575985815239
"Wave_1483",0.569371271912286
"Wave_1484",0.69628796860785
"Wave_1485",0.823204571140941
"Wave_1486",0.950121129287269
"Wave_1487",1.02682196081239
"Wave_1488",1.07004562159773
"Wave_1489",1.11326930639937
"Wave_1490",1.15649261905906
"Wave_1491",1.22765573226099
"Wave_1492",1.30192270105596
"Wave_1493",1.3761900444606
"Wave_1494",1.44377225138969
"Wave_1495",1.48461492072234
"Wave_1496",1.52545779683383
"Wave_1497",1.5663001817472
"Wave_1498",1.63400671098606
"Wave_1499",1.71962217878245
"Wave_1500",1.80523747459907
"Wave_1501",1.89085309368116
"Wave_1502",1.88929750618729
"Wave_1503",1.87805618364088
"Wave_1504",1.86681522931868
"Wave_1505",1.86220621022164
"Wave_1506",1.88412692690651
"Wave_1507",1.90604738030829
"Wave_1508",1.9279681657042
"Wave_1509",1.96376536315416
"Wave_1510",2.00449925516205
"Wave_1511",2.04523310959232
"Wave_1512",2.0859668857567
"Wave_1513",2.03943245161048
"Wave_1514",1.9832014876144
"Wave_1515",1.92697058173218
"Wave_1516",1.87027970082328
"Wave_1517",1.81174989731356
"Wave_1518",1.75322016003308
"Wave_1519",1.69469057723769
"Wave_1520",1.67625820981425
"Wave_1521",1.70374640169565
"Wave_1522",1.7312347071507
"Wave_1523",1.75872296019939
"Wave_1524",1.75189867706703
"Wave_1525",1.73467160049072
"Wave_1526",1.71744460674066
"Wave_1527",1.68922287886858
"Wave_1528",1.61702189342287
"Wave_1529",1.54482123215436
"Wave_1530",1.47262047128493
"Wave_1531",1.41705960856179
"Wave_1532",1.36846380491245
"Wave_1533",1.31986780105866
"Wave_1534",1.27127205863946
"Wave_1535",1.2304005623855
"Wave_1536",1.19038741144085
"Wave_1537",1.15037438346619
"Wave_1538",1.09998776863488
"Wave_1539",1.00810715218953
"Wave_1540",0.916226328450318
"Wave_1541",0.824345663040147
"Wave_1542",0.769649902106325
"Wave_1543",0.738762975595012
"Wave_1544",0.707876012767689
"Wave_1545",0.676989263509728
"Wave_1546",0.566729657906752
"Wave_1547",0.44765103185822
"Wave_1548",0.328572458598404
"Wave_1549",0.229764407238619
"Wave_1550",0.18322297599272
"Wave_1551",0.136681950438359
"Wave_1552",0.0901408748604799
"Wave_1553",0.0348210923398964
"Wave_1554",-0.0263506713592765
"Wave_1555",-0.0875229156060214
"Wave_1556",-0.148694722090231
"Wave_1557",-0.214222913897212
"Wave_1558",-0.271884609338539
"Wave_1559",-0.329546168090231
"Wave_1560",-0.383031355999517
"Wave_1561",-0.426771190029267
"Wave_1562",-0.470510912827158
"Wave_1563",-0.514250498045257
"Wave_1564",-0.548533853421945
"Wave_1565",-0.586710964875369
"Wave_1566",-0.624888074051544
"Wave_1567",-0.663065329860925
"Wave_1568",-0.708282777473979
"Wave_1569",-0.753499844212061
"Wave_1570",-0.798717458298232
"Wave_1571",-0.853598755422644
"Wave_1572",-0.94127386328844
"Wave_1573",-1.02894869287609
"Wave_1574",-1.11662379554782
"Wave_1575",-1.14857494887358
"Wave_1576",-1.17103937499056
"Wave_1577",-1.19350372168642
"Wave_1578",-1.21427249696801
"Wave_1579",-1.18442469084919
"Wave_1580",-1.15457695598713
"Wave_1581",-1.1247292966918
"Wave_1582",-1.14027148096659
"Wave_1583",-1.21321699962407
"Wave_1584",-1.28616227211382
"Wave_1585",-1.35910751265718
"Wave_1586",-1.34630093199531
"Wave_1587",-1.3092814839156
"Wave_1588",-1.2722619452166
"Wave_1589",-1.23663154140052
"Wave_1590",-1.21131974349285
"Wave_1591",-1.18600732491633
"Wave_1592",-1.16069529020997
"Wave_1593",-1.19024530549576
"Wave_1594",-1.26002999501018
"Wave_1595",-1.32981508699442
"Wave_1596",-1.39959991101286
"Wave_1597",-1.41073080994354
"Wave_1598",-1.41466502966678
"Wave_1599",-1.41859903347645
"Wave_1600",-1.41428517403192
"Wave_1601",-1.40743655377585
"Wave_1602",-1.40058789819029
"Wave_1603",-1.39373920273431
"Wave_1604",-1.28820494454883
"Wave_1605",-1.13915378834815
"Wave_1606",-0.990102606675779
"Wave_1607",-0.871936236754889
"Wave_1608",-0.983464350420545
"Wave_1609",-1.08962929233022
"Wave_1610",-1.19579398219808
"Wave_1611",-1.24960626361344
"Wave_1612",-1.26674550998412
"Wave_1613",-1.28388453256743
"Wave_1614",-1.30102335042094
"Wave_1615",-1.29240626591905
"Wave_1616",-1.27002259321495
"Wave_1617",-1.2476389852367
"Wave_1618",-1.22387962763825
"Wave_1619",-1.17772349050808
"Wave_1620",-1.13156710608503
"Wave_1621",-1.0854107747699
"Wave_1622",-1.08122144309174
"Wave_1623",-1.10891228292639
"Wave_1624",-1.13660296157166
"Wave_1625",-1.16429371506086
"Wave_1626",-1.05500631381791
"Wave_1627",-0.934530513889748
"Wave_1628",-0.814054976364117
"Wave_1629",-0.727293147244905
"Wave_1630",-0.726119096933041
"Wave_1631",-0.724945243529122
"Wave_1632",-0.723771127032303
"Wave_1633",-0.733303173258687
"Wave_1634",-0.76349027191486
"Wave_1635",-0.793677678264268
"Wave_1636",-0.828217520412702
"Wave_1637",-0.832605719042774
"Wave_1638",-0.829290815434314
"Wave_1639",-0.825976091164728
"Wave_1640",-0.808255586312335
"Wave_1641",-0.779147046013339
"Wave_1642",-0.750038390007466
"Wave_1643",-0.720930051036344
"Wave_1644",-0.684211704052152
"Wave_1645",-0.665433269094301
"Wave_1646",-0.646655047368297
"Wave_1647",-0.627757092408321
"Wave_1648",-0.699745800983639
"Wave_1649",-0.771734651552293
"Wave_1650",-0.843723431586258
"Wave_1651",-0.872385885718325
"Wave_1652",-0.880027949107461
"Wave_1653",-0.887669709163754
"Wave_1654",-0.893875096433491
"Wave_1655",-0.852558725680269
"Wave_1656",-0.802594130435211
"Wave_1657",-0.752629464190009
"Wave_1658",-0.705178248813196
"Wave_1659",-0.715443018289672
"Wave_1660",-0.725707641000088
"Wave_1661",-0.735972442053991
"Wave_1662",-0.729761608549828
"Wave_1663",-0.712340048379012
"Wave_1664",-0.694918285603981
"Wave_1665",-0.645823686893259
"Wave_1666",-0.668978199207907
"Wave_1667",-0.692132787452341
"Wave_1668",-0.715287418748381
"Wave_1669",-0.680843188759229
"Wave_1670",-0.651031312262825
"Wave_1671",-0.62121901688777
"Wave_1672",-0.592729851032699
"Wave_1673",-0.572090795067033
"Wave_1674",-0.550438249581852
"Wave_1675",-0.528785315174612
"Wave_1676",-0.506265658245275
"Wave_1677",-0.51711986641503
"Wave_1678",-0.527974133439076
"Wave_1679",-0.538828075226952
"Wave_1680",-0.594328590539565
"Wave_1681",-0.676618790578886
"Wave_1682",-0.758909291396992
"Wave_1683",-0.824934323864023
"Wave_1684",-0.832327532855341
"Wave_1685",-0.839720377184999
"Wave_1686",-0.847113452475997
"Wave_1687",-0.862756288214724
"Wave_1688",-0.87542021235763
"Wave_1689",-0.888084299092661
"Wave_1690",-0.89238507352174
"Wave_1691",-0.779986774833087
"Wave_1692",-0.657230071731817
"Wave_1693",-0.534473395295579
"Wave_1694",-0.453540257617292
"Wave_1695",-0.42383164821002
"Wave_1696",-0.394123212134274
"Wave_1697",-0.364414457896919
"Wave_1698",-0.333356352497563
"Wave_1699",-0.321553190435735
"Wave_1700",-0.309750046230529
"Wave_1701",-0.330987872768296
"Wave_1702",-0.368884098153009
"Wave_1703",-0.40678022214698
"Wave_1704",-0.444676383657112
"Wave_1705",-0.448159548431974
"Wave_1706",-0.387171918377701
"Wave_1707",-0.326184427087596
"Wave_1708",-0.249172219002424
"Wave_1709",-0.209495918679931
"Wave_1710",-0.195178607919699
"Wave_1711",-0.180861356208772
"Wave_1712",-0.255177187375018
"Wave_1713",-0.357339568922817
"Wave_1714",-0.459501775772603
"Wave_1715",-0.556914796314217
"Wave_1716",-0.693050434573067
"Wave_1717",-0.883495651464626
"Wave_1718",-1.07394102456321
"Wave_1719",-1.20257556863704
"Wave_1720",-1.19444952202651
"Wave_1721",-1.18632336448178
"Wave_1722",-1.17819716221466
"Wave_1723",-1.25395112013281
"Wave_1724",-1.37970246870354
"Wave_1725",-1.50545411288613
"Wave_1726",-1.63111313247754
"Wave_1727",-1.66628876222527
"Wave_1728",-1.6914259483935
"Wave_1729",-1.71656303173644
"Wave_1730",-1.66455340028437
"Wave_1731",-1.6734246760077
"Wave_1732",-1.68229553745829
"Wave_1733",-1.66940903831146
"Wave_1734",-1.55643524919847
"Wave_1735",-1.42232406129773
"Wave_1736",-1.28821283238378
"Wave_1737",-1.14895337118755
"Wave_1738",-1.05457864844129
"Wave_1739",-0.960203896826479
"Wave_1740",-0.864835308748181
"Wave_1741",-0.772969074097314
"Wave_1742",-0.686086878946455
"Wave_1743",-0.59920427528423
"Wave_1744",-0.515223317151229
"Wave_1745",-0.388367839594669
"Wave_1746",-0.261512459624844
"Wave_1747",-0.133250907034195
"Wave_1748",-0.0331140753558548
"Wave_1749",0.00585176038384329
"Wave_1750",0.0448175322283841
"Wave_1751",0.0321908931590763
"Wave_1752",0.0419059215350115
"Wave_1753",0.070104360299073
"Wave_1754",0.0983029442489519
"Wave_1755",0.174932842401789
"Wave_1756",0.262204777762013
"Wave_1757",0.349476721292152
"Wave_1758",0.418570201979064
"Wave_1759",0.453866347568777
"Wave_1760",0.486364052848426
"Wave_1761",0.518862319250539
"Wave_1762",0.6213169218602
"Wave_1763",0.744119637008813
"Wave_1764",0.866922439544534
"Wave_1765",0.980546748693085
"Wave_1766",1.06724832019229
"Wave_1767",1.15027902757439
"Wave_1768",1.23330997847216
"Wave_1769",1.26805737037825
"Wave_1770",1.34926889858908
"Wave_1771",1.43048063972477
"Wave_1772",1.52902240791942
"Wave_1773",1.68312367890054
"Wave_1774",1.81658263869819
"Wave_1775",1.95004169483131
"Wave_1776",1.82507509795417
"Wave_1777",1.74073649697249
"Wave_1778",1.67321818514074
"Wave_1779",1.61562565881437
"Wave_1780",1.614889963332
"Wave_1781",1.65417703430164
"Wave_1782",1.69346460723548
"Wave_1783",1.66398139114315
"Wave_1784",1.61797052709557
"Wave_1785",1.57928938177569
"Wave_1786",1.54036849220629
"Wave_1787",1.51831776359056
"Wave_1788",1.57237623518666
"Wave_1789",1.62643449555321
"Wave_1790",1.68144932669183
"Wave_1791",1.71411615438399
"Wave_1792",1.73693200845543
"Wave_1793",1.74937643662865
"Wave_1794",1.67884064898481
"Wave_1795",1.701567509594
"Wave_1796",1.72429435443525
"Wave_1797",1.79636352576747
"Wave_1798",1.81847503157678
"Wave_1799",1.77438624661163
"Wave_1800",1.73029767074755
"Wave_1801",1.57635373430715
"Wave_1802",1.59246378038722
"Wave_1803",1.60857377282219
"Wave_1804",1.71919032334458
"Wave_1805",1.89021375574907
"Wave_1806",2.02713871957587
"Wave_1807",2.16406329266842
"Wave_1808",2.18132685519614
"Wave_1809",2.19677242998263
"Wave_1810",2.21201587292014
"Wave_1811",2.23600729658097
"Wave_1812",2.24559292762602
"Wave_1813",2.21388706117017
"Wave_1814",2.18218158349165
"Wave_1815",2.2436090904714
"Wave_1816",2.27791164083747
"Wave_1817",2.30284624440284
"Wave_1818",2.3129464338183
"Wave_1819",2.3095750223697
"Wave_1820",2.32669008679284
"Wave_1821",2.34380477104308
"Wave_1822",2.42127324772239
"Wave_1823",2.50222636080057
"Wave_1824",2.58237383606366
"Wave_1825",2.69058324905393
"Wave_1826",2.82009749151684
"Wave_1827",2.8664601987607
"Wave_1828",2.91282311499456
"Wave_1829",2.98578441071665
"Wave_1830",2.97432668430773
"Wave_1831",2.92542323920747
"Wave_1832",2.9015011432097
"Wave_1833",2.91792737827456
"Wave_1834",2.94585984151927
"Wave_1835",2.97379199584736
"Wave_1836",3.0740263507013
"Wave_1837",3.06727732402365
"Wave_1838",2.98385050180702
"Wave_1839",2.95282300097531
"Wave_1840",2.99740222923231
"Wave_1841",3.01505689797902
"Wave_1842",3.03271171586762
"Wave_1843",3.29220407083196
"Wave_1844",3.41420084154869
"Wave_1845",3.42662023418789
"Wave_1846",3.46002337832726
"Wave_1847",3.51077973471848
"Wave_1848",3.43443366407363
"Wave_1849",3.35808783917959
"Wave_1850",3.51666239384261
"Wave_1851",3.56861115357255
"Wave_1852",3.48783172368083
"Wave_1853",3.55138894254787
"Wave_1854",3.83145125544528
"Wave_1855",3.69796493682986
"Wave_1856",3.56447899073452
"Wave_1857",3.57835877027158
"Wave_1858",3.52758154547951
"Wave_1859",3.41214748562127
"Wave_1860",3.47876289237251
"Wave_1861",3.72742824304405
"Wave_1862",3.65687437916225
"Wave_1863",3.58632066173019
"Wave_1864",3.79114977242753
"Wave_1865",3.80630049114562
"Wave_1866",3.53693297900075
"Wave_1867",3.34480973329432
"Wave_1868",3.22993003561828
"Wave_1869",2.91020895307952
"Wave_1870",2.5888306182515
"Wave_1871",2.45738214340078
"Wave_1872",2.2600496484653
"Wave_1873",1.96389135949283
"Wave_1874",1.66491821038863
"Wave_1875",1.36406796628239
"Wave_1876",1.01172494914357
"Wave_1877",0.657181576101708
"Wave_1878",0.334327610575648
"Wave_1879",0.08233898274553
"Wave_1880",-0.0633513626164171
"Wave_1881",-0.296509779815033
"Wave_1882",-0.587980062269667
"Wave_1883",-0.585477909386028
"Wave_1884",-0.631863758502426
"Wave_1885",-1.00445738768371
"Wave_1886",-1.21677067310146
"Wave_1887",-1.18866343673588
"Wave_1888",-1.41944563667502
"Wave_1889",-1.76118042819451
"Wave_1890",-1.65832507149859
"Wave_1891",-1.58218320570877
"Wave_1892",-1.8104908271596
"Wave_1893",-1.85461594114532
"Wave_1894",-1.62246732553321
"Wave_1895",-1.7584000902046
"Wave_1896",-1.98635320416607
"Wave_1897",-1.84189972085908
"Wave_1898",-1.85315862074817
"Wave_1899",-2.32429624476907
"Wave_1900",-2.66978517870943
"Wave_1901",-2.74519649974754
"Wave_1902",-2.08616727055161
"Wave_1903",-1.65975917049208
"Wave_1904",-1.72451711491747
"Wave_1905",-1.71185012883927
"Wave_1906",-1.50578019748255
"Wave_1907",-1.40232974531314
"Wave_1908",-1.35676799003533
"Wave_1909",-1.15735046209703
"Wave_1910",-1.21643529713126
"Wave_1911",-1.23780088167308
"Wave_1912",-1.15067004620039
"Wave_1913",-1.12710968425111
"Wave_1914",-1.03805106619598
"Wave_1915",-0.908427291151964
"Wave_1916",-0.780132244703158
"Wave_1917",-0.604306227827882
"Wave_1918",-0.588558308352385
"Wave_1919",-0.54866037173732
"Wave_1920",-0.40973492618413
"Wave_1921",-0.267168005629015
"Wave_1922",-0.119857501525728
"Wave_1923",0.00717314618238715
"Wave_1924",0.123479469348936
"Wave_1925",0.238066025935303
"Wave_1926",0.224243310955074
"Wave_1927",0.209488490877245
"Wave_1928",0.17900128727801
"Wave_1929",0.130508251700984
"Wave_1930",0.104282599423766
"Wave_1931",0.168805378553162
"Wave_1932",0.26267718756647
"Wave_1933",0.373068956391388
"Wave_1934",0.372219985668983
"Wave_1935",0.370433797822356
"Wave_1936",0.358130092051692
"Wave_1937",0.335673517202944
"Wave_1938",0.350156491045804
"Wave_1939",0.397153732445758
"Wave_1940",0.443044603919731
"Wave_1941",0.494219193256997
"Wave_1942",0.492834805965384
"Wave_1943",0.490036827469876
"Wave_1944",0.469242759002437
"Wave_1945",0.42993601249994
"Wave_1946",0.390883562087691
"Wave_1947",0.385005879966144
"Wave_1948",0.387358285938934
"Wave_1949",0.410969964699795
"Wave_1950",0.45554717839299
"Wave_1951",0.51412170328226
"Wave_1952",0.569815868091004
"Wave_1953",0.566640292777101
"Wave_1954",0.541923288216277
"Wave_1955",0.505956829928488
"Wave_1956",0.470336078393738
"Wave_1957",0.481082004174604
"Wave_1958",0.480595781625511
"Wave_1959",0.484977936462854
"Wave_1960",0.485203455783147
"Wave_1961",0.475084837615445
"Wave_1962",0.450847794092341
"Wave_1963",0.412464284016265
"Wave_1964",0.374080778518121
"Wave_1965",0.398899131446054
"Wave_1966",0.412497482207944
"Wave_1967",0.38837349678669
"Wave_1968",0.339620592061044
"Wave_1969",0.304562494867723
"Wave_1970",0.331678431257135
"Wave_1971",0.333692951177312
"Wave_1972",0.334370504207646
"Wave_1973",0.321419322757539
"Wave_1974",0.306074122814097
"Wave_1975",0.287965475590429
"Wave_1976",0.258187557540677
"Wave_1977",0.226183241684988
"Wave_1978",0.204318194454297
"Wave_1979",0.153224793889975
"Wave_1980",0.111678413752629
"Wave_1981",0.128430136763319
"Wave_1982",0.15858868022409
"Wave_1983",0.199614535350219
"Wave_1984",0.195824054955108
"Wave_1985",0.192033598398458
"Wave_1986",0.179559617021131
"Wave_1987",0.174312098315404
"Wave_1988",0.171322057931665
"Wave_1989",0.128773450025215
"Wave_1990",0.0670137011574942
"Wave_1991",0.0298377380572004
"Wave_1992",0.0209860234169999
"Wave_1993",0.0131719487440984
"Wave_1994",0.0355052017166735
"Wave_1995",0.0786469882289828
"Wave_1996",0.11805971173048
"Wave_1997",0.141437420369252
"Wave_1998",0.16344778280643
"Wave_1999",0.201070339849149
"Wave_2000",0.196472624151297
"Wave_2001",0.175914086180698
"Wave_2002",0.124778375638551
"Wave_2003",0.0764989398586198
"Wave_2004",0.0565212987737408
"Wave_2005",0.0672434922461761
"Wave_2006",0.0803222915589896
"Wave_2007",0.119736220616262
"Wave_2008",0.164275824487584
"Wave_2009",0.207192331793686
"Wave_2010",0.191989534512316
"Wave_2011",0.17050935743881
"Wave_2012",0.102634143651418
"Wave_2013",0.0588856176173403
"Wave_2014",0.03496332244508
"Wave_2015",0.0966916469869385
"Wave_2016",0.16826730102122
"Wave_2017",0.246703664541232
"Wave_2018",0.309525897885219
"Wave_2019",0.369238401084866
"Wave_2020",0.394468491311857
"Wave_2021",0.41536875674073
"Wave_2022",0.42106413115526
"Wave_2023",0.422455351214507
"Wave_2024",0.42384661814951
"Wave_2025",0.494799286972399
"Wave_2026",0.555880152419752
"Wave_2027",0.602696027743055
"Wave_2028",0.621735864135469
"Wave_2029",0.642152870918335
"Wave_2030",0.632836184492357
"Wave_2031",0.595198145474073
"Wave_2032",0.56307694851364
"Wave_2033",0.613320788978388
"Wave_2034",0.689406450038138
"Wave_2035",0.770447260795297
"Wave_2036",0.873405623790682
"Wave_2037",0.976364022105713
"Wave_2038",0.994817547645205
"Wave_2039",0.988532027254319
"Wave_2040",0.963751620118519
"Wave_2041",0.892185133238206
"Wave_2042",0.820618618628144
"Wave_2043",0.868336329897841
"Wave_2044",0.964491485545087
"Wave_2045",1.03276933864283
"Wave_2046",1.03818420946362
"Wave_2047",1.04384170972147
"Wave_2048",1.02609041360647
"Wave_2049",1.02043346645891
"Wave_2050",1.01413082950072
"Wave_2051",0.96492357060331
"Wave_2052",0.898435403776792
"Wave_2053",0.911429724968414
"Wave_2054",1.01130181752959
"Wave_2055",1.09772064887933
"Wave_2056",1.06448039049378
"Wave_2057",1.03218759744339
"Wave_2058",1.03540499733824
"Wave_2059",1.07679099504137
"Wave_2060",1.11817691902091
"Wave_2061",1.11261628915428
"Wave_2062",1.06905059919542
"Wave_2063",1.02381199438789
"Wave_2064",0.997638092647827
"Wave_2065",0.971464304796948
"Wave_2066",0.951377649988527
"Wave_2067",0.949505752181075
"Wave_2068",0.978177683217372
"Wave_2069",1.04030569703375
"Wave_2070",1.09823227999309
"Wave_2071",1.06413525903206
"Wave_2072",1.00697362332071
"Wave_2073",0.959447751488451
"Wave_2074",0.946455794345609
"Wave_2075",0.9324614534235
"Wave_2076",0.895699707317187
"Wave_2077",0.835287170331708
"Wave_2078",0.776533454416635
"Wave_2079",0.79989358437246
"Wave_2080",0.840049252370226
"Wave_2081",0.842589967819788
"Wave_2082",0.813889965239372
"Wave_2083",0.795595823017918
"Wave_2084",0.829617365327563
"Wave_2085",0.845922637822215
"Wave_2086",0.810773804624095
"Wave_2087",0.79355893042407
"Wave_2088",0.776344069536099
"Wave_2089",0.849035217339169
"Wave_2090",0.862051053545294
"Wave_2091",0.808793648232769
"Wave_2092",0.662049858671347
"Wave_2093",0.515306290489771
"Wave_2094",0.497670749808187
"Wave_2095",0.545375075293718
"Wave_2096",0.548851059730892
"Wave_2097",0.399181553662281
"Wave_2098",0.249512055183134
"Wave_2099",0.25850971696382
"Wave_2100",0.287059966586882
"Wave_2101",0.297916197884448
"Wave_2102",0.236856680645113
"Wave_2103",0.175797118961809
"Wave_2104",0.114318307631365
"Wave_2105",0.0665090010875698
"Wave_2106",-0.0384571035938915
"Wave_2107",-0.167764128190656
"Wave_2108",-0.297071076961063
"Wave_2109",-0.251486135972321
"Wave_2110",-0.273673734056234
"Wave_2111",-0.350735877936174
"Wave_2112",-0.455369588956549
"Wave_2113",-0.560003303102601
"Wave_2114",-0.622680524612297
"Wave_2115",-0.641159648251668
"Wave_2116",-0.60216145928971
"Wave_2117",-0.636810420085366
"Wave_2118",-0.671459316044581
"Wave_2119",-0.765338850010624
"Wave_2120",-0.776994756606868
"Wave_2121",-0.788506729316528
"Wave_2122",-0.807077791885395
"Wave_2123",-0.825649016758806
"Wave_2124",-0.872376411168304
"Wave_2125",-0.968678555707717
"Wave_2126",-1.10512203082019
"Wave_2127",-1.25062953550877
"Wave_2128",-1.39613690048135
"Wave_2129",-1.49333828943835
"Wave_2130",-1.56694409031019
"Wave_2131",-1.59575800187572
"Wave_2132",-1.62379158747881
"Wave_2133",-1.65182525525572
"Wave_2134",-1.79773165147662
"Wave_2135",-1.95186673487863
"Wave_2136",-2.09243350403115
"Wave_2137",-2.18184175126353
"Wave_2138",-2.27124982923131
"Wave_2139",-2.28324056777793
"Wave_2140",-2.27070044266312
"Wave_2141",-2.29511913787982
"Wave_2142",-2.28607472496606
"Wave_2143",-2.27703034817766
"Wave_2144",-2.32775972499981
"Wave_2145",-2.45854659290864
"Wave_2146",-2.5639107430343
"Wave_2147",-2.59723460060052
"Wave_2148",-2.63055850980721
"Wave_2149",-2.64514202880586
"Wave_2150",-2.62176322867157
"Wave_2151",-2.61215748545956
"Wave_2152",-2.63574394014452
"Wave_2153",-2.6516184804275
"Wave_2154",-2.70042298578498
"Wave_2155",-2.77481208124805
"Wave_2156",-2.79931589820192
"Wave_2157",-2.78953930535715
"Wave_2158",-2.79873367325301
"Wave_2159",-2.85399410605172
"Wave_2160",-2.8954021803312
"Wave_2161",-2.97646846718658
"Wave_2162",-3.07789289102383
"Wave_2163",-3.13648408085136
"Wave_2164",-3.1847756633596
"Wave_2165",-3.23306705064039
"Wave_2166",-3.24553979708966
"Wave_2167",-3.15820437823029
"Wave_2168",-3.07601316458774
"Wave_2169",-3.06931227026059
"Wave_2170",-3.06261136489021
"Wave_2171",-3.03053311023316
"Wave_2172",-2.96234098232622
"Wave_2173",-2.88078974538281
"Wave_2174",-2.9244348963142
"Wave_2175",-2.9680799340529
"Wave_2176",-3.02388515692942
"Wave_2177",-3.02563302498748
"Wave_2178",-2.98480545242552
"Wave_2179",-2.92271109952273
"Wave_2180",-2.86061665673067
"Wave_2181",-2.82216490991778
"Wave_2182",-2.79562545716416
"Wave_2183",-2.77179674273724
"Wave_2184",-2.67443977664875
"Wave_2185",-2.56429400598235
"Wave_2186",-2.63644984103635
"Wave_2187",-2.70860565680319
"Wave_2188",-2.75051350235615
"Wave_2189",-2.74939285248305
"Wave_2190",-2.72283456492924
"Wave_2191",-2.6516904017021
"Wave_2192",-2.58054653721956
"Wave_2193",-2.49378941105479
"Wave_2194",-2.40715748964301
"Wave_2195",-2.31488209695193
"Wave_2196",-2.20344642025191
"Wave_2197",-2.09201064165097
"Wave_2198",-2.20181649619554
"Wave_2199",-2.30403376746465
"Wave_2200",-2.30149388846929
"Wave_2201",-2.29030641959203
"Wave_2202",-2.28301613840938
"Wave_2203",-2.27952590184479
"Wave_2204",-2.27603589852602
"Wave_2205",-2.21999389500175
"Wave_2206",-2.13052227293711
"Wave_2207",-2.06589724327492
"Wave_2208",-2.00818720400978
"Wave_2209",-1.9504773883998
"Wave_2210",-2.07385137088658
"Wave_2211",-2.23375522278239
"Wave_2212",-2.31184528573085
"Wave_2213",-2.31672164727001
"Wave_2214",-2.31541459337761
"Wave_2215",-2.23561339896775
"Wave_2216",-2.15327368603463
"Wave_2217",-2.09245990082058
"Wave_2218",-2.03086012454925
"Wave_2219",-1.98451025921345
"Wave_2220",-2.0027513341358
"Wave_2221",-2.02099287608467
"Wave_2222",-1.94943132858164
"Wave_2223",-1.83825612130905
"Wave_2224",-1.76469903460882
"Wave_2225",-1.808383061922
"Wave_2226",-1.85206729411496
"Wave_2227",-1.77114983264524
"Wave_2228",-1.67163639033857
"Wave_2229",-1.64847862688018
"Wave_2230",-1.6718521406761
"Wave_2231",-1.66022437274389
"Wave_2232",-1.51050085356179
"Wave_2233",-1.36077755677541
"Wave_2234",-1.3119505735107
"Wave_2235",-1.28834819420904
"Wave_2236",-1.29181499380197
"Wave_2237",-1.33588571860718
"Wave_2238",-1.39133348075326
"Wave_2239",-1.39356955371358
"Wave_2240",-1.39580541217468
"Wave_2241",-1.40325479069796
"Wave_2242",-1.43905945115746
"Wave_2243",-1.44409371884692
"Wave_2244",-1.2988701071127
"Wave_2245",-1.15364652324994
"Wave_2246",-1.17702392619283
"Wave_2247",-1.22492073255093
"Wave_2248",-1.18056368791546
"Wave_2249",-0.996834908345066
"Wave_2250",-0.823336006396475
"Wave_2251",-0.741907597626464
"Wave_2252",-0.66047925701229
"Wave_2253",-0.569720072637994
"Wave_2254",-0.480937671161341
"Wave_2255",-0.435058452871103
"Wave_2256",-0.402453903200239
"Wave_2257",-0.369849549979743
"Wave_2258",-0.340029202486263
"Wave_2259",-0.310208936595931
"Wave_2260",-0.323177615654591
"Wave_2261",-0.364672270457255
"Wave_2262",-0.390097625001026
"Wave_2263",-0.389982690507982
"Wave_2264",-0.389867653548091
"Wave_2265",-0.423145872124592
"Wave_2266",-0.460134113190114
"Wave_2267",-0.356921480849057
"Wave_2268",-0.126658242595088
"Wave_2269",0.107405829411185
"Wave_2270",0.356674713619866
"Wave_2271",0.605943685745143
"Wave_2272",0.797426621096324
"Wave_2273",0.974462765690928
"Wave_2274",1.12444945593033
"Wave_2275",1.24738690583745
"Wave_2276",1.37373677983262
"Wave_2277",1.53079932135455
"Wave_2278",1.68786184721559
"Wave_2279",1.88905804635979
"Wave_2280",2.10128793040446
"Wave_2281",2.26984003212646
"Wave_2282",2.37287511030386
"Wave_2283",2.4650869241925
"Wave_2284",2.45988603718307
"Wave_2285",2.45468525051646
"Wave_2286",2.55906163388537
"Wave_2287",2.69702850062235
"Wave_2288",2.82232328998958
"Wave_2289",2.92860971062228
"Wave_2290",3.02826506357059
"Wave_2291",3.06824131881416
"Wave_2292",3.10821753902907
"Wave_2293",2.99075330534171
"Wave_2294",2.80581457247243
"Wave_2295",2.75943101271178
"Wave_2296",2.92087949447347
"Wave_2297",3.05066354743732
"Wave_2298",2.89546306394895
"Wave_2299",2.74026240408689
"Wave_2300",2.84958296671305
"Wave_2301",3.07226939032607
"Wave_2302",3.19453573489351
"Wave_2303",3.16617163594536
"Wave_2304",3.13831236951465
"Wave_2305",3.11499547993431
"Wave_2306",3.09167848730334
"Wave_2307",3.02452517615729
"Wave_2308",2.94641228679705
"Wave_2309",2.87616213190823
"Wave_2310",2.81770619955181
"Wave_2311",2.75368144430325
"Wave_2312",2.6395381300534
"Wave_2313",2.52539495257165
"Wave_2314",2.57074717083356
"Wave_2315",2.65597318144975
"Wave_2316",2.77860554475779
"Wave_2317",2.93864417660469
"Wave_2318",3.10503796900763
"Wave_2319",3.29685440075638
"Wave_2320",3.48867058953838
"Wave_2321",3.44381083377143
"Wave_2322",3.37265355575001
"Wave_2323",3.19105451401904
"Wave_2324",2.93582740311859
"Wave_2325",2.71927106174482
"Wave_2326",2.5929462994303
"Wave_2327",2.46662147181686
"Wave_2328",2.57119227306527
"Wave_2329",2.67576334282363
"Wave_2330",2.76100181131636
"Wave_2331",2.83795516248394
"Wave_2332",2.79426175017965
"Wave_2333",2.5695982516249
"Wave_2334",2.36492513232434
"Wave_2335",2.3401640655358
"Wave_2336",2.31540304911695
"Wave_2337",2.24202222201375
"Wave_2338",2.15648608427677
"Wave_2339",1.9563559607842
"Wave_2340",1.64163184403904
"Wave_2341",1.39335244359904
"Wave_2342",1.41085082970016
"Wave_2343",1.42834929270109
"Wave_2344",1.43202940426921
"Wave_2345",1.43417428017994
"Wave_2346",1.52307849779116
"Wave_2347",1.6779087587803
"Wave_2348",1.74161353002485
"Wave_2349",1.64175093343211
"Wave_2350",1.54667426189901
"Wave_2351",1.49466827350855
"Wave_2352",1.44266221337385
"Wave_2353",1.52127103352555
"Wave_2354",1.63253352693132
"Wave_2355",1.59750278441793
"Wave_2356",1.4413855933335
"Wave_2357",1.27020156781011
"Wave_2358",1.17147950789214
"Wave_2359",1.07275772661693
"Wave_2360",1.15113149754791
"Wave_2361",1.22950513094243
"Wave_2362",1.24936017997092
"Wave_2363",1.24854808700699
"Wave_2364",1.26021922694732
"Wave_2365",1.24357451169215
"Wave_2366",1.23709222489573
"Wave_2367",1.27125881506767
"Wave_2368",1.30542551755496
"Wave_2369",1.24336470439327
"Wave_2370",1.17411288813021
"Wave_2371",1.26368475390073
"Wave_2372",1.42132410869956
"Wave_2373",1.59883105107397
"Wave_2374",1.80613893796619
"Wave_2375",1.99886271604826
"Wave_2376",1.92166859527008
"Wave_2377",1.84447462340851
"Wave_2378",1.54285263671257
"Wave_2379",1.21629442010099
"Wave_2380",0.920627419503599
"Wave_2381",0.61807694695848
"Wave_2382",0.349340205365044
"Wave_2383",0.131324778104693
"Wave_2384",-0.0458210016953051
"Wave_2385",-0.059487900578551
"Wave_2386",-0.0731548929822354
"Wave_2387",-0.0458970076262406
"Wave_2388",-0.0182644429879222
"Wave_2389",0.15286520446362
"Wave_2390",0.385493467871316
"Wave_2391",0.514758408689146
"Wave_2392",0.5322276391562
"Wave_2393",0.564072748028679
"Wave_2394",0.61099480942316
"Wave_2395",0.65791692679581
"Wave_2396",0.52129710330806
"Wave_2397",0.384677254125177
"Wave_2398",0.161595180649866
"Wave_2399",-0.0558819159176137
"Wave_2400",-0.125075216004244
