"","glucose_umol_m2.8.comps"
"(Intercept)",5.97693966544807
"Wave_500",1.02114337330513
"Wave_501",0.965495839838795
"Wave_502",0.893090607038222
"Wave_503",0.800295884487048
"Wave_504",0.64701586589519
"Wave_505",0.532260562796531
"Wave_506",0.387291091513112
"Wave_507",0.240408919650872
"Wave_508",0.102305929687662
"Wave_509",-0.0337974477668168
"Wave_510",-0.128521538491867
"Wave_511",-0.263533249687053
"Wave_512",-0.417102191072996
"Wave_513",-0.518001942628344
"Wave_514",-0.640266109974752
"Wave_515",-0.765304074760712
"Wave_516",-0.895468632623301
"Wave_517",-1.01597228028113
"Wave_518",-1.09975349441831
"Wave_519",-1.1590085172395
"Wave_520",-1.22804280539816
"Wave_521",-1.25420976176412
"Wave_522",-1.28135544642736
"Wave_523",-1.26858646559241
"Wave_524",-1.30340161489862
"Wave_525",-1.28134170166116
"Wave_526",-1.24787605234344
"Wave_527",-1.22699320827837
"Wave_528",-1.16416225290501
"Wave_529",-1.07430292882751
"Wave_530",-0.976023335403248
"Wave_531",-0.933321708572667
"Wave_532",-0.883169786053543
"Wave_533",-0.791978459447588
"Wave_534",-0.726614265628776
"Wave_535",-0.655214957780434
"Wave_536",-0.59542845625247
"Wave_537",-0.511382320025866
"Wave_538",-0.426047058421445
"Wave_539",-0.350216341704409
"Wave_540",-0.30791153384484
"Wave_541",-0.232635213618336
"Wave_542",-0.160997015510916
"Wave_543",-0.0978630435139412
"Wave_544",-0.0408323597537312
"Wave_545",-0.00156964795800801
"Wave_546",0.00475686632233108
"Wave_547",0.0163451402012161
"Wave_548",0.0446197540519992
"Wave_549",0.0543022305058961
"Wave_550",0.0750787809177986
"Wave_551",0.137583253107518
"Wave_552",0.177331044127071
"Wave_553",0.197169426020999
"Wave_554",0.245275820992093
"Wave_555",0.240701413259722
"Wave_556",0.241040178619818
"Wave_557",0.294266577151748
"Wave_558",0.304503700717206
"Wave_559",0.322551294579557
"Wave_560",0.360412400892844
"Wave_561",0.360387101154495
"Wave_562",0.383252570559974
"Wave_563",0.410152095031914
"Wave_564",0.398799199803495
"Wave_565",0.42992412646848
"Wave_566",0.452442871770114
"Wave_567",0.460684887363332
"Wave_568",0.468149343120808
"Wave_569",0.476275239876625
"Wave_570",0.470477509404374
"Wave_571",0.451880446399158
"Wave_572",0.470406668901048
"Wave_573",0.464945146763471
"Wave_574",0.449967925079334
"Wave_575",0.474422272920817
"Wave_576",0.483456088888849
"Wave_577",0.479023311384846
"Wave_578",0.468072925320969
"Wave_579",0.479295646554032
"Wave_580",0.48817932026262
"Wave_581",0.485915700309679
"Wave_582",0.505209049175912
"Wave_583",0.490698928949355
"Wave_584",0.468265960394532
"Wave_585",0.497462086819666
"Wave_586",0.503358557535511
"Wave_587",0.505184020465142
"Wave_588",0.496170666136527
"Wave_589",0.484374227329374
"Wave_590",0.479934710172356
"Wave_591",0.48709707317738
"Wave_592",0.505951083537546
"Wave_593",0.549503529070465
"Wave_594",0.534741528053547
"Wave_595",0.505710841419266
"Wave_596",0.523384013580389
"Wave_597",0.532686263059101
"Wave_598",0.530942751429477
"Wave_599",0.54009282020405
"Wave_600",0.566501882381065
"Wave_601",0.578945653426331
"Wave_602",0.582212896306563
"Wave_603",0.577208210626972
"Wave_604",0.59669016906779
"Wave_605",0.612278386187258
"Wave_606",0.629573904446823
"Wave_607",0.627256449197496
"Wave_608",0.633560392737056
"Wave_609",0.636630707445988
"Wave_610",0.636657675716148
"Wave_611",0.646276609235704
"Wave_612",0.634237191387628
"Wave_613",0.639067051013449
"Wave_614",0.634456972419607
"Wave_615",0.655260952218015
"Wave_616",0.657485646574693
"Wave_617",0.645565849260494
"Wave_618",0.655166566367992
"Wave_619",0.67738026712267
"Wave_620",0.676097442234446
"Wave_621",0.670840047565701
"Wave_622",0.697002502213978
"Wave_623",0.703155743737668
"Wave_624",0.702188949257901
"Wave_625",0.687755122074225
"Wave_626",0.664285050395275
"Wave_627",0.65078593387523
"Wave_628",0.649141379832438
"Wave_629",0.662041961720439
"Wave_630",0.667132010464214
"Wave_631",0.661628521303334
"Wave_632",0.643128971322496
"Wave_633",0.611303813625043
"Wave_634",0.580174117847102
"Wave_635",0.583873202412939
"Wave_636",0.618323100773988
"Wave_637",0.641826181137647
"Wave_638",0.68129054411163
"Wave_639",0.706259279228383
"Wave_640",0.719823749330553
"Wave_641",0.740030898977856
"Wave_642",0.786549514394032
"Wave_643",0.822276470471954
"Wave_644",0.862258861620844
"Wave_645",0.909011970696877
"Wave_646",0.950057850436968
"Wave_647",0.987859119660904
"Wave_648",1.04192951949304
"Wave_649",1.06725277954528
"Wave_650",1.09192086233213
"Wave_651",1.11082705524491
"Wave_652",1.12820829280368
"Wave_653",1.13146395632044
"Wave_654",1.12926908385437
"Wave_655",1.13294038586906
"Wave_656",1.15537883538512
"Wave_657",1.16807994818439
"Wave_658",1.17456429325419
"Wave_659",1.15050478647558
"Wave_660",1.13656973940954
"Wave_661",1.1360454788653
"Wave_662",1.13058557372356
"Wave_663",1.15647047647941
"Wave_664",1.18203687755186
"Wave_665",1.17591957890883
"Wave_666",1.14820274745305
"Wave_667",1.09426612869367
"Wave_668",1.05015778330438
"Wave_669",0.996127399539938
"Wave_670",0.94062847281713
"Wave_671",0.876281214513074
"Wave_672",0.794729036314665
"Wave_673",0.716147211023029
"Wave_674",0.613021503874872
"Wave_675",0.484345531274419
"Wave_676",0.36576245031998
"Wave_677",0.243840417224786
"Wave_678",0.112476567381473
"Wave_679",-0.00516946683785727
"Wave_680",-0.133052784251764
"Wave_681",-0.27189228399713
"Wave_682",-0.409005733796137
"Wave_683",-0.537219808644135
"Wave_684",-0.665169558443439
"Wave_685",-0.794064619500712
"Wave_686",-0.905822060861819
"Wave_687",-1.01618237176421
"Wave_688",-1.11908174533422
"Wave_689",-1.2338659102778
"Wave_690",-1.35932818665234
"Wave_691",-1.49918256301748
"Wave_692",-1.66313995282285
"Wave_693",-1.82178094731018
"Wave_694",-1.95125729190713
"Wave_695",-2.09439658137412
"Wave_696",-2.24882092377777
"Wave_697",-2.38041334308153
"Wave_698",-2.46866982862535
"Wave_699",-2.56899518728804
"Wave_700",-2.62687160050488
"Wave_701",-2.66647024616952
"Wave_702",-2.67415199291128
"Wave_703",-2.61190741514827
"Wave_704",-2.52011451497244
"Wave_705",-2.44034479793786
"Wave_706",-2.27774464956148
"Wave_707",-2.0752317049735
"Wave_708",-1.86881476503979
"Wave_709",-1.68306914893953
"Wave_710",-1.40161936577703
"Wave_711",-1.12470071400677
"Wave_712",-0.860286915317131
"Wave_713",-0.646475668329067
"Wave_714",-0.363719395198597
"Wave_715",-0.105796331877778
"Wave_716",0.133018965334595
"Wave_717",0.356165736881975
"Wave_718",0.639107616365627
"Wave_719",0.860827669251877
"Wave_720",1.0371853014225
"Wave_721",1.23110341534755
"Wave_722",1.38420365304018
"Wave_723",1.50691539471988
"Wave_724",1.63913776952287
"Wave_725",1.72424041208511
"Wave_726",1.79516243149821
"Wave_727",1.85571254968761
"Wave_728",1.85263761258182
"Wave_729",1.83640596782852
"Wave_730",1.78561774734654
"Wave_731",1.7463454115015
"Wave_732",1.68111694700786
"Wave_733",1.62806790919496
"Wave_734",1.56265376241202
"Wave_735",1.45274094075154
"Wave_736",1.38463308830004
"Wave_737",1.32919983807899
"Wave_738",1.26187839559052
"Wave_739",1.1199345517674
"Wave_740",1.04723632359237
"Wave_741",0.976178810542371
"Wave_742",0.902524804480659
"Wave_743",0.836956340867664
"Wave_744",0.749754959922491
"Wave_745",0.707668398492192
"Wave_746",0.641929097426613
"Wave_747",0.616093009293088
"Wave_748",0.630742743826056
"Wave_749",0.613659196015486
"Wave_750",0.616214658067556
"Wave_751",0.593529167062989
"Wave_752",0.534450521305434
"Wave_753",0.503588944691283
"Wave_754",0.49479348454623
"Wave_755",0.515273377812817
"Wave_756",0.514470001239838
"Wave_757",0.538987139945233
"Wave_758",0.535057737813887
"Wave_759",0.524131681860226
"Wave_760",0.545669712328284
"Wave_761",0.52316960885345
"Wave_762",0.518296614608872
"Wave_763",0.530580083585806
"Wave_764",0.563867677684414
"Wave_765",0.601912787517537
"Wave_766",0.63712919622856
"Wave_767",0.648724433289582
"Wave_768",0.635970054947258
"Wave_769",0.682084052592086
"Wave_770",0.689379132962436
"Wave_771",0.706010831057378
"Wave_772",0.704112317387068
"Wave_773",0.700610883243951
"Wave_774",0.712529331300893
"Wave_775",0.737509658805878
"Wave_776",0.723714119970112
"Wave_777",0.732072510898891
"Wave_778",0.718063940667305
"Wave_779",0.717457261358602
"Wave_780",0.744059107710665
"Wave_781",0.751887347285598
"Wave_782",0.737243460167973
"Wave_783",0.780663668482678
"Wave_784",0.798282049372879
"Wave_785",0.793571180445636
"Wave_786",0.709525632854612
"Wave_787",0.700704217349109
"Wave_788",0.715773144770191
"Wave_789",0.737930307793854
"Wave_790",0.692553062168709
"Wave_791",0.692920676191547
"Wave_792",0.67447334848963
"Wave_793",0.661360622845146
"Wave_794",0.674276494275329
"Wave_795",0.669501584866387
"Wave_796",0.68805395684063
"Wave_797",0.661285683044068
"Wave_798",0.626984906706917
"Wave_799",0.594382903033817
"Wave_800",0.595465320059763
"Wave_801",0.61021666991172
"Wave_802",0.587476068332454
"Wave_803",0.584796753565305
"Wave_804",0.576031790430753
"Wave_805",0.5474882297761
"Wave_806",0.581867298730305
"Wave_807",0.564225204444079
"Wave_808",0.557485704333864
"Wave_809",0.522914423401402
"Wave_810",0.453575252073991
"Wave_811",0.450211031484565
"Wave_812",0.497530671884451
"Wave_813",0.497433537300936
"Wave_814",0.477072137971322
"Wave_815",0.406101934541515
"Wave_816",0.380980690465694
"Wave_817",0.357864335914721
"Wave_818",0.328693391092859
"Wave_819",0.306942796059725
"Wave_820",0.329328843716796
"Wave_821",0.279466608364302
"Wave_822",0.255586397076245
"Wave_823",0.252459795369513
"Wave_824",0.224993480130299
"Wave_825",0.255010889116209
"Wave_826",0.257108773746366
"Wave_827",0.18303457633265
"Wave_828",0.120980448385703
"Wave_829",0.156820239800868
"Wave_830",0.13130400477969
"Wave_831",0.173386652754438
"Wave_832",0.174717977976106
"Wave_833",0.0996126201097898
"Wave_834",0.0555317861833139
"Wave_835",0.0305963497541393
"Wave_836",0.0794986228519517
"Wave_837",0.0482337758545738
"Wave_838",0.0387102201089156
"Wave_839",0.0287926979516314
"Wave_840",0.0076526343158575
"Wave_841",-0.01253719848605
"Wave_842",0.0330116931919672
"Wave_843",-0.0115719132791989
"Wave_844",-0.0331434270806931
"Wave_845",0.00968370863395544
"Wave_846",-0.0967733227702623
"Wave_847",-0.112801536865642
"Wave_848",-0.102649937299858
"Wave_849",-0.171652972336507
"Wave_850",-0.201617696749617
"Wave_851",-0.203697560613244
"Wave_852",-0.211082492188275
"Wave_853",-0.254025820483905
"Wave_854",-0.261483444767252
"Wave_855",-0.193597361064594
"Wave_856",-0.192694114661102
"Wave_857",-0.200225022307755
"Wave_858",-0.24068971360238
"Wave_859",-0.280127852268783
"Wave_860",-0.259530045537043
"Wave_861",-0.242274150539673
"Wave_862",-0.262345740029536
"Wave_863",-0.273109653331354
"Wave_864",-0.302243071114435
"Wave_865",-0.34452082509531
"Wave_866",-0.393408337155512
"Wave_867",-0.392443611411986
"Wave_868",-0.357740922212562
"Wave_869",-0.343518275795572
"Wave_870",-0.390168784845951
"Wave_871",-0.42953991049621
"Wave_872",-0.39496788844284
"Wave_873",-0.375290094517005
"Wave_874",-0.411472041304156
"Wave_875",-0.44221321233367
"Wave_876",-0.456337598210883
"Wave_877",-0.480224819052287
"Wave_878",-0.428839537140507
"Wave_879",-0.429525493731266
"Wave_880",-0.476582784425404
"Wave_881",-0.536109783038909
"Wave_882",-0.563640956722136
"Wave_883",-0.46317480556826
"Wave_884",-0.543002009528711
"Wave_885",-0.50064609082759
"Wave_886",-0.532971659492051
"Wave_887",-0.590359156511368
"Wave_888",-0.657425890725846
"Wave_889",-0.654571127149581
"Wave_890",-0.703799913389602
"Wave_891",-0.659498068809163
"Wave_892",-0.612948023198012
"Wave_893",-0.599118618845178
"Wave_894",-0.657363045616858
"Wave_895",-0.734411478708062
"Wave_896",-0.754117995935192
"Wave_897",-0.700560152366753
"Wave_898",-0.674095873340489
"Wave_899",-0.710011991686475
"Wave_900",-0.774281777145304
"Wave_901",-0.788979408648696
"Wave_902",-0.750935613825455
"Wave_903",-0.672415485215119
"Wave_904",-0.732473905394415
"Wave_905",-0.770146054446644
"Wave_906",-0.794121654283334
"Wave_907",-0.910220886819741
"Wave_908",-0.924384430891188
"Wave_909",-0.855425295294553
"Wave_910",-0.854379215808982
"Wave_911",-0.866317571600175
"Wave_912",-0.902816839976057
"Wave_913",-0.953250721715464
"Wave_914",-0.90704820061919
"Wave_915",-0.845579325276732
"Wave_916",-0.793406241314589
"Wave_917",-0.866190438344221
"Wave_918",-0.955540927038751
"Wave_919",-0.968424103606299
"Wave_920",-0.899669350968556
"Wave_921",-0.876978422741627
"Wave_922",-0.869387310706541
"Wave_923",-0.974982613762769
"Wave_924",-1.04300499277377
"Wave_925",-1.08723657679667
"Wave_926",-1.07638217445705
"Wave_927",-0.912529420463084
"Wave_928",-0.785060729962924
"Wave_929",-0.861370492547756
"Wave_930",-0.910375171707562
"Wave_931",-1.01553972811773
"Wave_932",-1.02586905030578
"Wave_933",-0.910526326076052
"Wave_934",-0.937504866342754
"Wave_935",-1.06433444660724
"Wave_936",-1.05113057670995
"Wave_937",-1.14107393785616
"Wave_938",-1.10632935549638
"Wave_939",-0.99367915683467
"Wave_940",-0.9263661940378
"Wave_941",-0.962848008134137
"Wave_942",-1.19826037819411
"Wave_943",-1.11773473045457
"Wave_944",-1.16987654186163
"Wave_945",-1.16128239850714
"Wave_946",-1.09563267828824
"Wave_947",-1.04533940802916
"Wave_948",-1.0499474441712
"Wave_949",-1.28487740194119
"Wave_950",-1.22081276199137
"Wave_951",-1.17663346602959
"Wave_952",-1.07220112351481
"Wave_953",-1.02384158768896
"Wave_954",-1.1110259874922
"Wave_955",-1.20121282637862
"Wave_956",-1.40744310716112
"Wave_957",-1.21871574764057
"Wave_958",-1.03094972830389
"Wave_959",-1.00104872377982
"Wave_960",-1.11672787418845
"Wave_961",-1.2406896119609
"Wave_962",-1.25446978409495
"Wave_963",-1.14783444841856
"Wave_964",-1.07451986906203
"Wave_965",-1.04183718002983
"Wave_966",-1.15980395579067
"Wave_967",-1.22656976795041
"Wave_968",-1.20904971840102
"Wave_969",-1.2740047368393
"Wave_970",-1.13312223119846
"Wave_971",-1.11338514187122
"Wave_972",-1.06546469012703
"Wave_973",-1.11477275013941
"Wave_974",-1.16408085555334
"Wave_975",-1.18825429559949
"Wave_976",-1.20320547466827
"Wave_977",-1.21374868770727
"Wave_978",-1.22429190890767
"Wave_979",-1.19968904779423
"Wave_980",-1.18006482682669
"Wave_981",-1.16636308665632
"Wave_982",-1.15444449219503
"Wave_983",-1.15857419350718
"Wave_984",-1.08032063921873
"Wave_985",-0.981471258334239
"Wave_986",-0.890106694297827
"Wave_987",-0.828681285762262
"Wave_988",-0.769633987586229
"Wave_989",-0.710586686628464
"Wave_990",-0.64069180419991
"Wave_991",-0.563959811969459
"Wave_992",-0.52496485193188
"Wave_993",-0.485969883230806
"Wave_994",-0.434784174517898
"Wave_995",-0.365478256544795
"Wave_996",-0.272855261954567
"Wave_997",-0.180232254208753
"Wave_998",-0.158718842685972
"Wave_999",-0.171723708697466
"Wave_1000",-0.188771325168788
"Wave_1001",-0.205818936245831
"Wave_1002",-0.157285417126425
"Wave_1003",-0.101778418123956
"Wave_1004",-0.0464057205857416
"Wave_1005",0.00779954760154621
"Wave_1006",0.0514978214477942
"Wave_1007",0.111496937462869
"Wave_1008",0.173307233025064
"Wave_1009",0.225145883653133
"Wave_1010",0.236327663213968
"Wave_1011",0.240577204462159
"Wave_1012",0.244826718520054
"Wave_1013",0.246802066305235
"Wave_1014",0.244422144503408
"Wave_1015",0.239839466590925
"Wave_1016",0.235256792044968
"Wave_1017",0.238881218184685
"Wave_1018",0.241908273499447
"Wave_1019",0.238866480344683
"Wave_1020",0.235824697724743
"Wave_1021",0.230371402690647
"Wave_1022",0.225405322735255
"Wave_1023",0.221090933160107
"Wave_1024",0.216776582918039
"Wave_1025",0.213591116634683
"Wave_1026",0.211701703709604
"Wave_1027",0.209942355286512
"Wave_1028",0.208988330359838
"Wave_1029",0.214915399619834
"Wave_1030",0.21754142015075
"Wave_1031",0.22016745173469
"Wave_1032",0.2244692223805
"Wave_1033",0.232196904276055
"Wave_1034",0.232278108304529
"Wave_1035",0.232359296378833
"Wave_1036",0.230132824491174
"Wave_1037",0.227672663776017
"Wave_1038",0.228440299265612
"Wave_1039",0.229207952472289
"Wave_1040",0.233654343257986
"Wave_1041",0.23544212731472
"Wave_1042",0.235039405380604
"Wave_1043",0.234636693981402
"Wave_1044",0.235681915116591
"Wave_1045",0.235373645813715
"Wave_1046",0.234874773354788
"Wave_1047",0.234375924467325
"Wave_1048",0.23549225035816
"Wave_1049",0.230115011851285
"Wave_1050",0.224737750330975
"Wave_1051",0.219511074774622
"Wave_1052",0.216380208943247
"Wave_1053",0.214977618176487
"Wave_1054",0.213575034260766
"Wave_1055",0.212937495785544
"Wave_1056",0.212001188755345
"Wave_1057",0.208981012473906
"Wave_1058",0.205960838946832
"Wave_1059",0.203628765044298
"Wave_1060",0.200995929566626
"Wave_1061",0.197939302572053
"Wave_1062",0.194882668628737
"Wave_1063",0.192634351807298
"Wave_1064",0.19150674416881
"Wave_1065",0.190465171018368
"Wave_1066",0.189423611768272
"Wave_1067",0.190700764421586
"Wave_1068",0.189896387803465
"Wave_1069",0.18909203246424
"Wave_1070",0.188287675349671
"Wave_1071",0.18878653267794
"Wave_1072",0.188820145075823
"Wave_1073",0.188853777418164
"Wave_1074",0.190938850670454
"Wave_1075",0.198316751027673
"Wave_1076",0.202781634305893
"Wave_1077",0.207246531375115
"Wave_1078",0.208503982980823
"Wave_1079",0.205794349455689
"Wave_1080",0.203446473899645
"Wave_1081",0.201098620528541
"Wave_1082",0.202613875214023
"Wave_1083",0.196918056003332
"Wave_1084",0.190134866968934
"Wave_1085",0.183351662765436
"Wave_1086",0.17827636155569
"Wave_1087",0.17203807426827
"Wave_1088",0.165799785035472
"Wave_1089",0.159561485350867
"Wave_1090",0.151397457395978
"Wave_1091",0.148570095077037
"Wave_1092",0.145742762709328
"Wave_1093",0.143880559132188
"Wave_1094",0.146677551541514
"Wave_1095",0.150006968460657
"Wave_1096",0.153336366821666
"Wave_1097",0.157918625217227
"Wave_1098",0.164359390671966
"Wave_1099",0.170534005785301
"Wave_1100",0.176708608880297
"Wave_1101",0.183233272999698
"Wave_1102",0.185895348900374
"Wave_1103",0.188557416704794
"Wave_1104",0.191219487929552
"Wave_1105",0.192148998777141
"Wave_1106",0.189853498065225
"Wave_1107",0.187557991419015
"Wave_1108",0.18526249656444
"Wave_1109",0.184130226703085
"Wave_1110",0.180973942082646
"Wave_1111",0.177817647971725
"Wave_1112",0.175925296158023
"Wave_1113",0.181429513543549
"Wave_1114",0.184281101699687
"Wave_1115",0.187132719018704
"Wave_1116",0.187925537186372
"Wave_1117",0.181892514748369
"Wave_1118",0.175353957645528
"Wave_1119",0.168815420394381
"Wave_1120",0.170870375878007
"Wave_1121",0.174127894029165
"Wave_1122",0.177385425933711
"Wave_1123",0.180642937550192
"Wave_1124",0.196316608343939
"Wave_1125",0.206185349529784
"Wave_1126",0.216054102748894
"Wave_1127",0.225922850473742
"Wave_1128",0.243059143686544
"Wave_1129",0.248721208472196
"Wave_1130",0.254383312158599
"Wave_1131",0.2630620044317
"Wave_1132",0.281154583699757
"Wave_1133",0.291646224884334
"Wave_1134",0.302137842072272
"Wave_1135",0.317884132480125
"Wave_1136",0.33117190570583
"Wave_1137",0.342824190929874
"Wave_1138",0.354476475478538
"Wave_1139",0.368182447208754
"Wave_1140",0.364257265225998
"Wave_1141",0.360332113718878
"Wave_1142",0.356406928048713
"Wave_1143",0.344628011244649
"Wave_1144",0.334174696284166
"Wave_1145",0.323721393320188
"Wave_1146",0.313268089834504
"Wave_1147",0.291110046343592
"Wave_1148",0.275172392358947
"Wave_1149",0.259234727469856
"Wave_1150",0.241229502779749
"Wave_1151",0.224574386156878
"Wave_1152",0.212908869099291
"Wave_1153",0.201243322935061
"Wave_1154",0.176962853966177
"Wave_1155",0.163344082298159
"Wave_1156",0.149725305834022
"Wave_1157",0.136106536801189
"Wave_1158",0.120129771990559
"Wave_1159",0.112735237679578
"Wave_1160",0.105340727031459
"Wave_1161",0.0979461775365167
"Wave_1162",0.0844103287460615
"Wave_1163",0.0711397947498102
"Wave_1164",0.0578692671469534
"Wave_1165",0.0445987294703223
"Wave_1166",0.0351186449651614
"Wave_1167",0.02856461293515
"Wave_1168",0.0220105526895103
"Wave_1169",0.0147554007063912
"Wave_1170",0.00917797221645394
"Wave_1171",0.00409856678123625
"Wave_1172",-0.000980866377272432
"Wave_1173",-0.0026473860205697
"Wave_1174",0.00106084195021894
"Wave_1175",0.00476906888816368
"Wave_1176",0.00847729833810895
"Wave_1177",0.00870287319090499
"Wave_1178",0.00884454597272306
"Wave_1179",0.00898620988538161
"Wave_1180",0.00912789457447229
"Wave_1181",0.00925190350589765
"Wave_1182",0.00848312093273949
"Wave_1183",0.00771434653083121
"Wave_1184",0.00694555535854649
"Wave_1185",0.00103089150941116
"Wave_1186",-0.0055662344350014
"Wave_1187",-0.0121633847515594
"Wave_1188",-0.0199846490617319
"Wave_1189",-0.0222376020845388
"Wave_1190",-0.0244905253967922
"Wave_1191",-0.0267434779924561
"Wave_1192",-0.0313165789126659
"Wave_1193",-0.0327814434025998
"Wave_1194",-0.034246300573359
"Wave_1195",-0.0357111549798853
"Wave_1196",-0.0348659737390564
"Wave_1197",-0.0323807890601356
"Wave_1198",-0.0298955791446633
"Wave_1199",-0.0274103980442281
"Wave_1200",-0.0298095020028719
"Wave_1201",-0.0329461182279673
"Wave_1202",-0.0360827364011668
"Wave_1203",-0.0397325031161496
"Wave_1204",-0.0424885010521672
"Wave_1205",-0.0446320497204882
"Wave_1206",-0.0467755882213355
"Wave_1207",-0.0458954040847443
"Wave_1208",-0.0356983273520365
"Wave_1209",-0.0255012812136462
"Wave_1210",-0.0153042013472457
"Wave_1211",-0.007522739090807
"Wave_1212",-0.00316416395484324
"Wave_1213",0.00119442251807888
"Wave_1214",0.00555302185320221
"Wave_1215",0.00403293878052413
"Wave_1216",0.000777091105172052
"Wave_1217",-0.00247875755625759
"Wave_1218",-0.00573459330055199
"Wave_1219",-0.00206210529786367
"Wave_1220",0.0016614190746063
"Wave_1221",0.00538495216293626
"Wave_1222",0.007767568799854
"Wave_1223",0.00815493622036927
"Wave_1224",0.00854230105336454
"Wave_1225",0.00892967100855098
"Wave_1226",0.0129602458404873
"Wave_1227",0.0193630025298219
"Wave_1228",0.0257657640546706
"Wave_1229",0.032168536480382
"Wave_1230",0.0330014773607096
"Wave_1231",0.0303126393200891
"Wave_1232",0.0276238162049469
"Wave_1233",0.0249349969604563
"Wave_1234",0.0234410482349663
"Wave_1235",0.0223813892891293
"Wave_1236",0.0213217199948524
"Wave_1237",0.0207555230762711
"Wave_1238",0.023905640395838
"Wave_1239",0.0270557377688503
"Wave_1240",0.0302058355628809
"Wave_1241",0.0340251760948951
"Wave_1242",0.0385460863895802
"Wave_1243",0.0430670165638388
"Wave_1244",0.0475879370493369
"Wave_1245",0.0471185438852027
"Wave_1246",0.0416947569368549
"Wave_1247",0.0362709915066252
"Wave_1248",0.0308472171012331
"Wave_1249",0.0338789730036181
"Wave_1250",0.0386835710531497
"Wave_1251",0.0434881702142988
"Wave_1252",0.0484158741405282
"Wave_1253",0.0512354335832955
"Wave_1254",0.0540550091677101
"Wave_1255",0.0568745780516453
"Wave_1256",0.0594731208418301
"Wave_1257",0.0615560151417165
"Wave_1258",0.0636389231244039
"Wave_1259",0.0657218062384268
"Wave_1260",0.0676151094755821
"Wave_1261",0.0680658321581947
"Wave_1262",0.0685165436137859
"Wave_1263",0.0689672856884793
"Wave_1264",0.0719293487338488
"Wave_1265",0.0755192333672161
"Wave_1266",0.0791091625272606
"Wave_1267",0.0828625812575762
"Wave_1268",0.0825482064220313
"Wave_1269",0.0822338057089071
"Wave_1270",0.0819194245923589
"Wave_1271",0.0833293823436264
"Wave_1272",0.0900531556476403
"Wave_1273",0.0967769338975596
"Wave_1274",0.103500715805296
"Wave_1275",0.10945768217091
"Wave_1276",0.111715954109331
"Wave_1277",0.113974230874293
"Wave_1278",0.11623250453327
"Wave_1279",0.118249829606958
"Wave_1280",0.120241092754191
"Wave_1281",0.12223236415295
"Wave_1282",0.124223621393551
"Wave_1283",0.13200221350382
"Wave_1284",0.13978082038355
"Wave_1285",0.147559418276823
"Wave_1286",0.154986427431662
"Wave_1287",0.157412768991369
"Wave_1288",0.159839145269498
"Wave_1289",0.162265489102728
"Wave_1290",0.165046155894869
"Wave_1291",0.168181137038745
"Wave_1292",0.171316125130931
"Wave_1293",0.174451118419126
"Wave_1294",0.176779244481285
"Wave_1295",0.178905658843613
"Wave_1296",0.181032092213002
"Wave_1297",0.183158510507727
"Wave_1298",0.189552393503941
"Wave_1299",0.195946282478043
"Wave_1300",0.202340175075256
"Wave_1301",0.208559611216867
"Wave_1302",0.214372087344677
"Wave_1303",0.220184536243389
"Wave_1304",0.225996999458536
"Wave_1305",0.231509320312932
"Wave_1306",0.235876818601919
"Wave_1307",0.240244300213323
"Wave_1308",0.244611774812817
"Wave_1309",0.2536212271937
"Wave_1310",0.263791144434988
"Wave_1311",0.273961074980092
"Wave_1312",0.283836367832353
"Wave_1313",0.289229463865617
"Wave_1314",0.294622576254649
"Wave_1315",0.300015683554989
"Wave_1316",0.306180723149293
"Wave_1317",0.314146909105279
"Wave_1318",0.322113119674757
"Wave_1319",0.330079308762211
"Wave_1320",0.334266879579735
"Wave_1321",0.33593534781791
"Wave_1322",0.3376038321883
"Wave_1323",0.339272301927889
"Wave_1324",0.336681985650739
"Wave_1325",0.333026977411584
"Wave_1326",0.329371937829845
"Wave_1327",0.325392878018685
"Wave_1328",0.318497576397179
"Wave_1329",0.311602246428632
"Wave_1330",0.304706920173421
"Wave_1331",0.298398920006887
"Wave_1332",0.293720457727435
"Wave_1333",0.289041986706434
"Wave_1334",0.284363503198256
"Wave_1335",0.279866133992224
"Wave_1336",0.275489461699709
"Wave_1337",0.271112777557615
"Wave_1338",0.266736120350598
"Wave_1339",0.261567124279706
"Wave_1340",0.256310086616495
"Wave_1341",0.251053081025909
"Wave_1342",0.24587869561814
"Wave_1343",0.241034968397811
"Wave_1344",0.236191224837039
"Wave_1345",0.231347498500539
"Wave_1346",0.223479527742507
"Wave_1347",0.211075230427088
"Wave_1348",0.198670913799668
"Wave_1349",0.186266593715983
"Wave_1350",0.175815222829426
"Wave_1351",0.166200805275358
"Wave_1352",0.156586426471011
"Wave_1353",0.14697202098586
"Wave_1354",0.13998998439131
"Wave_1355",0.133007953625639
"Wave_1356",0.126025909642343
"Wave_1357",0.120316181740261
"Wave_1358",0.11969568803305
"Wave_1359",0.119075201859008
"Wave_1360",0.118454706628436
"Wave_1361",0.122564854694894
"Wave_1362",0.131405640216672
"Wave_1363",0.140246434297392
"Wave_1364",0.149087206843325
"Wave_1365",0.166718814265599
"Wave_1366",0.186548110024572
"Wave_1367",0.206377405978829
"Wave_1368",0.227367616868039
"Wave_1369",0.258805835562643
"Wave_1370",0.290244063181802
"Wave_1371",0.321682297317388
"Wave_1372",0.352269653501882
"Wave_1373",0.380871727350039
"Wave_1374",0.40947378329113
"Wave_1375",0.438075846960572
"Wave_1376",0.466662470395508
"Wave_1377",0.495238746849799
"Wave_1378",0.523815044195503
"Wave_1379",0.552391332490004
"Wave_1380",0.578155716419303
"Wave_1381",0.603607664257139
"Wave_1382",0.629059607581944
"Wave_1383",0.651061454468271
"Wave_1384",0.659263088511842
"Wave_1385",0.667464677350281
"Wave_1386",0.675666267084409
"Wave_1387",0.666228124455439
"Wave_1388",0.639150231308728
"Wave_1389",0.612072306709379
"Wave_1390",0.584994379356647
"Wave_1391",0.563769344028041
"Wave_1392",0.541046034494307
"Wave_1393",0.518322732668859
"Wave_1394",0.495599430192394
"Wave_1395",0.450202113513386
"Wave_1396",0.404804802323747
"Wave_1397",0.359407483825447
"Wave_1398",0.313087369570648
"Wave_1399",0.264614047129492
"Wave_1400",0.216140712696469
"Wave_1401",0.167667385896662
"Wave_1402",0.121832902870166
"Wave_1403",0.0777576655224352
"Wave_1404",0.0336824408216678
"Wave_1405",-0.0103928017913942
"Wave_1406",-0.0450233883743737
"Wave_1407",-0.0786045512689731
"Wave_1408",-0.112185727037996
"Wave_1409",-0.143875955587116
"Wave_1410",-0.168002437656716
"Wave_1411",-0.19212892845125
"Wave_1412",-0.216255397885645
"Wave_1413",-0.235419133021787
"Wave_1414",-0.249620130751861
"Wave_1415",-0.263821126968325
"Wave_1416",-0.278022135979573
"Wave_1417",-0.286635025182231
"Wave_1418",-0.293850878917718
"Wave_1419",-0.301066727144712
"Wave_1420",-0.307697424827
"Wave_1421",-0.309061759748924
"Wave_1422",-0.310426104776328
"Wave_1423",-0.311790441979897
"Wave_1424",-0.310282974308948
"Wave_1425",-0.306908622007663
"Wave_1426",-0.303534245034072
"Wave_1427",-0.300159880510073
"Wave_1428",-0.295298174014211
"Wave_1429",-0.289799031717212
"Wave_1430",-0.284299890283284
"Wave_1431",-0.278800743408625
"Wave_1432",-0.271357153835983
"Wave_1433",-0.264528939745782
"Wave_1434",-0.257700708026295
"Wave_1435",-0.249807311831113
"Wave_1436",-0.240366726933894
"Wave_1437",-0.230926163583491
"Wave_1438",-0.221485602400819
"Wave_1439",-0.21127645246609
"Wave_1440",-0.200554918947561
"Wave_1441",-0.189833392166534
"Wave_1442",-0.179111871040359
"Wave_1443",-0.169636331377825
"Wave_1444",-0.160657978919438
"Wave_1445",-0.151679606099705
"Wave_1446",-0.142516164222765
"Wave_1447",-0.13261240668323
"Wave_1448",-0.122708636728081
"Wave_1449",-0.112804877975029
"Wave_1450",-0.103933277615646
"Wave_1451",-0.0960938561658762
"Wave_1452",-0.088254444664713
"Wave_1453",-0.0804150116052599
"Wave_1454",-0.0749878566504521
"Wave_1455",-0.0701637404000288
"Wave_1456",-0.0653396446568446
"Wave_1457",-0.0604996582993804
"Wave_1458",-0.0555165506232118
"Wave_1459",-0.0505334584252063
"Wave_1460",-0.0455503570051967
"Wave_1461",-0.0406576885198884
"Wave_1462",-0.0359006883864174
"Wave_1463",-0.0311436853853231
"Wave_1464",-0.0263866945453404
"Wave_1465",-0.020651230818563
"Wave_1466",-0.0144964228869239
"Wave_1467",-0.00834164263262701
"Wave_1468",-0.00218684585925828
"Wave_1469",0.000752003963981423
"Wave_1470",0.0036908554202901
"Wave_1471",0.00662969476762987
"Wave_1472",0.0103210464668835
"Wave_1473",0.0157682390174517
"Wave_1474",0.021215409492446
"Wave_1475",0.0266625853552849
"Wave_1476",0.0313791245298846
"Wave_1477",0.0352741545647238
"Wave_1478",0.0391692005666613
"Wave_1479",0.0430642389144835
"Wave_1480",0.0475685233579708
"Wave_1481",0.0513280985368988
"Wave_1482",0.0550876927380472
"Wave_1483",0.0600373001628314
"Wave_1484",0.067763619059254
"Wave_1485",0.0754899277014906
"Wave_1486",0.0832162559218348
"Wave_1487",0.0869209063488987
"Wave_1488",0.087944442801741
"Wave_1489",0.0889680025364482
"Wave_1490",0.0899915243206964
"Wave_1491",0.0938179883603422
"Wave_1492",0.0979558722906283
"Wave_1493",0.102093784092027
"Wave_1494",0.105090883425102
"Wave_1495",0.1035248560563
"Wave_1496",0.101958828112607
"Wave_1497",0.100392809808923
"Wave_1498",0.102061279197832
"Wave_1499",0.105886080401338
"Wave_1500",0.109710893631875
"Wave_1501",0.113535719825003
"Wave_1502",0.113707435011917
"Wave_1503",0.113473261186069
"Wave_1504",0.113239074439845
"Wave_1505",0.113533606576814
"Wave_1506",0.115942924106188
"Wave_1507",0.118352250692991
"Wave_1508",0.120761591129201
"Wave_1509",0.119548676255658
"Wave_1510",0.115004077652642
"Wave_1511",0.110459467927635
"Wave_1512",0.105914857073142
"Wave_1513",0.0979168540762903
"Wave_1514",0.089535141751605
"Wave_1515",0.0811534350581828
"Wave_1516",0.0738454788992755
"Wave_1517",0.0708325516494334
"Wave_1518",0.0678196390797318
"Wave_1519",0.064806710006709
"Wave_1520",0.0601979156386471
"Wave_1521",0.053883696476992
"Wave_1522",0.0475695045018289
"Wave_1523",0.0412552792874255
"Wave_1524",0.0315902078563868
"Wave_1525",0.0212918023967607
"Wave_1526",0.0109934100363443
"Wave_1527",0.0014158034519897
"Wave_1528",-0.00527861028246074
"Wave_1529",-0.0119730229279488
"Wave_1530",-0.0186674347620454
"Wave_1531",-0.0274280287926505
"Wave_1532",-0.0380359944111885
"Wave_1533",-0.0486439629687975
"Wave_1534",-0.0592519182808317
"Wave_1535",-0.071294669605545
"Wave_1536",-0.0834968805386021
"Wave_1537",-0.0956990475547827
"Wave_1538",-0.107239416546697
"Wave_1539",-0.116132535329893
"Wave_1540",-0.125025660982673
"Wave_1541",-0.133918749406148
"Wave_1542",-0.143410771149965
"Wave_1543",-0.152899218671386
"Wave_1544",-0.162387684233407
"Wave_1545",-0.171876109545162
"Wave_1546",-0.184841124528316
"Wave_1547",-0.198192406600382
"Wave_1548",-0.211543677306484
"Wave_1549",-0.22416635004219
"Wave_1550",-0.234735560927633
"Wave_1551",-0.245304760526859
"Wave_1552",-0.255873966696301
"Wave_1553",-0.263190738151716
"Wave_1554",-0.268339214706375
"Wave_1555",-0.273487685276297
"Wave_1556",-0.278636157344657
"Wave_1557",-0.289751056282937
"Wave_1558",-0.300937140448973
"Wave_1559",-0.312123194806077
"Wave_1560",-0.32248497569162
"Wave_1561",-0.330923403632006
"Wave_1562",-0.339361838422774
"Wave_1563",-0.347800240501264
"Wave_1564",-0.35658111171841
"Wave_1565",-0.365620528278207
"Wave_1566",-0.374659930149062
"Wave_1567",-0.383699349399197
"Wave_1568",-0.38005601634143
"Wave_1569",-0.376412669045248
"Wave_1570",-0.372769342245761
"Wave_1571",-0.373991487972884
"Wave_1572",-0.381434054152528
"Wave_1573",-0.388876613851933
"Wave_1574",-0.396319178807019
"Wave_1575",-0.401394052256473
"Wave_1576",-0.405571724132981
"Wave_1577",-0.409749406517515
"Wave_1578",-0.413937023602208
"Wave_1579",-0.417661879392487
"Wave_1580",-0.421386735028981
"Wave_1581",-0.425111614691673
"Wave_1582",-0.427051050837141
"Wave_1583",-0.426225063172851
"Wave_1584",-0.425399058637546
"Wave_1585",-0.424573044384473
"Wave_1586",-0.42542314011138
"Wave_1587",-0.426272759706031
"Wave_1588",-0.427122370852696
"Wave_1589",-0.427578532299076
"Wave_1590",-0.424621760973473
"Wave_1591",-0.421664988976776
"Wave_1592",-0.418708207629551
"Wave_1593",-0.417591529856564
"Wave_1594",-0.417696993463476
"Wave_1595",-0.417802483122069
"Wave_1596",-0.417907963745005
"Wave_1597",-0.417587411440584
"Wave_1598",-0.416537347448158
"Wave_1599",-0.415487271555998
"Wave_1600",-0.414273716383448
"Wave_1601",-0.41160069539435
"Wave_1602",-0.40892768242541
"Wave_1603",-0.406254670366435
"Wave_1604",-0.401770958967983
"Wave_1605",-0.396596822550442
"Wave_1606",-0.391422690903562
"Wave_1607",-0.386661877469358
"Wave_1608",-0.387489945350944
"Wave_1609",-0.388525676017297
"Wave_1610",-0.389561393580057
"Wave_1611",-0.389111371784079
"Wave_1612",-0.383748202179819
"Wave_1613",-0.378385015822853
"Wave_1614",-0.37302182051694
"Wave_1615",-0.367107029712742
"Wave_1616",-0.36062267071479
"Wave_1617",-0.354138311028373
"Wave_1618",-0.348184985689183
"Wave_1619",-0.346280934949258
"Wave_1620",-0.344376905000237
"Wave_1621",-0.342472874033639
"Wave_1622",-0.340180731163889
"Wave_1623",-0.338054503790928
"Wave_1624",-0.335928281395119
"Wave_1625",-0.333802056088191
"Wave_1626",-0.327955719113542
"Wave_1627",-0.320356291586188
"Wave_1628",-0.312756876958124
"Wave_1629",-0.305823021389157
"Wave_1630",-0.303192905576483
"Wave_1631",-0.300562789202387
"Wave_1632",-0.297932665150331
"Wave_1633",-0.299393438158859
"Wave_1634",-0.300410560084693
"Wave_1635",-0.301427692367042
"Wave_1636",-0.301999551310058
"Wave_1637",-0.302523087315803
"Wave_1638",-0.30348652812289
"Wave_1639",-0.3044499861998
"Wave_1640",-0.306182553122411
"Wave_1641",-0.307012146270774
"Wave_1642",-0.307841749419482
"Wave_1643",-0.308671343067304
"Wave_1644",-0.308719827765557
"Wave_1645",-0.307766549026123
"Wave_1646",-0.306813308746607
"Wave_1647",-0.308895411231022
"Wave_1648",-0.312250676089395
"Wave_1649",-0.315605940978073
"Wave_1650",-0.318961203986791
"Wave_1651",-0.321724335110934
"Wave_1652",-0.322527697232769
"Wave_1653",-0.323331030206149
"Wave_1654",-0.324406736879731
"Wave_1655",-0.328407964337761
"Wave_1656",-0.33252776550503
"Wave_1657",-0.336647589354499
"Wave_1658",-0.338440096585758
"Wave_1659",-0.334974182400589
"Wave_1660",-0.331508230851222
"Wave_1661",-0.328042297842894
"Wave_1662",-0.327310811077636
"Wave_1663",-0.327664701429028
"Wave_1664",-0.328018574144731
"Wave_1665",-0.329013288594671
"Wave_1666",-0.311894204399781
"Wave_1667",-0.294775130624392
"Wave_1668",-0.277656027146071
"Wave_1669",-0.266647036986405
"Wave_1670",-0.259004560753101
"Wave_1671",-0.251362100125069
"Wave_1672",-0.24368967212955
"Wave_1673",-0.234619358257156
"Wave_1674",-0.22526701199093
"Wave_1675",-0.215914648390695
"Wave_1676",-0.209436151615818
"Wave_1677",-0.203062265214437
"Wave_1678",-0.196688369140323
"Wave_1679",-0.190314484482808
"Wave_1680",-0.189278275951728
"Wave_1681",-0.188414944481098
"Wave_1682",-0.187551608273893
"Wave_1683",-0.189714270427741
"Wave_1684",-0.194308631659466
"Wave_1685",-0.198902971666511
"Wave_1686",-0.203497332174152
"Wave_1687",-0.212501650001508
"Wave_1688",-0.22587482448306
"Wave_1689",-0.239248015097961
"Wave_1690",-0.252502476506919
"Wave_1691",-0.259729958550647
"Wave_1692",-0.265717764488238
"Wave_1693",-0.271705581428323
"Wave_1694",-0.273080126135601
"Wave_1695",-0.271470030575067
"Wave_1696",-0.269859937606061
"Wave_1697",-0.268249839455213
"Wave_1698",-0.273415190406852
"Wave_1699",-0.277640894306398
"Wave_1700",-0.281866604874481
"Wave_1701",-0.287845559105993
"Wave_1702",-0.286027576365041
"Wave_1703",-0.284209604361599
"Wave_1704",-0.282391623789879
"Wave_1705",-0.282672378443102
"Wave_1706",-0.284881241351965
"Wave_1707",-0.287090104768232
"Wave_1708",-0.28968782999836
"Wave_1709",-0.290628712505731
"Wave_1710",-0.290766528345211
"Wave_1711",-0.290904358675123
"Wave_1712",-0.285968081839674
"Wave_1713",-0.275186675942067
"Wave_1714",-0.264405259176606
"Wave_1715",-0.253585628399182
"Wave_1716",-0.243731204492137
"Wave_1717",-0.234749412362288
"Wave_1718",-0.225767625463228
"Wave_1719",-0.221344581961242
"Wave_1720",-0.213500282438393
"Wave_1721",-0.20565597399173
"Wave_1722",-0.197811655232915
"Wave_1723",-0.18750329414057
"Wave_1724",-0.177605647589545
"Wave_1725",-0.167708006824035
"Wave_1726",-0.158832034724363
"Wave_1727",-0.156195339810502
"Wave_1728",-0.15408162891037
"Wave_1729",-0.15196792116044
"Wave_1730",-0.150959553405759
"Wave_1731",-0.143671761259617
"Wave_1732",-0.136383922989057
"Wave_1733",-0.131179401640417
"Wave_1734",-0.130918427656639
"Wave_1735",-0.130692844927924
"Wave_1736",-0.130467246964734
"Wave_1737",-0.131640839995026
"Wave_1738",-0.127619020234037
"Wave_1739",-0.123597205054483
"Wave_1740",-0.120206708053192
"Wave_1741",-0.116543130577931
"Wave_1742",-0.111013895567165
"Wave_1743",-0.105484652876236
"Wave_1744",-0.102422171011924
"Wave_1745",-0.100757439762268
"Wave_1746",-0.099092742767341
"Wave_1747",-0.096796927431373
"Wave_1748",-0.0890506743518992
"Wave_1749",-0.0816486552822621
"Wave_1750",-0.0742466047816991
"Wave_1751",-0.0638040478583321
"Wave_1752",-0.0473119913899246
"Wave_1753",-0.0300676753613311
"Wave_1754",-0.0128233628898322
"Wave_1755",-0.0118873257218373
"Wave_1756",-0.0132439333555038
"Wave_1757",-0.0146005662854324
"Wave_1758",-0.0123327261619893
"Wave_1759",-0.00723362147319246
"Wave_1760",-0.00325109652159307
"Wave_1761",0.000731437026650565
"Wave_1762",0.0039350133591278
"Wave_1763",0.00804671300207339
"Wave_1764",0.0121584091030176
"Wave_1765",0.0174626401818851
"Wave_1766",0.0195043698004782
"Wave_1767",0.0175160690981577
"Wave_1768",0.0155277772005896
"Wave_1769",0.0245681441466846
"Wave_1770",0.0254532591346892
"Wave_1771",0.0263383652876649
"Wave_1772",0.0277718852818203
"Wave_1773",0.0287717268115979
"Wave_1774",0.0258303887257945
"Wave_1775",0.0228890392186947
"Wave_1776",0.0324854405983788
"Wave_1777",0.0363279931202913
"Wave_1778",0.0389341935427249
"Wave_1779",0.0412769459666144
"Wave_1780",0.0410999426476499
"Wave_1781",0.0375023010111743
"Wave_1782",0.0339046877501359
"Wave_1783",0.0364920964301764
"Wave_1784",0.0393348549106816
"Wave_1785",0.04121058328281
"Wave_1786",0.0433640001659872
"Wave_1787",0.0473574041864513
"Wave_1788",0.0487140400809459
"Wave_1789",0.0500706574417154
"Wave_1790",0.0532515674439875
"Wave_1791",0.0558481002993932
"Wave_1792",0.057673002615238
"Wave_1793",0.0604579776103482
"Wave_1794",0.0712711914972653
"Wave_1795",0.0765709091871326
"Wave_1796",0.0818706071512909
"Wave_1797",0.0842715142867849
"Wave_1798",0.0839486131726902
"Wave_1799",0.0837423665479684
"Wave_1800",0.0835360871184262
"Wave_1801",0.0918068968153681
"Wave_1802",0.097772434138175
"Wave_1803",0.10373796174045
"Wave_1804",0.106710209134435
"Wave_1805",0.108098104036462
"Wave_1806",0.110894968006954
"Wave_1807",0.113691808961135
"Wave_1808",0.120951771790961
"Wave_1809",0.127421321552503
"Wave_1810",0.133803043469996
"Wave_1811",0.13847356340812
"Wave_1812",0.140764066001682
"Wave_1813",0.143334810463887
"Wave_1814",0.145905574662416
"Wave_1815",0.1400889089624
"Wave_1816",0.137846956244749
"Wave_1817",0.136731655925723
"Wave_1818",0.134074296328992
"Wave_1819",0.131115380903786
"Wave_1820",0.132850115983347
"Wave_1821",0.134584834247554
"Wave_1822",0.139322076677238
"Wave_1823",0.145337262621785
"Wave_1824",0.151588527138864
"Wave_1825",0.153401512888521
"Wave_1826",0.15028858510472
"Wave_1827",0.154101678605695
"Wave_1828",0.157914760780809
"Wave_1829",0.151706062086699
"Wave_1830",0.156196759610099
"Wave_1831",0.165750172522012
"Wave_1832",0.171885932329798
"Wave_1833",0.174492211131246
"Wave_1834",0.183486513303477
"Wave_1835",0.192480802985009
"Wave_1836",0.188533009681684
"Wave_1837",0.192972583531058
"Wave_1838",0.203962454259818
"Wave_1839",0.209770642255331
"Wave_1840",0.209933834060713
"Wave_1841",0.229245219786597
"Wave_1842",0.248556637495093
"Wave_1843",0.242209575030434
"Wave_1844",0.246403648627023
"Wave_1845",0.259525762830536
"Wave_1846",0.267194843765034
"Wave_1847",0.26875778344406
"Wave_1848",0.288981488206092
"Wave_1849",0.309205183389659
"Wave_1850",0.296717885393504
"Wave_1851",0.296750330181041
"Wave_1852",0.312937070937131
"Wave_1853",0.317084068312334
"Wave_1854",0.303171511888436
"Wave_1855",0.314367957426444
"Wave_1856",0.325564416363979
"Wave_1857",0.306824269151131
"Wave_1858",0.300552356431929
"Wave_1859",0.306748677061839
"Wave_1860",0.299676112370891
"Wave_1861",0.279334696453233
"Wave_1862",0.273278743375242
"Wave_1863",0.26722279562224
"Wave_1864",0.235443617815724
"Wave_1865",0.215683539692718
"Wave_1866",0.213952136668083
"Wave_1867",0.203234499661456
"Wave_1868",0.183530623477496
"Wave_1869",0.173082275088
"Wave_1870",0.164504945339033
"Wave_1871",0.163511376683657
"Wave_1872",0.15577443288729
"Wave_1873",0.137922436490154
"Wave_1874",0.131539124333269
"Wave_1875",0.132801545148208
"Wave_1876",0.100226168866227
"Wave_1877",0.068178326700627
"Wave_1878",0.0747159786163405
"Wave_1879",0.0627437619156735
"Wave_1880",0.023006762386748
"Wave_1881",-0.000363714336667417
"Wave_1882",-0.0128231557268897
"Wave_1883",-0.0681700116242269
"Wave_1884",-0.117430672932061
"Wave_1885",-0.123285586755746
"Wave_1886",-0.146886349488648
"Wave_1887",-0.197105897761615
"Wave_1888",-0.217520125022573
"Wave_1889",-0.225160639509459
"Wave_1890",-0.264790807169034
"Wave_1891",-0.302278965440196
"Wave_1892",-0.316981468616121
"Wave_1893",-0.343533950906316
"Wave_1894",-0.38786140722563
"Wave_1895",-0.407318573309982
"Wave_1896",-0.420558163994822
"Wave_1897",-0.451109040586936
"Wave_1898",-0.518907892448799
"Wave_1899",-0.669130583077865
"Wave_1900",-0.697151292243119
"Wave_1901",-0.538014002027533
"Wave_1902",-0.344181468040389
"Wave_1903",-0.23276621729253
"Wave_1904",-0.287845083329885
"Wave_1905",-0.304204632847261
"Wave_1906",-0.32402389236071
"Wave_1907",-0.332808717874726
"Wave_1908",-0.338258317159184
"Wave_1909",-0.345768761254746
"Wave_1910",-0.358129649633443
"Wave_1911",-0.371689038014864
"Wave_1912",-0.388834766940557
"Wave_1913",-0.404168991676307
"Wave_1914",-0.422899102822449
"Wave_1915",-0.436460292311805
"Wave_1916",-0.446835976011321
"Wave_1917",-0.453913112659942
"Wave_1918",-0.456405588059876
"Wave_1919",-0.457831232863918
"Wave_1920",-0.457426859892976
"Wave_1921",-0.460678429211971
"Wave_1922",-0.466063790314649
"Wave_1923",-0.471220004487558
"Wave_1924",-0.475363530070097
"Wave_1925",-0.481263468368333
"Wave_1926",-0.491132123355487
"Wave_1927",-0.501242031495766
"Wave_1928",-0.509980402821385
"Wave_1929",-0.515213937630242
"Wave_1930",-0.519954824711236
"Wave_1931",-0.523562252462042
"Wave_1932",-0.526895051830294
"Wave_1933",-0.533804911364578
"Wave_1934",-0.538960121619121
"Wave_1935",-0.541890560898097
"Wave_1936",-0.536232574191654
"Wave_1937",-0.531040582135019
"Wave_1938",-0.529526517340795
"Wave_1939",-0.534690339251523
"Wave_1940",-0.540604149055299
"Wave_1941",-0.546584477653676
"Wave_1942",-0.547400857117262
"Wave_1943",-0.547740975500345
"Wave_1944",-0.545811999206678
"Wave_1945",-0.543336944036128
"Wave_1946",-0.5388275076133
"Wave_1947",-0.531733936417261
"Wave_1948",-0.524502926649231
"Wave_1949",-0.519669472197503
"Wave_1950",-0.508834795028667
"Wave_1951",-0.497725040139589
"Wave_1952",-0.486694544651476
"Wave_1953",-0.476843626716704
"Wave_1954",-0.465575567912496
"Wave_1955",-0.458607508596096
"Wave_1956",-0.452222204841981
"Wave_1957",-0.444496508095804
"Wave_1958",-0.433903374990308
"Wave_1959",-0.424371155542293
"Wave_1960",-0.416147586824352
"Wave_1961",-0.407146145677164
"Wave_1962",-0.397326479976319
"Wave_1963",-0.386251998331302
"Wave_1964",-0.37517751523125
"Wave_1965",-0.361974071153178
"Wave_1966",-0.348736356087537
"Wave_1967",-0.337463067016108
"Wave_1968",-0.327128241379454
"Wave_1969",-0.315932766913614
"Wave_1970",-0.300293797644819
"Wave_1971",-0.284111701226429
"Wave_1972",-0.268183407550699
"Wave_1973",-0.256852973914239
"Wave_1974",-0.248992957731087
"Wave_1975",-0.24140798784398
"Wave_1976",-0.231189222049722
"Wave_1977",-0.220243237020207
"Wave_1978",-0.210659247916436
"Wave_1979",-0.202301762011564
"Wave_1980",-0.1938169182361
"Wave_1981",-0.182677414725994
"Wave_1982",-0.17010776385269
"Wave_1983",-0.156046078227108
"Wave_1984",-0.140210072420473
"Wave_1985",-0.124374063873537
"Wave_1986",-0.111099199333552
"Wave_1987",-0.0990687204086869
"Wave_1988",-0.0886135481331837
"Wave_1989",-0.0807083080522916
"Wave_1990",-0.0723205916858346
"Wave_1991",-0.061100652462753
"Wave_1992",-0.0476472455757503
"Wave_1993",-0.0344993686446354
"Wave_1994",-0.0242768591689587
"Wave_1995",-0.0142299780173332
"Wave_1996",-0.0022757712258587
"Wave_1997",0.0137344789029418
"Wave_1998",0.0299834726803
"Wave_1999",0.0417127679185459
"Wave_2000",0.0506147133002095
"Wave_2001",0.0598484972764862
"Wave_2002",0.0667077124938089
"Wave_2003",0.0722174130835202
"Wave_2004",0.077219041192612
"Wave_2005",0.0890468304927979
"Wave_2006",0.101385898390765
"Wave_2007",0.117689565424147
"Wave_2008",0.133356322776687
"Wave_2009",0.146630948511074
"Wave_2010",0.153882985732133
"Wave_2011",0.160731636402354
"Wave_2012",0.167433731175873
"Wave_2013",0.175921011873708
"Wave_2014",0.186152427378902
"Wave_2015",0.195226976051544
"Wave_2016",0.202994897239502
"Wave_2017",0.212909829588824
"Wave_2018",0.235265041144821
"Wave_2019",0.257310582578103
"Wave_2020",0.268140867137742
"Wave_2021",0.273352342985738
"Wave_2022",0.277734204090841
"Wave_2023",0.284276823812344
"Wave_2024",0.290819441746384
"Wave_2025",0.295519705884876
"Wave_2026",0.303301423821401
"Wave_2027",0.311799190879729
"Wave_2028",0.315099685898655
"Wave_2029",0.316683158410492
"Wave_2030",0.318537590349906
"Wave_2031",0.32362854899218
"Wave_2032",0.328559492853041
"Wave_2033",0.338937086934334
"Wave_2034",0.351923272133211
"Wave_2035",0.363334729872025
"Wave_2036",0.371021944411779
"Wave_2037",0.378709163740618
"Wave_2038",0.377544052221665
"Wave_2039",0.37321727600725
"Wave_2040",0.37109665203066
"Wave_2041",0.376727845942205
"Wave_2042",0.382359037750205
"Wave_2043",0.387590852011267
"Wave_2044",0.39359190373616
"Wave_2045",0.399014077442118
"Wave_2046",0.395434657217327
"Wave_2047",0.391005127455282
"Wave_2048",0.388275629289422
"Wave_2049",0.389050885393817
"Wave_2050",0.389136522282258
"Wave_2051",0.384024016190021
"Wave_2052",0.377865931999916
"Wave_2053",0.376126490922783
"Wave_2054",0.378149384527499
"Wave_2055",0.380116250499434
"Wave_2056",0.378394933364772
"Wave_2057",0.374551036908878
"Wave_2058",0.37065791307457
"Wave_2059",0.377455825768706
"Wave_2060",0.384253723591853
"Wave_2061",0.38503246975392
"Wave_2062",0.383387328775897
"Wave_2063",0.381209126013435
"Wave_2064",0.366140173507631
"Wave_2065",0.351071224953143
"Wave_2066",0.339042801169586
"Wave_2067",0.330714836701017
"Wave_2068",0.321457607338573
"Wave_2069",0.317404509128203
"Wave_2070",0.314170574371826
"Wave_2071",0.309847638604889
"Wave_2072",0.301973369005544
"Wave_2073",0.292626095433184
"Wave_2074",0.278892391203311
"Wave_2075",0.265535090725846
"Wave_2076",0.253634192060889
"Wave_2077",0.246184217437055
"Wave_2078",0.23906519703347
"Wave_2079",0.231469017311342
"Wave_2080",0.223008879984057
"Wave_2081",0.216142601528919
"Wave_2082",0.209633698260969
"Wave_2083",0.201583463935832
"Wave_2084",0.186269305369114
"Wave_2085",0.173787093693178
"Wave_2086",0.167729365047748
"Wave_2087",0.162634438026567
"Wave_2088",0.157539521348037
"Wave_2089",0.139468414785343
"Wave_2090",0.123915646788599
"Wave_2091",0.11146135120894
"Wave_2092",0.0955067704220705
"Wave_2093",0.0795522068267767
"Wave_2094",0.0678892755374163
"Wave_2095",0.0595798800267384
"Wave_2096",0.0528405520204488
"Wave_2097",0.0539138659704016
"Wave_2098",0.0549871886308261
"Wave_2099",0.0436509874982263
"Wave_2100",0.0276995603187106
"Wave_2101",0.0131223061053472
"Wave_2102",0.0119564920686693
"Wave_2103",0.0107906794987277
"Wave_2104",-2.59381531236141e-05
"Wave_2105",-0.0153351071519269
"Wave_2106",-0.0270444750271642
"Wave_2107",-0.0354965205976612
"Wave_2108",-0.0439485876206848
"Wave_2109",-0.0588722077102134
"Wave_2110",-0.0665409179002241
"Wave_2111",-0.0707965295758864
"Wave_2112",-0.0796808614437816
"Wave_2113",-0.0885651910494746
"Wave_2114",-0.0951701551942404
"Wave_2115",-0.100459886219605
"Wave_2116",-0.108607198157154
"Wave_2117",-0.114150056343112
"Wave_2118",-0.119692899020726
"Wave_2119",-0.122580680642066
"Wave_2120",-0.130393473496315
"Wave_2121",-0.136638700924201
"Wave_2122",-0.141591859846366
"Wave_2123",-0.146545031702565
"Wave_2124",-0.151992491475013
"Wave_2125",-0.15563475963879
"Wave_2126",-0.158307077065986
"Wave_2127",-0.168380141608002
"Wave_2128",-0.17845320467118
"Wave_2129",-0.183031717875455
"Wave_2130",-0.186214502196121
"Wave_2131",-0.190718555377552
"Wave_2132",-0.189404477974801
"Wave_2133",-0.188090396396659
"Wave_2134",-0.190965351673811
"Wave_2135",-0.198228421758943
"Wave_2136",-0.204094115660869
"Wave_2137",-0.200998000403255
"Wave_2138",-0.197901882436204
"Wave_2139",-0.189119425630884
"Wave_2140",-0.177287461826259
"Wave_2141",-0.164193031538179
"Wave_2142",-0.153462179664922
"Wave_2143",-0.142731330032102
"Wave_2144",-0.142617993612666
"Wave_2145",-0.14178231253827
"Wave_2146",-0.140945186092926
"Wave_2147",-0.135533849860754
"Wave_2148",-0.130122519295825
"Wave_2149",-0.117917537729517
"Wave_2150",-0.108825865515626
"Wave_2151",-0.0997568864602054
"Wave_2152",-0.0878301300973701
"Wave_2153",-0.076334961760246
"Wave_2154",-0.0635300236694839
"Wave_2155",-0.0494265573513056
"Wave_2156",-0.0394007651402075
"Wave_2157",-0.0328956094808174
"Wave_2158",-0.0251717982748431
"Wave_2159",-0.0179013918692898
"Wave_2160",-0.0119000248116521
"Wave_2161",-0.00508996894255312
"Wave_2162",0.00212585021043576
"Wave_2163",0.0062505698039906
"Wave_2164",0.0137601773474308
"Wave_2165",0.0212697944630684
"Wave_2166",0.0369085292302603
"Wave_2167",0.0516763444610358
"Wave_2168",0.065097223512907
"Wave_2169",0.0694934672408439
"Wave_2170",0.0738897142630298
"Wave_2171",0.0777772835082806
"Wave_2172",0.0814105067311341
"Wave_2173",0.0826371502028567
"Wave_2174",0.0861042984618604
"Wave_2175",0.0895714418755346
"Wave_2176",0.104564937005742
"Wave_2177",0.117790366842068
"Wave_2178",0.132918523686549
"Wave_2179",0.1511985497091
"Wave_2180",0.169478581839466
"Wave_2181",0.175638091010213
"Wave_2182",0.182381560494174
"Wave_2183",0.186336506539055
"Wave_2184",0.180131794990016
"Wave_2185",0.17268591650167
"Wave_2186",0.169563687446532
"Wave_2187",0.166441460439987
"Wave_2188",0.163700260271647
"Wave_2189",0.160145840387634
"Wave_2190",0.158772991923308
"Wave_2191",0.175998783927017
"Wave_2192",0.193224551148127
"Wave_2193",0.206076848284495
"Wave_2194",0.217642629887068
"Wave_2195",0.229508433877431
"Wave_2196",0.241744659514429
"Wave_2197",0.253980892917072
"Wave_2198",0.245727363830501
"Wave_2199",0.231242858312245
"Wave_2200",0.219892702274335
"Wave_2201",0.215083981865428
"Wave_2202",0.210594416750543
"Wave_2203",0.202564364475172
"Wave_2204",0.194534307293204
"Wave_2205",0.190332507807377
"Wave_2206",0.189267216191511
"Wave_2207",0.186739525247105
"Wave_2208",0.175362884092385
"Wave_2209",0.163986243611494
"Wave_2210",0.158124488636332
"Wave_2211",0.152235041311952
"Wave_2212",0.136658362630879
"Wave_2213",0.114987515165917
"Wave_2214",0.0942771443650391
"Wave_2215",0.0840754352982085
"Wave_2216",0.0740808708877768
"Wave_2217",0.0616640076512399
"Wave_2218",0.0465248302587215
"Wave_2219",0.0323231843094887
"Wave_2220",0.0225049407838704
"Wave_2221",0.0126866378654681
"Wave_2222",0.00430100374357861
"Wave_2223",-0.00395370975953091
"Wave_2224",-0.015624084077211
"Wave_2225",-0.0334285570135286
"Wave_2226",-0.0512330371492739
"Wave_2227",-0.0609130574245437
"Wave_2228",-0.070948526666387
"Wave_2229",-0.0904301769982015
"Wave_2230",-0.119522608815355
"Wave_2231",-0.147083457397145
"Wave_2232",-0.165471513422544
"Wave_2233",-0.183859575588696
"Wave_2234",-0.198152601274838
"Wave_2235",-0.211421878787368
"Wave_2236",-0.223657475379975
"Wave_2237",-0.234342539685979
"Wave_2238",-0.24335673317565
"Wave_2239",-0.254078701275854
"Wave_2240",-0.264800666720758
"Wave_2241",-0.264394383731622
"Wave_2242",-0.257463392084729
"Wave_2243",-0.248293862148136
"Wave_2244",-0.228000701297405
"Wave_2245",-0.20770754062211
"Wave_2246",-0.18788015817438
"Wave_2247",-0.169514697093658
"Wave_2248",-0.141827076182895
"Wave_2249",-0.100442336530218
"Wave_2250",-0.0599570766474502
"Wave_2251",-0.0275672304373086
"Wave_2252",0.00482262871815226
"Wave_2253",0.0161254447189404
"Wave_2254",0.0196883739918058
"Wave_2255",0.0228947030665504
"Wave_2256",0.0203949074701351
"Wave_2257",0.0178951070375711
"Wave_2258",0.0233578081663317
"Wave_2259",0.0288205021832158
"Wave_2260",0.039010168074695
"Wave_2261",0.0523511720828105
"Wave_2262",0.0598056415334105
"Wave_2263",0.0453651254081908
"Wave_2264",0.0309246194827349
"Wave_2265",0.0328959365471844
"Wave_2266",0.0366908209243067
"Wave_2267",0.0322290147911035
"Wave_2268",0.0201660353483036
"Wave_2269",0.00871070380941062
"Wave_2270",-0.000313860634735305
"Wave_2271",-0.00933841417322764
"Wave_2272",-0.00936302377075964
"Wave_2273",-0.00713762061360049
"Wave_2274",-0.00454499564239124
"Wave_2275",-0.00158513797105081
"Wave_2276",0.00060790862146721
"Wave_2277",-0.00410034175142665
"Wave_2278",-0.00880861225615115
"Wave_2279",-0.0116355847600494
"Wave_2280",-0.0139922248624421
"Wave_2281",-0.0119365687290312
"Wave_2282",-0.00326243949301355
"Wave_2283",0.00511172647167074
"Wave_2284",0.0107862591784907
"Wave_2285",0.0164607795222112
"Wave_2286",0.0412022511043564
"Wave_2287",0.0721531692042506
"Wave_2288",0.0941640275021032
"Wave_2289",0.102764790526517
"Wave_2290",0.111607785598064
"Wave_2291",0.12263113121023
"Wave_2292",0.1336544763645
"Wave_2293",0.123260953165629
"Wave_2294",0.103688783602226
"Wave_2295",0.0958530806645016
"Wave_2296",0.105622057454009
"Wave_2297",0.114460417221476
"Wave_2298",0.114922808163312
"Wave_2299",0.115385210871862
"Wave_2300",0.12991916367253
"Wave_2301",0.150483794755697
"Wave_2302",0.167850845535194
"Wave_2303",0.180421628853784
"Wave_2304",0.19172362255179
"Wave_2305",0.191606657964601
"Wave_2306",0.191489685510678
"Wave_2307",0.18303140368641
"Wave_2308",0.172487762482189
"Wave_2309",0.152584347969118
"Wave_2310",0.118641264772456
"Wave_2311",0.0864622996973251
"Wave_2312",0.0701602299574599
"Wave_2313",0.0538581565700592
"Wave_2314",0.0484180352659598
"Wave_2315",0.0456934067038187
"Wave_2316",0.0490494365984072
"Wave_2317",0.0584861652800554
"Wave_2318",0.0684678868941661
"Wave_2319",0.0806296605744947
"Wave_2320",0.0927914307616955
"Wave_2321",0.081514177694552
"Wave_2322",0.067632587271663
"Wave_2323",0.0530756862016293
"Wave_2324",0.0380685699803696
"Wave_2325",0.0294593172905789
"Wave_2326",0.0357783726320545
"Wave_2327",0.0420974372072029
"Wave_2328",0.0560503732814807
"Wave_2329",0.0700033260175849
"Wave_2330",0.0772110801786256
"Wave_2331",0.0815280443153764
"Wave_2332",0.0900323889140622
"Wave_2333",0.104817818300528
"Wave_2334",0.119275430140219
"Wave_2335",0.130782626960625
"Wave_2336",0.142289827761106
"Wave_2337",0.134101330062861
"Wave_2338",0.120988887520789
"Wave_2339",0.11297335451947
"Wave_2340",0.110054738112668
"Wave_2341",0.111210046286233
"Wave_2342",0.128661061381559
"Wave_2343",0.146112074050683
"Wave_2344",0.166534690722452
"Wave_2345",0.187287502143319
"Wave_2346",0.188006056483247
"Wave_2347",0.181764945047553
"Wave_2348",0.182153544432915
"Wave_2349",0.188295042271546
"Wave_2350",0.193929675382131
"Wave_2351",0.195002193540842
"Wave_2352",0.196074700686681
"Wave_2353",0.199739881875425
"Wave_2354",0.204053234445136
"Wave_2355",0.197293628469198
"Wave_2356",0.179573188262657
"Wave_2357",0.170315296051051
"Wave_2358",0.18643292951994
"Wave_2359",0.20255057265405
"Wave_2360",0.216942395947775
"Wave_2361",0.231334222869233
"Wave_2362",0.24795189379822
"Wave_2363",0.264001564103164
"Wave_2364",0.278280600982839
"Wave_2365",0.292202687996442
"Wave_2366",0.302217836710094
"Wave_2367",0.296605122399315
"Wave_2368",0.290992417718213
"Wave_2369",0.283090249867361
"Wave_2370",0.27464053844109
"Wave_2371",0.267931677179645
"Wave_2372",0.261968912232825
"Wave_2373",0.253502076324948
"Wave_2374",0.241279121790107
"Wave_2375",0.221349738189095
"Wave_2376",0.193522601546988
"Wave_2377",0.165695481960511
"Wave_2378",0.158728517839352
"Wave_2379",0.154079348773832
"Wave_2380",0.152325907270863
"Wave_2381",0.154508013792159
"Wave_2382",0.144247551473892
"Wave_2383",0.115323294594808
"Wave_2384",0.0897936256883864
"Wave_2385",0.0778423262981469
"Wave_2386",0.065891020091569
"Wave_2387",0.0646484929887815
"Wave_2388",0.0621803588687277
"Wave_2389",0.0761855808580767
"Wave_2390",0.0972507978049721
"Wave_2391",0.113587276993448
"Wave_2392",0.120716447833326
"Wave_2393",0.124005690947018
"Wave_2394",0.125969934976377
"Wave_2395",0.127934182692434
"Wave_2396",0.103075473006612
"Wave_2397",0.0782167622088241
"Wave_2398",0.060173201651756
"Wave_2399",0.0436339731962414
"Wave_2400",0.0480045892512766
