"","LMA_g_m2.12.comps"
"(Intercept)",46.4192002747737
"Wave_500",29.5144825000488
"Wave_501",25.960364701265
"Wave_502",22.4709990994232
"Wave_503",19.7239210438637
"Wave_504",17.1845999829927
"Wave_505",15.8693528003223
"Wave_506",11.517692034396
"Wave_507",7.60835014575326
"Wave_508",2.55122979351757
"Wave_509",-1.94072167958309
"Wave_510",-4.89181278865895
"Wave_511",-5.38243214322495
"Wave_512",-5.70926005936314
"Wave_513",-7.58612789977658
"Wave_514",-9.65767359504939
"Wave_515",-11.9269128730687
"Wave_516",-15.0072412360792
"Wave_517",-17.1949002096132
"Wave_518",-18.8119182443138
"Wave_519",-18.9899890128187
"Wave_520",-17.8384348230961
"Wave_521",-18.2353952135932
"Wave_522",-19.3875029176691
"Wave_523",-17.1742170988121
"Wave_524",-16.9451755463356
"Wave_525",-17.122660070306
"Wave_526",-16.8621270447757
"Wave_527",-16.4857636029637
"Wave_528",-15.3832073692862
"Wave_529",-13.8792937566672
"Wave_530",-11.1952412074153
"Wave_531",-9.2591899856267
"Wave_532",-7.67081424275564
"Wave_533",-6.05574050443083
"Wave_534",-5.8459648410977
"Wave_535",-3.99490178745146
"Wave_536",-2.33576515299203
"Wave_537",-1.06594452328485
"Wave_538",-0.132047510846656
"Wave_539",0.880076431883655
"Wave_540",0.666172720009102
"Wave_541",3.06613919654875
"Wave_542",4.86444448411935
"Wave_543",6.68778293366843
"Wave_544",8.45010899705208
"Wave_545",8.54790691703276
"Wave_546",8.48236171123777
"Wave_547",7.46572054459518
"Wave_548",7.13976265009511
"Wave_549",6.87878677047327
"Wave_550",6.02569691577341
"Wave_551",8.31889675890276
"Wave_552",10.1935869939531
"Wave_553",11.6937516014264
"Wave_554",13.1179752940708
"Wave_555",12.935318300639
"Wave_556",12.8466432284243
"Wave_557",13.6282745997457
"Wave_558",12.677719029045
"Wave_559",13.5391749317187
"Wave_560",14.7363020908728
"Wave_561",15.0645681317605
"Wave_562",14.5189912744595
"Wave_563",13.4371409204532
"Wave_564",13.5623866549312
"Wave_565",13.800571263488
"Wave_566",12.597967065573
"Wave_567",12.9732827136695
"Wave_568",13.4153589163783
"Wave_569",12.6642253909368
"Wave_570",11.51438380348
"Wave_571",9.54942391512193
"Wave_572",8.65118660280815
"Wave_573",8.41442296461282
"Wave_574",7.87155778424296
"Wave_575",7.62850041750466
"Wave_576",7.59485412905848
"Wave_577",7.06573292879455
"Wave_578",6.91797481124771
"Wave_579",7.13856712786682
"Wave_580",6.93515342627244
"Wave_581",6.12338319854452
"Wave_582",5.62373612890907
"Wave_583",5.20749496700992
"Wave_584",4.81174798345924
"Wave_585",5.1410661391836
"Wave_586",3.81374266575368
"Wave_587",3.25695456585642
"Wave_588",2.75823780882573
"Wave_589",2.93350907987204
"Wave_590",2.48065633297581
"Wave_591",1.95209541183455
"Wave_592",1.45893063314583
"Wave_593",1.69220689688722
"Wave_594",1.5286989942809
"Wave_595",1.28778526752035
"Wave_596",1.19572420760166
"Wave_597",1.13455255371431
"Wave_598",0.395671085173766
"Wave_599",-0.276793682717594
"Wave_600",-1.04684796183883
"Wave_601",-0.86162240019327
"Wave_602",-1.05987288630863
"Wave_603",-1.04316012038807
"Wave_604",-1.86255972351989
"Wave_605",-1.79604997400236
"Wave_606",-2.16086498300542
"Wave_607",-1.55095297370022
"Wave_608",-2.44971715970747
"Wave_609",-3.11540585975482
"Wave_610",-2.82860498796668
"Wave_611",-2.81372683367284
"Wave_612",-3.68123837837672
"Wave_613",-3.39033095489076
"Wave_614",-3.5611237942567
"Wave_615",-3.90750749069538
"Wave_616",-4.80132670439075
"Wave_617",-5.63410736999634
"Wave_618",-5.70089614449856
"Wave_619",-4.94079262079956
"Wave_620",-4.8308170879883
"Wave_621",-4.43723076876104
"Wave_622",-3.63164102462498
"Wave_623",-4.11017485529828
"Wave_624",-4.67307354573054
"Wave_625",-4.9937066375569
"Wave_626",-4.75937913541717
"Wave_627",-4.29904954104367
"Wave_628",-4.28916868546365
"Wave_629",-4.05230018202798
"Wave_630",-4.02405759488596
"Wave_631",-4.76477578310658
"Wave_632",-6.09880645625836
"Wave_633",-6.22234690158425
"Wave_634",-6.62831756361436
"Wave_635",-6.90312910503052
"Wave_636",-6.98353436153746
"Wave_637",-7.21407314759681
"Wave_638",-6.59459906613569
"Wave_639",-7.04386546951138
"Wave_640",-7.98382237062461
"Wave_641",-8.02430637273782
"Wave_642",-7.96636787070601
"Wave_643",-7.41960989976295
"Wave_644",-5.86386354547298
"Wave_645",-4.88539040161125
"Wave_646",-3.64418606836832
"Wave_647",-2.75137901390424
"Wave_648",-1.49497900913674
"Wave_649",0.278308930650659
"Wave_650",1.57655926860831
"Wave_651",3.28979050928181
"Wave_652",4.37173542881452
"Wave_653",4.9012524079484
"Wave_654",4.9934517353668
"Wave_655",4.848274317338
"Wave_656",5.33526880297485
"Wave_657",6.81426453816126
"Wave_658",8.58338756745948
"Wave_659",8.47005781685751
"Wave_660",8.85018702993883
"Wave_661",10.5950698063059
"Wave_662",11.999962449076
"Wave_663",13.4743536546558
"Wave_664",16.3718128720735
"Wave_665",19.3694794802316
"Wave_666",21.1912477054793
"Wave_667",22.4936076213741
"Wave_668",24.4671660919163
"Wave_669",25.8745412888075
"Wave_670",27.0408578004508
"Wave_671",28.1174311738028
"Wave_672",28.6687460157444
"Wave_673",28.5645299485833
"Wave_674",27.6405333812069
"Wave_675",25.964895551143
"Wave_676",25.0965326239204
"Wave_677",23.9375583089162
"Wave_678",22.1532690603044
"Wave_679",20.3265429220981
"Wave_680",17.8901923779121
"Wave_681",14.7558100723084
"Wave_682",10.8933612610247
"Wave_683",6.307026486075
"Wave_684",1.10691149178733
"Wave_685",-4.46737537894103
"Wave_686",-8.95415133333611
"Wave_687",-13.3951910366873
"Wave_688",-17.6439570741229
"Wave_689",-22.1969560660366
"Wave_690",-23.7529433624843
"Wave_691",-23.0940940319307
"Wave_692",-23.6631511626298
"Wave_693",-21.7027165692818
"Wave_694",-18.477471396589
"Wave_695",-17.1844475470351
"Wave_696",-15.4516181761834
"Wave_697",-12.5560592838001
"Wave_698",-11.1530325123238
"Wave_699",-10.6504114027424
"Wave_700",-8.39284492206067
"Wave_701",-8.96011551846929
"Wave_702",-8.59762234875362
"Wave_703",-6.8405370534355
"Wave_704",-5.0709088308455
"Wave_705",-5.72438061156175
"Wave_706",-4.6588394049626
"Wave_707",-3.47758993306822
"Wave_708",-1.07142920687807
"Wave_709",-0.720647356613941
"Wave_710",0.652043744426781
"Wave_711",3.36034061831548
"Wave_712",5.29512422085276
"Wave_713",4.09975870408933
"Wave_714",4.37402955174017
"Wave_715",4.93483455742254
"Wave_716",4.84663310812435
"Wave_717",4.40640079125622
"Wave_718",5.64299174619776
"Wave_719",5.24296379547564
"Wave_720",4.31873766941558
"Wave_721",4.29736759406576
"Wave_722",4.03431022855746
"Wave_723",1.90333832483404
"Wave_724",0.42431742268963
"Wave_725",-0.857023561002132
"Wave_726",-2.72350370017896
"Wave_727",-3.73011159585069
"Wave_728",-5.48031665290488
"Wave_729",-6.18356288162334
"Wave_730",-6.79481330701326
"Wave_731",-8.1204169372459
"Wave_732",-8.88343808104979
"Wave_733",-9.83956757468515
"Wave_734",-11.4061059075182
"Wave_735",-12.6162476721952
"Wave_736",-13.3414487969886
"Wave_737",-13.888740955058
"Wave_738",-14.5088861992699
"Wave_739",-15.3161952240347
"Wave_740",-15.7550607587129
"Wave_741",-16.787933284191
"Wave_742",-17.6225874524547
"Wave_743",-16.7449040467973
"Wave_744",-16.971312618333
"Wave_745",-16.5635008654984
"Wave_746",-17.1766414304638
"Wave_747",-17.8411636764603
"Wave_748",-17.2199980767735
"Wave_749",-15.4128222477124
"Wave_750",-13.5589455537361
"Wave_751",-13.2438679721274
"Wave_752",-12.9114343030144
"Wave_753",-11.5585829022746
"Wave_754",-11.0358599721157
"Wave_755",-10.7897980219205
"Wave_756",-11.0024951725097
"Wave_757",-9.249984018804
"Wave_758",-8.94181273811307
"Wave_759",-8.15787108203748
"Wave_760",-7.53476390063247
"Wave_761",-7.37390626716502
"Wave_762",-5.86779743502944
"Wave_763",-5.09876570526085
"Wave_764",-4.41051326788037
"Wave_765",-3.6486667600175
"Wave_766",-2.90085664702242
"Wave_767",-2.37906207514526
"Wave_768",-1.4427574098581
"Wave_769",-1.55417640661373
"Wave_770",-1.67675143518209
"Wave_771",0.155267233510507
"Wave_772",1.00770318425471
"Wave_773",0.43813725120811
"Wave_774",1.9918768043141
"Wave_775",2.14146246715609
"Wave_776",1.62681090291741
"Wave_777",3.04467578220466
"Wave_778",2.27931430264427
"Wave_779",4.05861813698827
"Wave_780",6.0318344695996
"Wave_781",4.27891266079397
"Wave_782",3.57619005617282
"Wave_783",4.23294061663178
"Wave_784",4.30431344951158
"Wave_785",6.07388806646655
"Wave_786",4.30013026603831
"Wave_787",4.89627461597942
"Wave_788",6.6279970137311
"Wave_789",6.80493589827279
"Wave_790",5.91386499354608
"Wave_791",6.88898183780185
"Wave_792",6.63912500860191
"Wave_793",6.31719687745083
"Wave_794",5.90071917889162
"Wave_795",6.67473094951212
"Wave_796",6.94743665292368
"Wave_797",6.31303518442656
"Wave_798",6.0273847505544
"Wave_799",6.76615753881145
"Wave_800",7.05480280922193
"Wave_801",6.35879870342296
"Wave_802",6.03770899421937
"Wave_803",5.650429660848
"Wave_804",6.12043858028627
"Wave_805",6.19780487686732
"Wave_806",6.57289357562397
"Wave_807",6.6314437169169
"Wave_808",6.56743542495468
"Wave_809",6.47869685290285
"Wave_810",7.19865553827558
"Wave_811",7.73368414799061
"Wave_812",8.34334433841614
"Wave_813",7.2656808275227
"Wave_814",5.04508880798138
"Wave_815",4.05498876102612
"Wave_816",5.24898815394306
"Wave_817",6.4590076520514
"Wave_818",6.13701193530479
"Wave_819",7.63213288891798
"Wave_820",8.34876490203924
"Wave_821",6.02760045740071
"Wave_822",5.47661126287792
"Wave_823",5.12002363602453
"Wave_824",3.32506028012781
"Wave_825",4.75378633700003
"Wave_826",5.92552816264584
"Wave_827",5.71934802082798
"Wave_828",4.37750102107928
"Wave_829",4.34184392519323
"Wave_830",3.27825216945046
"Wave_831",4.50017693886879
"Wave_832",4.70057758599791
"Wave_833",4.25668311465977
"Wave_834",3.31367245352214
"Wave_835",1.50251982384233
"Wave_836",3.47718114682462
"Wave_837",3.31649533205809
"Wave_838",1.35833802289896
"Wave_839",0.151775234677355
"Wave_840",0.802470180166476
"Wave_841",1.75569632783615
"Wave_842",4.24644907600999
"Wave_843",1.28317836482285
"Wave_844",1.51891379964832
"Wave_845",4.43131831063464
"Wave_846",-2.01373882318966
"Wave_847",-2.30601630141055
"Wave_848",2.02236947855896
"Wave_849",0.930647715569156
"Wave_850",-0.0985394868742129
"Wave_851",1.34920273776088
"Wave_852",1.81433295167632
"Wave_853",0.559342722635937
"Wave_854",-1.73133757312287
"Wave_855",0.835701229253114
"Wave_856",-0.674634101445809
"Wave_857",-1.23366230936167
"Wave_858",-1.85853318642586
"Wave_859",-2.55566037985249
"Wave_860",-1.41453399100841
"Wave_861",-0.107732602025758
"Wave_862",-0.457374607432266
"Wave_863",-1.19065264210882
"Wave_864",-3.04759562588211
"Wave_865",-6.31133067951432
"Wave_866",-4.65764603299711
"Wave_867",-3.38717365728493
"Wave_868",-3.77926830170452
"Wave_869",-1.62107636834
"Wave_870",-0.804715094900138
"Wave_871",-2.19058488519834
"Wave_872",-3.77021537320852
"Wave_873",-2.27869496709064
"Wave_874",-2.38421849142181
"Wave_875",-4.58634371621299
"Wave_876",-6.56819844135613
"Wave_877",-2.84095107387645
"Wave_878",0.019814745205144
"Wave_879",-1.71942630902845
"Wave_880",-2.03013990026751
"Wave_881",-2.46458653263247
"Wave_882",-3.42303028533277
"Wave_883",-3.49103044189066
"Wave_884",-5.46903583784486
"Wave_885",-5.41840181240776
"Wave_886",-4.79436727918076
"Wave_887",-4.40498980778269
"Wave_888",-4.54466418766364
"Wave_889",-3.69901332166576
"Wave_890",-8.32456383928286
"Wave_891",-4.34188134452897
"Wave_892",-3.25471362167848
"Wave_893",-2.93195796444018
"Wave_894",-2.63109613953915
"Wave_895",-1.90198210747437
"Wave_896",-6.04908452826445
"Wave_897",-6.10437836841575
"Wave_898",-7.8961239903015
"Wave_899",-7.82237285037007
"Wave_900",-5.7654797951664
"Wave_901",-7.21559789915827
"Wave_902",-4.48521049000976
"Wave_903",-3.65957986502223
"Wave_904",-4.82383250617066
"Wave_905",-4.65354854008307
"Wave_906",-4.35212465436909
"Wave_907",-6.27818566631839
"Wave_908",-5.58041207008185
"Wave_909",-4.59772040060379
"Wave_910",-3.29750439478357
"Wave_911",-3.91700290587834
"Wave_912",-6.70345502049285
"Wave_913",-9.42310812610101
"Wave_914",-7.41192038071561
"Wave_915",-7.27605396161643
"Wave_916",-10.0828938992528
"Wave_917",-6.8442603709019
"Wave_918",-5.67123021139308
"Wave_919",-7.61404084998984
"Wave_920",-5.81876160659917
"Wave_921",-4.75865223704129
"Wave_922",-7.90688432065037
"Wave_923",-7.37112026448689
"Wave_924",-5.2292598400507
"Wave_925",-6.61474939540301
"Wave_926",-9.44237509671227
"Wave_927",-5.36182876427635
"Wave_928",-2.83040970768788
"Wave_929",-2.0797928728546
"Wave_930",-3.6402114351915
"Wave_931",-5.59955054207184
"Wave_932",-3.54647678998831
"Wave_933",1.34731915710162
"Wave_934",-0.292328812549772
"Wave_935",-4.9264983908391
"Wave_936",-5.72721726655134
"Wave_937",-3.74126668291506
"Wave_938",-1.86834633342885
"Wave_939",1.0775515491091
"Wave_940",3.61927257674837
"Wave_941",1.11536267063229
"Wave_942",-5.24755676247098
"Wave_943",-6.87793065433924
"Wave_944",-4.98613268047763
"Wave_945",-4.15936358325917
"Wave_946",-3.63245021185314
"Wave_947",-1.10450428652968
"Wave_948",-3.99695463627111
"Wave_949",-11.184279403114
"Wave_950",-3.82784685784007
"Wave_951",-3.05276955124572
"Wave_952",-0.0618221955397695
"Wave_953",4.033793324585
"Wave_954",3.7676907911282
"Wave_955",-2.66951136046474
"Wave_956",-6.7807129539826
"Wave_957",-0.699484359009241
"Wave_958",1.96325271761693
"Wave_959",3.12430600505702
"Wave_960",0.899011620546241
"Wave_961",-0.870992148025873
"Wave_962",3.23507831572315
"Wave_963",4.36952999720016
"Wave_964",-2.17377214730106
"Wave_965",0.921689561433487
"Wave_966",0.220859883856074
"Wave_967",-2.60978826481059
"Wave_968",-3.83213613771877
"Wave_969",-3.44492295695492
"Wave_970",-1.8487002914177
"Wave_971",0.921755822979173
"Wave_972",1.69771945213893
"Wave_973",1.98492326715436
"Wave_974",2.27212721404236
"Wave_975",3.1027998986357
"Wave_976",3.56466719405947
"Wave_977",3.26952552235104
"Wave_978",2.97438191987157
"Wave_979",2.20944560646758
"Wave_980",2.09599890157513
"Wave_981",2.45167756668971
"Wave_982",2.79524664535419
"Wave_983",3.02983164908309
"Wave_984",4.70674140621101
"Wave_985",6.74423353982669
"Wave_986",8.65502053840119
"Wave_987",10.0589926327813
"Wave_988",10.54723129505
"Wave_989",11.0354700885663
"Wave_990",11.0324917569515
"Wave_991",10.1318599306403
"Wave_992",8.58792451536757
"Wave_993",7.04398886295226
"Wave_994",6.51725564042048
"Wave_995",7.52049814750049
"Wave_996",10.5113725315034
"Wave_997",13.5022468797048
"Wave_998",14.3689372419161
"Wave_999",13.3560902263519
"Wave_1000",11.3740737397321
"Wave_1001",9.39205583372142
"Wave_1002",8.6113824528013
"Wave_1003",7.72736126659698
"Wave_1004",6.74183997663875
"Wave_1005",5.83195229019539
"Wave_1006",5.60275782032822
"Wave_1007",6.65030111410936
"Wave_1008",7.83970419379309
"Wave_1009",8.70836491562128
"Wave_1010",8.24135545390156
"Wave_1011",7.30003770975802
"Wave_1012",6.35871994494946
"Wave_1013",5.52300155861627
"Wave_1014",4.78171904735185
"Wave_1015",3.89119232108316
"Wave_1016",3.00066554774481
"Wave_1017",2.52140565104298
"Wave_1018",2.12206748232692
"Wave_1019",1.52847335283898
"Wave_1020",0.934878272809411
"Wave_1021",0.221193521482719
"Wave_1022",-0.319452164463231
"Wave_1023",-0.763881155049007
"Wave_1024",-1.20831007362533
"Wave_1025",-1.61752405278425
"Wave_1026",-2.11173136069667
"Wave_1027",-2.61581745367761
"Wave_1028",-3.06784905958745
"Wave_1029",-3.06300100628339
"Wave_1030",-3.16259907198152
"Wave_1031",-3.26219782398831
"Wave_1032",-3.29592511267121
"Wave_1033",-3.16423657226537
"Wave_1034",-3.26137806478557
"Wave_1035",-3.35851911857873
"Wave_1036",-3.68013450384043
"Wave_1037",-4.04839502206389
"Wave_1038",-4.1265866819522
"Wave_1039",-4.20477868522337
"Wave_1040",-4.04498311784079
"Wave_1041",-3.99695242199683
"Wave_1042",-4.06481813497185
"Wave_1043",-4.13268341252592
"Wave_1044",-4.13379266790738
"Wave_1045",-4.40152472716324
"Wave_1046",-4.70073721807694
"Wave_1047",-4.99994842722917
"Wave_1048",-5.11347727664112
"Wave_1049",-5.14103008001718
"Wave_1050",-5.16858275468814
"Wave_1051",-5.20083537469672
"Wave_1052",-5.29471081574479
"Wave_1053",-5.43368290737069
"Wave_1054",-5.57265408928364
"Wave_1055",-5.70388696369874
"Wave_1056",-5.83154524766548
"Wave_1057",-5.97368542535718
"Wave_1058",-6.11582637734998
"Wave_1059",-6.14887325805554
"Wave_1060",-6.35518904529057
"Wave_1061",-6.68251661744441
"Wave_1062",-7.00984534447614
"Wave_1063",-7.36815693010461
"Wave_1064",-7.39515598810956
"Wave_1065",-7.38386699518429
"Wave_1066",-7.37257753204258
"Wave_1067",-7.28901015219362
"Wave_1068",-7.33103632188108
"Wave_1069",-7.37306153048908
"Wave_1070",-7.41508635440294
"Wave_1071",-7.25988958651913
"Wave_1072",-7.00302957673005
"Wave_1073",-6.74616921978642
"Wave_1074",-6.41753069918828
"Wave_1075",-6.21730137252512
"Wave_1076",-6.43259129217061
"Wave_1077",-6.6478802505017
"Wave_1078",-7.07668899769601
"Wave_1079",-7.43037559212644
"Wave_1080",-7.61460594504436
"Wave_1081",-7.79883559033027
"Wave_1082",-7.73978399728088
"Wave_1083",-7.98103427991667
"Wave_1084",-8.273672215854
"Wave_1085",-8.5663099858604
"Wave_1086",-8.65678286596195
"Wave_1087",-8.69574457637419
"Wave_1088",-8.73470536952473
"Wave_1089",-8.77366639791014
"Wave_1090",-8.96008626044863
"Wave_1091",-8.69798673458273
"Wave_1092",-8.4358868219087
"Wave_1093",-8.10780464841722
"Wave_1094",-7.71897524293741
"Wave_1095",-7.46559922660885
"Wave_1096",-7.21222461149076
"Wave_1097",-6.91744683204087
"Wave_1098",-6.72700421640556
"Wave_1099",-6.58679524551327
"Wave_1100",-6.44658659538352
"Wave_1101",-6.27808248984778
"Wave_1102",-6.044359060275
"Wave_1103",-5.81063559949222
"Wave_1104",-5.57691160602759
"Wave_1105",-5.49706606546369
"Wave_1106",-5.58027312908849
"Wave_1107",-5.66348070511377
"Wave_1108",-5.74668729097773
"Wave_1109",-5.6106186205466
"Wave_1110",-5.52436677702895
"Wave_1111",-5.43811516329921
"Wave_1112",-5.31017939452107
"Wave_1113",-5.06589406635066
"Wave_1114",-4.99415051079738
"Wave_1115",-4.92240662180226
"Wave_1116",-4.94158446098601
"Wave_1117",-4.90837551292314
"Wave_1118",-4.8090314514399
"Wave_1119",-4.70968769686908
"Wave_1120",-4.31811040993336
"Wave_1121",-4.14831355352491
"Wave_1122",-3.97851623346876
"Wave_1123",-3.80871869928985
"Wave_1124",-3.3685170408126
"Wave_1125",-3.39583147388391
"Wave_1126",-3.42314550653026
"Wave_1127",-3.45045978736948
"Wave_1128",-3.03771964661449
"Wave_1129",-2.93719293293644
"Wave_1130",-2.83666490680477
"Wave_1131",-2.61608326163068
"Wave_1132",-2.07316627545858
"Wave_1133",-1.85517177658241
"Wave_1134",-1.63717881634957
"Wave_1135",-1.18440627574405
"Wave_1136",-0.677470598511499
"Wave_1137",-0.225384956744167
"Wave_1138",0.226700449695699
"Wave_1139",0.931187703133152
"Wave_1140",1.35869062972569
"Wave_1141",1.78619372832743
"Wave_1142",2.21369667496753
"Wave_1143",2.3344971945176
"Wave_1144",2.69167587174408
"Wave_1145",3.04885481354737
"Wave_1146",3.40603430278252
"Wave_1147",3.60886064016595
"Wave_1148",4.16007754458351
"Wave_1149",4.71129484798809
"Wave_1150",5.18338365541119
"Wave_1151",5.56801587398193
"Wave_1152",6.1088269829781
"Wave_1153",6.64963672337789
"Wave_1154",6.52942771653238
"Wave_1155",6.50545795924492
"Wave_1156",6.4814877095106
"Wave_1157",6.45751745121611
"Wave_1158",6.34124766187046
"Wave_1159",6.31639913376065
"Wave_1160",6.29155153575368
"Wave_1161",6.26670297180039
"Wave_1162",6.03343601395605
"Wave_1163",5.84778542545449
"Wave_1164",5.66213548998386
"Wave_1165",5.47648561785905
"Wave_1166",5.24548425028613
"Wave_1167",5.04007291559785
"Wave_1168",4.83466070528076
"Wave_1169",4.61062091809476
"Wave_1170",4.55195459671891
"Wave_1171",4.51994333664167
"Wave_1172",4.48793190040356
"Wave_1173",4.41823215281111
"Wave_1174",4.23325471412659
"Wave_1175",4.04827804782079
"Wave_1176",3.8633005063874
"Wave_1177",3.76873611808798
"Wave_1178",3.70180887502822
"Wave_1179",3.63488107481161
"Wave_1180",3.56795349869438
"Wave_1181",3.57287006427303
"Wave_1182",3.6272400470732
"Wave_1183",3.68160938912529
"Wave_1184",3.73597857504173
"Wave_1185",3.68067995566194
"Wave_1186",3.60483334517583
"Wave_1187",3.52898719394977
"Wave_1188",3.45101869043274
"Wave_1189",3.47876144220557
"Wave_1190",3.50650540798052
"Wave_1191",3.53424834409266
"Wave_1192",3.40997886505326
"Wave_1193",3.5530082419907
"Wave_1194",3.69603800437428
"Wave_1195",3.83906703290746
"Wave_1196",3.91402599925528
"Wave_1197",3.83193152844662
"Wave_1198",3.74983660658815
"Wave_1199",3.66774191411957
"Wave_1200",3.67474059545657
"Wave_1201",3.73353245770076
"Wave_1202",3.79232452849602
"Wave_1203",3.82115460620204
"Wave_1204",3.84675506225588
"Wave_1205",3.90195850320571
"Wave_1206",3.9571622629077
"Wave_1207",4.01583325148176
"Wave_1208",4.04807885150223
"Wave_1209",4.08032250968133
"Wave_1210",4.1125680548204
"Wave_1211",4.21812950378034
"Wave_1212",4.38229545529532
"Wave_1213",4.54646193133758
"Wave_1214",4.71062821970312
"Wave_1215",4.70259424335273
"Wave_1216",4.60184099201881
"Wave_1217",4.50108779482801
"Wave_1218",4.40033394283417
"Wave_1219",4.48982430916742
"Wave_1220",4.61310520427056
"Wave_1221",4.73638666098804
"Wave_1222",4.85965937788036
"Wave_1223",5.00865202503613
"Wave_1224",5.1576457639317
"Wave_1225",5.30663908357515
"Wave_1226",5.44747499718604
"Wave_1227",5.46196821084306
"Wave_1228",5.47646129278074
"Wave_1229",5.49095354394823
"Wave_1230",5.5292772693061
"Wave_1231",5.57834856640983
"Wave_1232",5.6274197215449
"Wave_1233",5.67649114511204
"Wave_1234",5.75251660454708
"Wave_1235",5.83743094138637
"Wave_1236",5.92234399208191
"Wave_1237",6.01116447608803
"Wave_1238",6.14813135267756
"Wave_1239",6.28509827498516
"Wave_1240",6.42206482077796
"Wave_1241",6.5451424008225
"Wave_1242",6.60763454034793
"Wave_1243",6.67012710375163
"Wave_1244",6.73261964332949
"Wave_1245",6.67167557344746
"Wave_1246",6.48124714941311
"Wave_1247",6.29081780428177
"Wave_1248",6.1003889316797
"Wave_1249",6.1803485006914
"Wave_1250",6.32241961582954
"Wave_1251",6.46449130241774
"Wave_1252",6.61702930989932
"Wave_1253",6.59772371867296
"Wave_1254",6.57841856826979
"Wave_1255",6.55911380865157
"Wave_1256",6.52558149282672
"Wave_1257",6.45885422795969
"Wave_1258",6.39212699146178
"Wave_1259",6.32539944505424
"Wave_1260",6.2097553200953
"Wave_1261",6.01213066767697
"Wave_1262",5.81450828146983
"Wave_1263",5.6168841884479
"Wave_1264",5.56696946552644
"Wave_1265",5.55398274630369
"Wave_1266",5.54099587330571
"Wave_1267",5.55037958473402
"Wave_1268",5.50103126708728
"Wave_1269",5.4516821851764
"Wave_1270",5.40233468480362
"Wave_1271",5.41600694468048
"Wave_1272",5.64421099445885
"Wave_1273",5.872415189512
"Wave_1274",6.10061867868122
"Wave_1275",6.43217415633923
"Wave_1276",6.73615018268244
"Wave_1277",7.04012759147566
"Wave_1278",7.34410366027774
"Wave_1279",7.56237277478845
"Wave_1280",7.73952365237315
"Wave_1281",7.91667346138835
"Wave_1282",8.09382349360204
"Wave_1283",8.13490199060404
"Wave_1284",8.17597981890301
"Wave_1285",8.21705820410499
"Wave_1286",8.35318980967602
"Wave_1287",8.66387944753226
"Wave_1288",8.9745698513468
"Wave_1289",9.28525862359033
"Wave_1290",9.5194294565533
"Wave_1291",9.6770814094051
"Wave_1292",9.83473292497779
"Wave_1293",9.99238503857746
"Wave_1294",10.0622047574871
"Wave_1295",10.1100664659034
"Wave_1296",10.1579281409639
"Wave_1297",10.2057898279208
"Wave_1298",10.3024525897398
"Wave_1299",10.3991158785886
"Wave_1300",10.4957784591808
"Wave_1301",10.6590107830104
"Wave_1302",10.9775733808176
"Wave_1303",11.2961344869761
"Wave_1304",11.614695757276
"Wave_1305",11.9441029836038
"Wave_1306",12.2454097115504
"Wave_1307",12.5467158473172
"Wave_1308",12.8480220894692
"Wave_1309",13.3975957317412
"Wave_1310",14.0092359519393
"Wave_1311",14.6208760012116
"Wave_1312",15.2027037863061
"Wave_1313",15.3279371505635
"Wave_1314",15.4531703523074
"Wave_1315",15.5784040518819
"Wave_1316",15.7894177752499
"Wave_1317",16.2005859694814
"Wave_1318",16.6117535956217
"Wave_1319",17.0229213323034
"Wave_1320",17.3500231103877
"Wave_1321",17.6210816147886
"Wave_1322",17.8921406918024
"Wave_1323",18.1631986984831
"Wave_1324",18.4444137671288
"Wave_1325",18.7281679863661
"Wave_1326",19.0119217600714
"Wave_1327",19.2903482756361
"Wave_1328",19.5208304668191
"Wave_1329",19.7513137754729
"Wave_1330",19.9817966953737
"Wave_1331",20.1459564611897
"Wave_1332",20.1955765264375
"Wave_1333",20.2451974663448
"Wave_1334",20.2948174584122
"Wave_1335",20.4055901522494
"Wave_1336",20.5571314013821
"Wave_1337",20.7086720699809
"Wave_1338",20.8602130784189
"Wave_1339",21.1308661083344
"Wave_1340",21.4147531280937
"Wave_1341",21.6986413764207
"Wave_1342",22.0109292143232
"Wave_1343",22.4368197103923
"Wave_1344",22.8627092396698
"Wave_1345",23.2885994920295
"Wave_1346",23.6095873972934
"Wave_1347",23.7732232839179
"Wave_1348",23.9368589292788
"Wave_1349",24.1004949959721
"Wave_1350",24.232700253279
"Wave_1351",24.3514346923021
"Wave_1352",24.4701695686818
"Wave_1353",24.5889049796261
"Wave_1354",24.3211196710616
"Wave_1355",24.0533348260268
"Wave_1356",23.7855496223551
"Wave_1357",23.5193640772286
"Wave_1358",23.259577394815
"Wave_1359",22.9997902660357
"Wave_1360",22.7400042623912
"Wave_1361",22.456485952419
"Wave_1362",22.1492371997786
"Wave_1363",21.8419873647723
"Wave_1364",21.5347378988288
"Wave_1365",21.5291325711559
"Wave_1366",21.5989367780112
"Wave_1367",21.6687418670635
"Wave_1368",21.7362379111708
"Wave_1369",21.7829465458308
"Wave_1370",21.8296548638343
"Wave_1371",21.8763635681409
"Wave_1372",21.8963015636382
"Wave_1373",21.853775339941
"Wave_1374",21.8112486215987
"Wave_1375",21.7687238304039
"Wave_1376",21.1509333607415
"Wave_1377",20.1496331028083
"Wave_1378",19.1483329439389
"Wave_1379",18.1470330673385
"Wave_1380",16.8429106052127
"Wave_1381",15.5051409606353
"Wave_1382",14.1673711474792
"Wave_1383",12.8804094766199
"Wave_1384",11.7966824502067
"Wave_1385",10.7129535042909
"Wave_1386",9.62922540550625
"Wave_1387",8.33094862872176
"Wave_1388",6.81812296359338
"Wave_1389",5.30529686631994
"Wave_1390",3.79247093277968
"Wave_1391",3.044320353024
"Wave_1392",2.46818597610266
"Wave_1393",1.8920511707211
"Wave_1394",1.315917402583
"Wave_1395",0.289232686705207
"Wave_1396",-0.737450957917453
"Wave_1397",-1.76413529619535
"Wave_1398",-2.69382971929195
"Wave_1399",-3.39721547555465
"Wave_1400",-4.10060105576994
"Wave_1401",-4.8039865805975
"Wave_1402",-5.47351258650917
"Wave_1403",-6.12046461278598
"Wave_1404",-6.76741786740715
"Wave_1405",-7.41437008524907
"Wave_1406",-7.71869508251558
"Wave_1407",-7.98494976399711
"Wave_1408",-8.25120509288344
"Wave_1409",-8.47688276007951
"Wave_1410",-8.54025135134474
"Wave_1411",-8.60362006819724
"Wave_1412",-8.6669891099556
"Wave_1413",-8.74049196445845
"Wave_1414",-8.82413021471774
"Wave_1415",-8.90776890623501
"Wave_1416",-8.99140648104128
"Wave_1417",-9.04524867753722
"Wave_1418",-9.09164169587842
"Wave_1419",-9.13803454872235
"Wave_1420",-9.17380297014157
"Wave_1421",-9.11394481012569
"Wave_1422",-9.05408820468367
"Wave_1423",-8.99423085932129
"Wave_1424",-8.81267600447802
"Wave_1425",-8.60611932287016
"Wave_1426",-8.39956339780357
"Wave_1427",-8.19300716231363
"Wave_1428",-7.99600074386291
"Wave_1429",-7.8030874297802
"Wave_1430",-7.61017417393128
"Wave_1431",-7.41726117267513
"Wave_1432",-7.09997111768342
"Wave_1433",-6.82395214652694
"Wave_1434",-6.5479337966837
"Wave_1435",-6.24965483031925
"Wave_1436",-6.00054536198743
"Wave_1437",-5.75143713153346
"Wave_1438",-5.50232858191958
"Wave_1439",-5.21185604252661
"Wave_1440",-4.89380740492702
"Wave_1441",-4.57575875114827
"Wave_1442",-4.25771023929096
"Wave_1443",-3.83210453002183
"Wave_1444",-3.41880362769098
"Wave_1445",-3.00550208913657
"Wave_1446",-2.61841618813232
"Wave_1447",-2.33619133702355
"Wave_1448",-2.05396696184305
"Wave_1449",-1.77174247579693
"Wave_1450",-1.44345175429218
"Wave_1451",-1.06909529536232
"Wave_1452",-0.694738831254004
"Wave_1453",-0.320382373095018
"Wave_1454",0.141644678686589
"Wave_1455",0.625588719332905
"Wave_1456",1.10953330532149
"Wave_1457",1.58604241353382
"Wave_1458",1.99563849606851
"Wave_1459",2.40523418589644
"Wave_1460",2.81483054893869
"Wave_1461",3.25810576456917
"Wave_1462",3.75190126201305
"Wave_1463",4.24569660834974
"Wave_1464",4.73949193338368
"Wave_1465",5.2208620441434
"Wave_1466",5.69690771774586
"Wave_1467",6.17295236450834
"Wave_1468",6.64899730083922
"Wave_1469",7.20614131303891
"Wave_1470",7.76328537038118
"Wave_1471",8.32042948787196
"Wave_1472",8.86804623011111
"Wave_1473",9.39343193326844
"Wave_1474",9.91881674959845
"Wave_1475",10.4442022327295
"Wave_1476",10.9611626123472
"Wave_1477",11.4479627078135
"Wave_1478",11.9347642570089
"Wave_1479",12.4215648439786
"Wave_1480",12.7782721924973
"Wave_1481",13.0960111353124
"Wave_1482",13.4137512472616
"Wave_1483",13.7870919093893
"Wave_1484",14.2901672336981
"Wave_1485",14.7932415945277
"Wave_1486",15.2963173898951
"Wave_1487",15.6865469797767
"Wave_1488",16.0015465533528
"Wave_1489",16.3165462020895
"Wave_1490",16.631544461085
"Wave_1491",16.9960557293727
"Wave_1492",17.366068088397
"Wave_1493",17.7360803065615
"Wave_1494",18.1225281144755
"Wave_1495",18.5747173082181
"Wave_1496",19.0269067376149
"Wave_1497",19.4790963985366
"Wave_1498",19.8530961150399
"Wave_1499",20.1749681781726
"Wave_1500",20.4968414373831
"Wave_1501",20.818714267647
"Wave_1502",20.984306980594
"Wave_1503",21.1325360102726
"Wave_1504",21.2807659404474
"Wave_1505",21.4706151262176
"Wave_1506",21.8269469643673
"Wave_1507",22.1832785979322
"Wave_1508",22.5396095439449
"Wave_1509",22.6477137687381
"Wave_1510",22.5585977047262
"Wave_1511",22.4694827007669
"Wave_1512",22.3803670414129
"Wave_1513",22.2719844405166
"Wave_1514",22.1614611822174
"Wave_1515",22.0509380307307
"Wave_1516",21.8827388579938
"Wave_1517",21.4838368833368
"Wave_1518",21.0849347458562
"Wave_1519",20.6860324811691
"Wave_1520",20.7961066610067
"Wave_1521",21.1904213079339
"Wave_1522",21.5847359359363
"Wave_1523",21.979050779734
"Wave_1524",21.6274594906451
"Wave_1525",21.1996796929382
"Wave_1526",20.7719002909597
"Wave_1527",20.3576498332409
"Wave_1528",19.9975155095252
"Wave_1529",19.6373802509569
"Wave_1530",19.2772463908138
"Wave_1531",18.8875220279751
"Wave_1532",18.4780580824426
"Wave_1533",18.0685935757134
"Wave_1534",17.6591299801405
"Wave_1535",17.2653131633582
"Wave_1536",16.8732356892709
"Wave_1537",16.4811578201891
"Wave_1538",16.0935830871202
"Wave_1539",15.724016892566
"Wave_1540",15.3544510514801
"Wave_1541",14.9848857616014
"Wave_1542",14.5285643942464
"Wave_1543",14.0285475025149
"Wave_1544",13.5285305717577
"Wave_1545",13.0285142552882
"Wave_1546",12.4494544287365
"Wave_1547",11.8616129485019
"Wave_1548",11.2737716736004
"Wave_1549",10.6323440221623
"Wave_1550",9.87007456094499
"Wave_1551",9.10780507165913
"Wave_1552",8.34553654669354
"Wave_1553",7.88675834189183
"Wave_1554",7.63030778515626
"Wave_1555",7.37385752470512
"Wave_1556",7.11740708691736
"Wave_1557",6.63852372697057
"Wave_1558",6.1465660806667
"Wave_1559",5.65460889030631
"Wave_1560",5.19860948051916
"Wave_1561",4.82651280176449
"Wave_1562",4.45441508382605
"Wave_1563",4.08231858726381
"Wave_1564",3.53694322274369
"Wave_1565",2.91461722169341
"Wave_1566",2.29229250114195
"Wave_1567",1.66996697831428
"Wave_1568",1.31155085059868
"Wave_1569",0.953135267660616
"Wave_1570",0.594719010647607
"Wave_1571",0.205260430805402
"Wave_1572",-0.15576687442703
"Wave_1573",-0.51679345654614
"Wave_1574",-0.877819215689502
"Wave_1575",-1.17832281365354
"Wave_1576",-1.44682760590568
"Wave_1577",-1.71533127014648
"Wave_1578",-1.97697059875401
"Wave_1579",-2.25183869520665
"Wave_1580",-2.52670663424432
"Wave_1581",-2.80157520752803
"Wave_1582",-3.07928500266153
"Wave_1583",-3.28600447802358
"Wave_1584",-3.49272416788861
"Wave_1585",-3.69944255421798
"Wave_1586",-4.00160734317927
"Wave_1587",-4.3184864160044
"Wave_1588",-4.63536451796337
"Wave_1589",-4.95201253098189
"Wave_1590",-5.19175178614914
"Wave_1591",-5.43149171918254
"Wave_1592",-5.67123110968197
"Wave_1593",-5.98209323146267
"Wave_1594",-6.3582097402812
"Wave_1595",-6.73432549538257
"Wave_1596",-7.11044217436818
"Wave_1597",-7.34911615765485
"Wave_1598",-7.54887394350529
"Wave_1599",-7.74863177514204
"Wave_1600",-7.96960997394378
"Wave_1601",-8.13653890340675
"Wave_1602",-8.30346775884721
"Wave_1603",-8.47039691037062
"Wave_1604",-8.54971198701186
"Wave_1605",-8.58974439707435
"Wave_1606",-8.62977584117072
"Wave_1607",-8.66862994510266
"Wave_1608",-8.91742567213657
"Wave_1609",-9.19072721745562
"Wave_1610",-9.4640299343748
"Wave_1611",-9.60118889688014
"Wave_1612",-9.38628954573495
"Wave_1613",-9.17138942031186
"Wave_1614",-8.95648992861025
"Wave_1615",-8.85495978925876
"Wave_1616",-8.77418331290957
"Wave_1617",-8.69340695208349
"Wave_1618",-8.64223112052748
"Wave_1619",-8.75194487650305
"Wave_1620",-8.86165861897469
"Wave_1621",-8.9713728801726
"Wave_1622",-9.09776074074976
"Wave_1623",-9.30699346032258
"Wave_1624",-9.51622656708448
"Wave_1625",-9.72545902497063
"Wave_1626",-9.93218343991654
"Wave_1627",-10.0692893961354
"Wave_1628",-10.2063946129221
"Wave_1629",-10.3579868013895
"Wave_1630",-10.5950801035397
"Wave_1631",-10.8321729506766
"Wave_1632",-11.0692662291939
"Wave_1633",-11.3159811262579
"Wave_1634",-11.493298610223
"Wave_1635",-11.6706160695244
"Wave_1636",-11.8316134953302
"Wave_1637",-12.1663491198724
"Wave_1638",-12.5367089743132
"Wave_1639",-12.9070692251481
"Wave_1640",-13.2830414070078
"Wave_1641",-13.5567480838167
"Wave_1642",-13.8304549276314
"Wave_1643",-14.104161773134
"Wave_1644",-14.3964344953093
"Wave_1645",-14.6632199719807
"Wave_1646",-14.9300046567661
"Wave_1647",-15.3054553817508
"Wave_1648",-15.5194388827434
"Wave_1649",-15.7334228013785
"Wave_1650",-15.9474058807869
"Wave_1651",-16.2240310169099
"Wave_1652",-16.5123383498815
"Wave_1653",-16.8006439166697
"Wave_1654",-17.0789301876458
"Wave_1655",-17.3251562972565
"Wave_1656",-17.5859169156617
"Wave_1657",-17.8466777410283
"Wave_1658",-18.0805263426436
"Wave_1659",-18.207982487568
"Wave_1660",-18.3354379487165
"Wave_1661",-18.462893864081
"Wave_1662",-18.518439316729
"Wave_1663",-18.6227630427054
"Wave_1664",-18.7270863743491
"Wave_1665",-19.0465095099879
"Wave_1666",-19.0140929850753
"Wave_1667",-18.9816767103538
"Wave_1668",-18.9492601626431
"Wave_1669",-19.0421914209732
"Wave_1670",-19.1651452257133
"Wave_1671",-19.288098172897
"Wave_1672",-19.4092505212211
"Wave_1673",-19.562171649833
"Wave_1674",-19.72708760071
"Wave_1675",-19.8920035164726
"Wave_1676",-20.102164246169
"Wave_1677",-20.2097586945669
"Wave_1678",-20.3173534962711
"Wave_1679",-20.4249488268223
"Wave_1680",-20.7638868552496
"Wave_1681",-21.0843957917265
"Wave_1682",-21.4049042267393
"Wave_1683",-21.8988604165052
"Wave_1684",-22.6895512619413
"Wave_1685",-23.4802408456941
"Wave_1686",-24.2709323413743
"Wave_1687",-24.9369516526652
"Wave_1688",-25.5809179789294
"Wave_1689",-26.2248844690351
"Wave_1690",-26.8903347652427
"Wave_1691",-27.6581779242224
"Wave_1692",-28.4032800980462
"Wave_1693",-29.1483830575349
"Wave_1694",-29.588903842498
"Wave_1695",-29.7099922436776
"Wave_1696",-29.8310811016218
"Wave_1697",-29.9521698457013
"Wave_1698",-30.5229560311811
"Wave_1699",-30.9749635080604
"Wave_1700",-31.4269701756674
"Wave_1701",-31.8431628835897
"Wave_1702",-32.0243701493614
"Wave_1703",-32.2055771276665
"Wave_1704",-32.3867837068751
"Wave_1705",-32.761433783941
"Wave_1706",-33.305914449653
"Wave_1707",-33.8503947480053
"Wave_1708",-34.4472228005377
"Wave_1709",-34.9833445612295
"Wave_1710",-35.4519402969415
"Wave_1711",-35.9205369201917
"Wave_1712",-36.0090472073697
"Wave_1713",-35.8441271254497
"Wave_1714",-35.679206607862
"Wave_1715",-35.5142166825974
"Wave_1716",-35.1929858801631
"Wave_1717",-34.7680068454589
"Wave_1718",-34.3430280940293
"Wave_1719",-33.9882776068293
"Wave_1720",-33.5600292392168
"Wave_1721",-33.1317805121816
"Wave_1722",-32.7035318633432
"Wave_1723",-32.3917858255545
"Wave_1724",-31.990092662928
"Wave_1725",-31.5883991958824
"Wave_1726",-31.1101030428068
"Wave_1727",-30.6051027145939
"Wave_1728",-30.1099014784802
"Wave_1729",-29.6147007948047
"Wave_1730",-29.3965936426048
"Wave_1731",-28.8609423737244
"Wave_1732",-28.3252898000624
"Wave_1733",-27.780403580487
"Wave_1734",-27.2877645164948
"Wave_1735",-26.8267516289539
"Wave_1736",-26.3657387762036
"Wave_1737",-26.1391917595995
"Wave_1738",-25.7619629651531
"Wave_1739",-25.3847339673553
"Wave_1740",-24.9977485579559
"Wave_1741",-24.4541449068452
"Wave_1742",-23.8321438142939
"Wave_1743",-23.2101439727771
"Wave_1744",-22.805693584356
"Wave_1745",-22.5742142116261
"Wave_1746",-22.3427355852988
"Wave_1747",-22.0803572295948
"Wave_1748",-21.5124539225057
"Wave_1749",-20.9033992007397
"Wave_1750",-20.2943446716537
"Wave_1751",-19.496142790233
"Wave_1752",-18.5821455485678
"Wave_1753",-17.6864860389557
"Wave_1754",-16.7908272341298
"Wave_1755",-16.5348681981062
"Wave_1756",-16.2566574970294
"Wave_1757",-15.9784466525624
"Wave_1758",-15.4802103960809
"Wave_1759",-14.7602540887924
"Wave_1760",-14.0867202491253
"Wave_1761",-13.4131853415319
"Wave_1762",-12.7917345865925
"Wave_1763",-12.1162688023145
"Wave_1764",-11.4408011744961
"Wave_1765",-10.6463975695981
"Wave_1766",-9.81775919033878
"Wave_1767",-9.1513111514108
"Wave_1768",-8.48486284754375
"Wave_1769",-7.41264191469098
"Wave_1770",-6.72978565760295
"Wave_1771",-6.04692898453107
"Wave_1772",-5.44236898803632
"Wave_1773",-5.23408560497652
"Wave_1774",-5.1504467360074
"Wave_1775",-5.0668083042904
"Wave_1776",-4.38988695462349
"Wave_1777",-4.06021895939394
"Wave_1778",-3.79738568082177
"Wave_1779",-3.53000778289842
"Wave_1780",-3.33207567708201
"Wave_1781",-3.33860291707973
"Wave_1782",-3.34513013825483
"Wave_1783",-3.05711597763263
"Wave_1784",-2.6679239867722
"Wave_1785",-2.30252831670067
"Wave_1786",-1.8970873881918
"Wave_1787",-1.18319762225871
"Wave_1788",-0.677132635790743
"Wave_1789",-0.171068228039816
"Wave_1790",0.176464523807652
"Wave_1791",0.295174582806581
"Wave_1792",0.361112237963225
"Wave_1793",0.477646531647377
"Wave_1794",1.02232847814311
"Wave_1795",1.32202388292397
"Wave_1796",1.62171947491959
"Wave_1797",1.74349352812266
"Wave_1798",1.79310795917267
"Wave_1799",1.91322770624502
"Wave_1800",2.03334873127724
"Wave_1801",2.42437406505027
"Wave_1802",2.50981240119047
"Wave_1803",2.59525140137242
"Wave_1804",2.55675853506009
"Wave_1805",2.475062317201
"Wave_1806",2.4740936468704
"Wave_1807",2.47312526190277
"Wave_1808",2.80353272079724
"Wave_1809",3.0969267553314
"Wave_1810",3.38620759021907
"Wave_1811",3.57953187670839
"Wave_1812",3.71363199915244
"Wave_1813",3.97479971104012
"Wave_1814",4.23596676641039
"Wave_1815",4.19515443619988
"Wave_1816",4.31067936968047
"Wave_1817",4.47367745161219
"Wave_1818",4.51526940561058
"Wave_1819",4.42880909098032
"Wave_1820",4.4684828020552
"Wave_1821",4.50815765497726
"Wave_1822",4.62513972243994
"Wave_1823",4.80153668141663
"Wave_1824",4.99064145055269
"Wave_1825",5.11712792206022
"Wave_1826",5.22912560755332
"Wave_1827",5.65887467404754
"Wave_1828",6.08862526996016
"Wave_1829",5.69502871023695
"Wave_1830",5.82656589219485
"Wave_1831",6.22236664492951
"Wave_1832",6.36580380762259
"Wave_1833",6.17013062482337
"Wave_1834",6.13218967576723
"Wave_1835",6.09424872111063
"Wave_1836",5.66092023818268
"Wave_1837",5.71001470544912
"Wave_1838",6.11001435937674
"Wave_1839",6.21293515277789
"Wave_1840",5.95695975380015
"Wave_1841",6.48145122389644
"Wave_1842",7.00594370185575
"Wave_1843",6.49945603263711
"Wave_1844",6.51321187357865
"Wave_1845",6.95016563298331
"Wave_1846",7.01919036736101
"Wave_1847",6.63657096018174
"Wave_1848",7.15619401356595
"Wave_1849",7.6758176600314
"Wave_1850",6.77419700934073
"Wave_1851",6.45757423978222
"Wave_1852",6.88386642239854
"Wave_1853",6.45571470148711
"Wave_1854",4.74589746297708
"Wave_1855",4.6077784282736
"Wave_1856",4.46966044891247
"Wave_1857",3.60384157189318
"Wave_1858",3.28063365438078
"Wave_1859",3.50003602128916
"Wave_1860",2.98353983576895
"Wave_1861",1.73114641451977
"Wave_1862",1.58351556171607
"Wave_1863",1.4358848685661
"Wave_1864",-0.921297154543009
"Wave_1865",-2.56288674695205
"Wave_1866",-3.13108259982467
"Wave_1867",-4.6201954838303
"Wave_1868",-7.03022507303046
"Wave_1869",-8.91200208583065
"Wave_1870",-10.7172500841161
"Wave_1871",-12.3619871033215
"Wave_1872",-14.0571430256416
"Wave_1873",-15.8279274733685
"Wave_1874",-16.8232394920595
"Wave_1875",-17.3015697844846
"Wave_1876",-18.7344288587188
"Wave_1877",-20.0443143902591
"Wave_1878",-19.292906174725
"Wave_1879",-19.2691687404206
"Wave_1880",-20.3369375619282
"Wave_1881",-20.560525441214
"Wave_1882",-20.2213270135307
"Wave_1883",-21.5301189709251
"Wave_1884",-22.3982260294853
"Wave_1885",-20.7711535579743
"Wave_1886",-19.9382276675614
"Wave_1887",-20.2965218180802
"Wave_1888",-18.8493273347865
"Wave_1889",-16.6283518864864
"Wave_1890",-16.2068307747042
"Wave_1891",-15.5573066212893
"Wave_1892",-13.196013733928
"Wave_1893",-11.5240875366013
"Wave_1894",-10.8862113626269
"Wave_1895",-9.1971264057774
"Wave_1896",-7.24523917948201
"Wave_1897",-6.53250969141982
"Wave_1898",-7.02293599969838
"Wave_1899",-9.99946291103183
"Wave_1900",-10.3433838733647
"Wave_1901",-6.77412255644867
"Wave_1902",-3.52640197100297
"Wave_1903",-1.41782964983968
"Wave_1904",-1.15280893429496
"Wave_1905",0.333903413739716
"Wave_1906",0.843878125009183
"Wave_1907",1.69885953987688
"Wave_1908",2.8028821423061
"Wave_1909",3.19515278634287
"Wave_1910",3.65638052819645
"Wave_1911",4.0328774159188
"Wave_1912",4.28223248196058
"Wave_1913",4.84926069810837
"Wave_1914",5.11928236954488
"Wave_1915",5.3095694373467
"Wave_1916",5.55054342121422
"Wave_1917",5.57417903885785
"Wave_1918",6.11188711012855
"Wave_1919",6.6269646358052
"Wave_1920",7.05739355470274
"Wave_1921",7.49663229191857
"Wave_1922",7.79154534877493
"Wave_1923",7.89938715074789
"Wave_1924",7.98890928846581
"Wave_1925",7.9379062244952
"Wave_1926",7.69636926484421
"Wave_1927",7.44820179011874
"Wave_1928",7.27072389040517
"Wave_1929",7.2390637556015
"Wave_1930",7.08586919577494
"Wave_1931",7.06858024595984
"Wave_1932",7.16162259890866
"Wave_1933",7.1576112689401
"Wave_1934",7.02514122530525
"Wave_1935",6.9038575037803
"Wave_1936",6.80609868007701
"Wave_1937",6.67650960538104
"Wave_1938",6.44917559244613
"Wave_1939",6.10191059349442
"Wave_1940",5.74909910511175
"Wave_1941",5.36569187524073
"Wave_1942",5.19517452807792
"Wave_1943",5.02444228574721
"Wave_1944",4.86753908392735
"Wave_1945",4.73266898973295
"Wave_1946",4.62632367980262
"Wave_1947",4.47921806274716
"Wave_1948",4.31479107880793
"Wave_1949",3.95978118042401
"Wave_1950",3.66793358610222
"Wave_1951",3.34046773229172
"Wave_1952",2.94619150388353
"Wave_1953",2.62757769435399
"Wave_1954",2.43780096900106
"Wave_1955",2.27092132911187
"Wave_1956",2.09704227417508
"Wave_1957",1.87597157356679
"Wave_1958",1.69473174211294
"Wave_1959",1.44497028885264
"Wave_1960",1.1905432065041
"Wave_1961",1.03959493408466
"Wave_1962",0.957440933371944
"Wave_1963",0.627679294309576
"Wave_1964",0.297917614347917
"Wave_1965",-0.0380764836686214
"Wave_1966",-0.258086067807612
"Wave_1967",-0.533776410685389
"Wave_1968",-0.75718917971085
"Wave_1969",-0.922402484169937
"Wave_1970",-1.06750174148524
"Wave_1971",-1.23134036307004
"Wave_1972",-1.39389847674198
"Wave_1973",-1.54153139232728
"Wave_1974",-1.68406255119736
"Wave_1975",-1.85686329104776
"Wave_1976",-2.08661952632873
"Wave_1977",-2.32304707251539
"Wave_1978",-2.55938019825269
"Wave_1979",-2.69717749641873
"Wave_1980",-2.86387480132692
"Wave_1981",-3.14312811307616
"Wave_1982",-3.42035184209033
"Wave_1983",-3.65159250286518
"Wave_1984",-3.63546189457753
"Wave_1985",-3.6193312107396
"Wave_1986",-3.6343748568865
"Wave_1987",-3.68405159777677
"Wave_1988",-3.78910983947804
"Wave_1989",-3.96630504411733
"Wave_1990",-4.11903452049035
"Wave_1991",-4.15747419873652
"Wave_1992",-4.1852686224941
"Wave_1993",-4.23552576308532
"Wave_1994",-4.41177464607489
"Wave_1995",-4.51185152067447
"Wave_1996",-4.53597362488632
"Wave_1997",-4.52524189311124
"Wave_1998",-4.51907704881225
"Wave_1999",-4.65001040337907
"Wave_2000",-4.71852196971007
"Wave_2001",-4.77510378478605
"Wave_2002",-4.88813635403633
"Wave_2003",-5.03729187513288
"Wave_2004",-5.12717643637445
"Wave_2005",-5.07626182203864
"Wave_2006",-5.01524415497415
"Wave_2007",-4.89336897641065
"Wave_2008",-4.80156484364997
"Wave_2009",-4.71728091041517
"Wave_2010",-4.71787708664589
"Wave_2011",-4.72706880665742
"Wave_2012",-4.67412663831047
"Wave_2013",-4.44034600452375
"Wave_2014",-4.17161072603559
"Wave_2015",-4.1084183193709
"Wave_2016",-4.11700163030036
"Wave_2017",-4.18984229181298
"Wave_2018",-3.90812605661784
"Wave_2019",-3.60962275498537
"Wave_2020",-3.35896885058206
"Wave_2021",-3.24093691350719
"Wave_2022",-3.06478123085495
"Wave_2023",-2.51809022992477
"Wave_2024",-1.9713993326041
"Wave_2025",-1.83474271502825
"Wave_2026",-1.72040523142064
"Wave_2027",-1.56438004981006
"Wave_2028",-1.47043840344991
"Wave_2029",-1.41633528899841
"Wave_2030",-1.34310140362741
"Wave_2031",-1.33193533849484
"Wave_2032",-1.34673442374799
"Wave_2033",-1.26906856423154
"Wave_2034",-1.10726320715924
"Wave_2035",-0.85436692132356
"Wave_2036",-0.438184377164961
"Wave_2037",-0.0220017451532413
"Wave_2038",0.0906993097186266
"Wave_2039",0.0571224703929355
"Wave_2040",0.166369183189068
"Wave_2041",0.812087291732881
"Wave_2042",1.45780558454168
"Wave_2043",1.68639436504751
"Wave_2044",1.77370553418205
"Wave_2045",1.85464732994807
"Wave_2046",1.69472766661327
"Wave_2047",1.50969716632922
"Wave_2048",1.64642284924497
"Wave_2049",1.98952661176761
"Wave_2050",2.31302776405796
"Wave_2051",2.57530224950196
"Wave_2052",2.84494151704827
"Wave_2053",3.09015172568837
"Wave_2054",3.19207202144539
"Wave_2055",3.30831076050048
"Wave_2056",3.30682896183336
"Wave_2057",3.14095504206049
"Wave_2058",2.93237310198368
"Wave_2059",2.98577267531447
"Wave_2060",3.03917208257122
"Wave_2061",2.98854419041802
"Wave_2062",2.92465575141875
"Wave_2063",2.74867083464533
"Wave_2064",2.20550317236831
"Wave_2065",1.66233599548568
"Wave_2066",1.64070033434746
"Wave_2067",1.69200829048664
"Wave_2068",1.58503449259368
"Wave_2069",1.20678231055497
"Wave_2070",0.839424667077427
"Wave_2071",0.470686768226607
"Wave_2072",-0.074272024434575
"Wave_2073",-0.669150855063616
"Wave_2074",-1.29940713420826
"Wave_2075",-1.88858806584208
"Wave_2076",-2.35102163268289
"Wave_2077",-2.47245464110626
"Wave_2078",-2.58735076611639
"Wave_2079",-2.86581907298047
"Wave_2080",-3.19988935893899
"Wave_2081",-3.25199415298742
"Wave_2082",-3.06265318068415
"Wave_2083",-2.95237375729026
"Wave_2084",-3.44423324656999
"Wave_2085",-3.88920163704913
"Wave_2086",-4.04753640991713
"Wave_2087",-4.02980634010864
"Wave_2088",-4.01207607593175
"Wave_2089",-4.45052051419009
"Wave_2090",-4.67161376923158
"Wave_2091",-4.61344322286023
"Wave_2092",-4.59047550920975
"Wave_2093",-4.56750748614485
"Wave_2094",-4.90946279276806
"Wave_2095",-5.34205797484169
"Wave_2096",-5.59856112605876
"Wave_2097",-5.25631810482523
"Wave_2098",-4.91407484402332
"Wave_2099",-5.19543982189276
"Wave_2100",-5.59630520971096
"Wave_2101",-5.89698683905273
"Wave_2102",-5.55847653802688
"Wave_2103",-5.219966589717
"Wave_2104",-5.11729473892267
"Wave_2105",-5.15772276802161
"Wave_2106",-5.02879127027682
"Wave_2107",-5.16537604156257
"Wave_2108",-5.30196076650698
"Wave_2109",-5.84359042409055
"Wave_2110",-5.78928942979446
"Wave_2111",-5.47524375967126
"Wave_2112",-5.09965098323408
"Wave_2113",-4.72405853833467
"Wave_2114",-4.61496811509236
"Wave_2115",-4.78665462848304
"Wave_2116",-5.19949602342582
"Wave_2117",-5.46882256673144
"Wave_2118",-5.73814858688385
"Wave_2119",-5.31631130743241
"Wave_2120",-4.8418750817993
"Wave_2121",-4.38541140787677
"Wave_2122",-4.28030636267284
"Wave_2123",-4.17520125004717
"Wave_2124",-4.10387918295598
"Wave_2125",-3.91105479695909
"Wave_2126",-3.62609828136796
"Wave_2127",-3.5968488730105
"Wave_2128",-3.56759991281349
"Wave_2129",-3.47621114335084
"Wave_2130",-3.43087563357298
"Wave_2131",-3.38350103679063
"Wave_2132",-2.57751198096776
"Wave_2133",-1.77152320378714
"Wave_2134",-1.26222543273382
"Wave_2135",-1.06864130071857
"Wave_2136",-0.841494800048562
"Wave_2137",-0.299569386595762
"Wave_2138",0.242356463125695
"Wave_2139",0.736260774431941
"Wave_2140",1.2307701431506
"Wave_2141",1.87241187807582
"Wave_2142",2.66857794486875
"Wave_2143",3.46474359471736
"Wave_2144",4.23429930937519
"Wave_2145",5.24675996553462
"Wave_2146",6.18202358596031
"Wave_2147",6.90867570369248
"Wave_2148",7.63532770487591
"Wave_2149",8.48649877117789
"Wave_2150",9.09638411318664
"Wave_2151",9.65181320197976
"Wave_2152",10.2565408457276
"Wave_2153",10.8314532159218
"Wave_2154",11.5829980097817
"Wave_2155",12.445784132518
"Wave_2156",13.1555980248352
"Wave_2157",13.79977763021
"Wave_2158",14.5135556663302
"Wave_2159",15.1360313563408
"Wave_2160",15.6787638147758
"Wave_2161",16.2925186870897
"Wave_2162",16.8507132922986
"Wave_2163",17.1841836105207
"Wave_2164",17.7198378919558
"Wave_2165",18.255492192269
"Wave_2166",19.0204178971141
"Wave_2167",19.5931949249045
"Wave_2168",20.1290305450888
"Wave_2169",20.2266541256176
"Wave_2170",20.3242774731004
"Wave_2171",20.2214326930403
"Wave_2172",19.9748300532324
"Wave_2173",19.6284704104756
"Wave_2174",19.6292358395204
"Wave_2175",19.6300005699402
"Wave_2176",20.2565733747835
"Wave_2177",20.7866138293581
"Wave_2178",21.2568645751555
"Wave_2179",21.5842324007055
"Wave_2180",21.9115993533154
"Wave_2181",22.3429510829461
"Wave_2182",22.8683660171439
"Wave_2183",23.0488933416025
"Wave_2184",22.4215416245188
"Wave_2185",21.7446292893557
"Wave_2186",22.1340602693662
"Wave_2187",22.5234904430758
"Wave_2188",22.7485150224124
"Wave_2189",22.8114002945742
"Wave_2190",22.8187033454661
"Wave_2191",22.9091857271843
"Wave_2192",22.9996676983747
"Wave_2193",22.9267376585594
"Wave_2194",22.7554753911907
"Wave_2195",22.5757886242615
"Wave_2196",22.4155651598945
"Wave_2197",22.2553423334552
"Wave_2198",22.1789225430519
"Wave_2199",22.0079031744334
"Wave_2200",21.7385385424278
"Wave_2201",21.5250487249155
"Wave_2202",21.3425763905467
"Wave_2203",21.5291177907378
"Wave_2204",21.7156586503164
"Wave_2205",21.3406159219274
"Wave_2206",20.6845343162294
"Wave_2207",20.0957723003284
"Wave_2208",19.4471927730314
"Wave_2209",18.7986134184071
"Wave_2210",17.853429081214
"Wave_2211",16.7970248250315
"Wave_2212",15.9104319091673
"Wave_2213",16.0006410114679
"Wave_2214",16.1124411893627
"Wave_2215",15.8696817427188
"Wave_2216",15.5659380750694
"Wave_2217",15.339980044931
"Wave_2218",15.1130487980733
"Wave_2219",14.8043446585209
"Wave_2220",13.8964788597973
"Wave_2221",12.9886120532336
"Wave_2222",12.3844858166914
"Wave_2223",11.8701052068544
"Wave_2224",11.3077452242323
"Wave_2225",10.6964032859929
"Wave_2226",10.0850588587706
"Wave_2227",9.64281386551623
"Wave_2228",9.18996373868998
"Wave_2229",8.39519707376012
"Wave_2230",7.22199125651459
"Wave_2231",6.09382413971773
"Wave_2232",5.33177593628113
"Wave_2233",4.56972793153124
"Wave_2234",3.46535470582833
"Wave_2235",2.27539955895103
"Wave_2236",1.34724591744904
"Wave_2237",0.811794455564902
"Wave_2238",0.350799856855529
"Wave_2239",-0.0702283250841461
"Wave_2240",-0.49125606477876
"Wave_2241",-0.510797177262285
"Wave_2242",-0.276585992997469
"Wave_2243",-0.113030985728499
"Wave_2244",-0.177614274101897
"Wave_2245",-0.242197247733265
"Wave_2246",0.278841695274988
"Wave_2247",0.85428559852177
"Wave_2248",1.60248558234612
"Wave_2249",2.56816394528141
"Wave_2250",3.46730739449542
"Wave_2251",3.76763358697953
"Wave_2252",4.0679591604038
"Wave_2253",4.17414676638264
"Wave_2254",4.23760411608155
"Wave_2255",4.3838427285524
"Wave_2256",4.30780567308482
"Wave_2257",4.23176931268416
"Wave_2258",3.68267914402935
"Wave_2259",3.13358878365548
"Wave_2260",3.10140452600867
"Wave_2261",3.41382457672507
"Wave_2262",3.65476031486135
"Wave_2263",3.67010097347907
"Wave_2264",3.68544240445062
"Wave_2265",3.06092482559435
"Wave_2266",2.36531220574112
"Wave_2267",1.4653106453371
"Wave_2268",0.367187033098866
"Wave_2269",-0.649263125233909
"Wave_2270",-1.33901981435519
"Wave_2271",-2.02877672564227
"Wave_2272",-2.05274594446045
"Wave_2273",-1.91026878448939
"Wave_2274",-2.134308116677
"Wave_2275",-2.72486401102681
"Wave_2276",-3.30327982336736
"Wave_2277",-3.7724326139403
"Wave_2278",-4.24158647174125
"Wave_2279",-4.53877460920176
"Wave_2280",-4.79297058071942
"Wave_2281",-4.9141015354463
"Wave_2282",-4.83563472054172
"Wave_2283",-4.77824488735422
"Wave_2284",-4.91054007401401
"Wave_2285",-5.04283525224807
"Wave_2286",-4.86676752260044
"Wave_2287",-4.62446351985242
"Wave_2288",-4.70610336972029
"Wave_2289",-5.27365980937974
"Wave_2290",-5.80122617275504
"Wave_2291",-5.96887427138016
"Wave_2292",-6.13652250563227
"Wave_2293",-6.54816983304951
"Wave_2294",-7.06438739940229
"Wave_2295",-7.24206744689028
"Wave_2296",-6.91194047468296
"Wave_2297",-6.57638622056486
"Wave_2298",-6.19199111366863
"Wave_2299",-5.80759598046718
"Wave_2300",-5.82915785439857
"Wave_2301",-6.02470198274252
"Wave_2302",-6.16967130970833
"Wave_2303",-6.23877840288409
"Wave_2304",-6.32501724089838
"Wave_2305",-6.56545274429564
"Wave_2306",-6.8058869875163
"Wave_2307",-6.69607072717893
"Wave_2308",-6.49869262547431
"Wave_2309",-6.59986320637017
"Wave_2310",-7.14885854251486
"Wave_2311",-7.75006737526545
"Wave_2312",-8.82119841360415
"Wave_2313",-9.89232917099492
"Wave_2314",-10.161637011286
"Wave_2315",-10.2304894478977
"Wave_2316",-10.2294790406502
"Wave_2317",-10.1586045215863
"Wave_2318",-10.1484966389098
"Wave_2319",-10.3814556622367
"Wave_2320",-10.6144137821446
"Wave_2321",-10.373124693199
"Wave_2322",-10.0791409889519
"Wave_2323",-10.060739851354
"Wave_2324",-10.2260590879041
"Wave_2325",-10.3392031915102
"Wave_2326",-10.3306038807663
"Wave_2327",-10.3220045102579
"Wave_2328",-10.3673265022267
"Wave_2329",-10.4126485955959
"Wave_2330",-10.2227532383406
"Wave_2331",-9.93204983780572
"Wave_2332",-9.68194094017282
"Wave_2333",-9.49272390790441
"Wave_2334",-9.26571687795956
"Wave_2335",-8.69860432077649
"Wave_2336",-8.13149174645191
"Wave_2337",-8.17631042665066
"Wave_2338",-8.37411226170583
"Wave_2339",-8.5802476232179
"Wave_2340",-8.79471571140249
"Wave_2341",-8.85561877253312
"Wave_2342",-8.30225726607519
"Wave_2343",-7.74889592085079
"Wave_2344",-7.04495030455645
"Wave_2345",-6.3242730817272
"Wave_2346",-6.57561655224195
"Wave_2347",-7.18611911264835
"Wave_2348",-7.58754908583304
"Wave_2349",-7.75227198220672
"Wave_2350",-7.87258899543327
"Wave_2351",-7.59324853030674
"Wave_2352",-7.31390841459202
"Wave_2353",-6.79215117143859
"Wave_2354",-6.20978964394824
"Wave_2355",-5.85443950509549
"Wave_2356",-5.69343497909523
"Wave_2357",-5.75581663680439
"Wave_2358",-6.34966444906666
"Wave_2359",-6.94351269644281
"Wave_2360",-6.98387836570372
"Wave_2361",-7.02424459734976
"Wave_2362",-6.31207046986006
"Wave_2363",-5.43026842930542
"Wave_2364",-4.8548357664651
"Wave_2365",-4.4492633643481
"Wave_2366",-4.13790082636207
"Wave_2367",-4.2033777351246
"Wave_2368",-4.26885414175109
"Wave_2369",-5.28135951094968
"Wave_2370",-6.29078917257903
"Wave_2371",-6.86557456107538
"Wave_2372",-7.25408279574036
"Wave_2373",-7.59000927518455
"Wave_2374",-7.84706179310083
"Wave_2375",-8.28006133731754
"Wave_2376",-8.20345745201027
"Wave_2377",-8.12685364436457
"Wave_2378",-8.92861934570932
"Wave_2379",-9.82798159232217
"Wave_2380",-10.574599923034
"Wave_2381",-11.0493599050109
"Wave_2382",-11.6798818124784
"Wave_2383",-12.5440458616518
"Wave_2384",-13.1638445426281
"Wave_2385",-12.8061773833907
"Wave_2386",-12.448511049085
"Wave_2387",-12.464729975819
"Wave_2388",-12.5152002276976
"Wave_2389",-12.4889717971817
"Wave_2390",-12.4298724989549
"Wave_2391",-12.4888034855646
"Wave_2392",-12.7752333605223
"Wave_2393",-12.9513053807656
"Wave_2394",-12.2545202498965
"Wave_2395",-11.5577349660009
"Wave_2396",-11.868843012441
"Wave_2397",-12.1799509849304
"Wave_2398",-12.2516434978285
"Wave_2399",-12.3386039530266
"Wave_2400",-12.4292662514135
