"","aa_umol_m2.11.comps"
"(Intercept)",-6.18386191703867
"Wave_500",8.44811349154578
"Wave_501",7.91992308471368
"Wave_502",7.25806684684342
"Wave_503",6.58667437051018
"Wave_504",6.30748101734585
"Wave_505",6.04052406962335
"Wave_506",4.79918997714296
"Wave_507",3.88769800263566
"Wave_508",3.389739767375
"Wave_509",2.2301582153237
"Wave_510",0.980296651716326
"Wave_511",1.54595979028268
"Wave_512",1.56451331739624
"Wave_513",0.937025843706746
"Wave_514",0.723015112601899
"Wave_515",0.158391437274896
"Wave_516",-0.326758036800398
"Wave_517",-0.475958912873799
"Wave_518",-0.641593144450995
"Wave_519",-0.423842018015309
"Wave_520",-0.510570602904164
"Wave_521",-0.735986018648437
"Wave_522",-0.481843408784814
"Wave_523",0.437111478068546
"Wave_524",1.04478924108089
"Wave_525",0.274321852590284
"Wave_526",-0.795096344542537
"Wave_527",-1.33799288327493
"Wave_528",-1.5022732689792
"Wave_529",-1.06938863383021
"Wave_530",-1.07047855540768
"Wave_531",-0.469026533742834
"Wave_532",-0.239843279283039
"Wave_533",-0.183396334090592
"Wave_534",-0.996449723964627
"Wave_535",-0.987387361585213
"Wave_536",-0.321848988035254
"Wave_537",-0.00111906651923932
"Wave_538",0.514377754053835
"Wave_539",0.872318275012388
"Wave_540",0.642779392150474
"Wave_541",0.98924381100313
"Wave_542",1.28131448595291
"Wave_543",1.61322851272095
"Wave_544",2.10892747185253
"Wave_545",2.16121441189001
"Wave_546",2.06822690478894
"Wave_547",2.27681274151832
"Wave_548",2.67569182451013
"Wave_549",2.91154437048474
"Wave_550",2.79209300695438
"Wave_551",2.74295269114707
"Wave_552",2.88801520120059
"Wave_553",2.82072251907516
"Wave_554",2.27656228943645
"Wave_555",1.21987643882205
"Wave_556",0.0644501127305829
"Wave_557",-0.593504294308573
"Wave_558",-1.40468178515059
"Wave_559",-1.43898425321852
"Wave_560",-1.93045927426476
"Wave_561",-2.56463738754469
"Wave_562",-2.89524651998988
"Wave_563",-2.99598452763737
"Wave_564",-3.12806456031857
"Wave_565",-2.9576331080254
"Wave_566",-2.77385070158135
"Wave_567",-2.43969320836425
"Wave_568",-2.24291834670922
"Wave_569",-2.17645237744791
"Wave_570",-2.38541589104632
"Wave_571",-2.66593697297497
"Wave_572",-2.53112067342823
"Wave_573",-2.68430123846131
"Wave_574",-2.59306938634821
"Wave_575",-2.73512580937078
"Wave_576",-2.65719369647154
"Wave_577",-2.88503700724282
"Wave_578",-3.2862413527546
"Wave_579",-3.07376251441992
"Wave_580",-2.86625049200419
"Wave_581",-2.59861707928264
"Wave_582",-2.26351149246288
"Wave_583",-2.32940108550427
"Wave_584",-2.77888112214189
"Wave_585",-3.05282509171137
"Wave_586",-3.02318116432403
"Wave_587",-2.81195837573144
"Wave_588",-2.34920642940526
"Wave_589",-1.86935212139635
"Wave_590",-1.91375813294129
"Wave_591",-2.01151556035245
"Wave_592",-1.94234409819869
"Wave_593",-1.85571984713818
"Wave_594",-1.9511478389906
"Wave_595",-2.03525180418308
"Wave_596",-1.68848570279155
"Wave_597",-1.22548835037983
"Wave_598",-1.24292247995683
"Wave_599",-1.26394706605306
"Wave_600",-1.16658010558388
"Wave_601",-1.43517354795194
"Wave_602",-1.59735816948914
"Wave_603",-1.48842269074361
"Wave_604",-1.39807021472577
"Wave_605",-1.42422680732079
"Wave_606",-1.4495021358965
"Wave_607",-1.87338384330328
"Wave_608",-2.27404547511824
"Wave_609",-2.42046591009018
"Wave_610",-2.25513853305278
"Wave_611",-1.97516345558397
"Wave_612",-2.20649980017789
"Wave_613",-2.28728163690907
"Wave_614",-2.01311809157752
"Wave_615",-1.99720847936749
"Wave_616",-2.08333785782047
"Wave_617",-2.10576131757049
"Wave_618",-1.81717498156666
"Wave_619",-1.67444737879712
"Wave_620",-1.71826063031867
"Wave_621",-1.71753615336057
"Wave_622",-1.68625216538084
"Wave_623",-1.46204832566965
"Wave_624",-1.08136186672746
"Wave_625",-1.10560438252612
"Wave_626",-1.19543019218879
"Wave_627",-0.984791654612709
"Wave_628",-0.700274644313193
"Wave_629",-0.683117035103299
"Wave_630",-0.32195697624142
"Wave_631",-0.292757696511299
"Wave_632",-0.227809000814619
"Wave_633",0.1262475432626
"Wave_634",0.0998721894268653
"Wave_635",0.170178496562778
"Wave_636",0.22860660007127
"Wave_637",0.514273415977049
"Wave_638",1.07178954582014
"Wave_639",1.41510871682334
"Wave_640",1.65943098423471
"Wave_641",1.81902147201149
"Wave_642",2.09351250840383
"Wave_643",2.46388328111422
"Wave_644",2.51279242770405
"Wave_645",2.63471328183031
"Wave_646",2.83484735336944
"Wave_647",3.14744919365785
"Wave_648",2.90249789534739
"Wave_649",2.61566036347549
"Wave_650",2.3270492023821
"Wave_651",2.17967544448052
"Wave_652",2.39574365496482
"Wave_653",2.37645839505051
"Wave_654",2.27186545357786
"Wave_655",2.20553268307937
"Wave_656",1.81917028927677
"Wave_657",1.41368978073877
"Wave_658",1.19807892244463
"Wave_659",1.26272066475555
"Wave_660",1.59286196443129
"Wave_661",1.63740981388533
"Wave_662",1.47488643174627
"Wave_663",1.62635870552822
"Wave_664",1.24294408029498
"Wave_665",1.11677191744196
"Wave_666",0.5731043599835
"Wave_667",-0.101959562412851
"Wave_668",-0.0295800091698832
"Wave_669",-0.166662472951653
"Wave_670",-0.377539970677472
"Wave_671",-0.54820072692782
"Wave_672",-1.09323518662829
"Wave_673",-1.62797917432462
"Wave_674",-2.04082758302192
"Wave_675",-2.28447690526136
"Wave_676",-2.87290598884626
"Wave_677",-3.44425988442932
"Wave_678",-3.90534179457752
"Wave_679",-4.22047898995955
"Wave_680",-4.71615761327896
"Wave_681",-5.3172803572012
"Wave_682",-5.99551314611927
"Wave_683",-6.08546813293037
"Wave_684",-6.20111927667946
"Wave_685",-6.24967340982427
"Wave_686",-6.22152242666586
"Wave_687",-5.98766707444381
"Wave_688",-5.78378038458236
"Wave_689",-5.78759070402373
"Wave_690",-5.47026282514677
"Wave_691",-4.53662246370262
"Wave_692",-3.71888991418253
"Wave_693",-2.75115892455792
"Wave_694",-1.89685942422989
"Wave_695",-0.81188478550993
"Wave_696",0.162210617669095
"Wave_697",1.03228376327905
"Wave_698",2.03283760078136
"Wave_699",3.01739584047512
"Wave_700",4.22214433218658
"Wave_701",5.36959726404114
"Wave_702",5.7171309681111
"Wave_703",6.89209381017202
"Wave_704",7.64558277961075
"Wave_705",8.18458423508558
"Wave_706",8.91985791582774
"Wave_707",9.31343640439425
"Wave_708",9.27599268408895
"Wave_709",9.18567530959512
"Wave_710",9.36152079176997
"Wave_711",9.12685044314322
"Wave_712",8.46642682634266
"Wave_713",7.78870103948076
"Wave_714",6.97350916772436
"Wave_715",5.79370603655227
"Wave_716",4.83211238862275
"Wave_717",3.990035795586
"Wave_718",2.74761692244529
"Wave_719",2.13792637299275
"Wave_720",0.706295054569535
"Wave_721",-0.675121695882459
"Wave_722",-1.64646826531846
"Wave_723",-2.57810856915387
"Wave_724",-3.22099022193971
"Wave_725",-4.15447873437233
"Wave_726",-5.06407274911503
"Wave_727",-5.58460127222769
"Wave_728",-6.23243572871331
"Wave_729",-7.09174842563824
"Wave_730",-7.91139450753874
"Wave_731",-8.05409080749397
"Wave_732",-8.38676202944672
"Wave_733",-8.82888845355481
"Wave_734",-9.28025270096254
"Wave_735",-9.88453923925183
"Wave_736",-10.356511080925
"Wave_737",-10.3839286147686
"Wave_738",-10.860712042963
"Wave_739",-11.3359015854062
"Wave_740",-10.7226696097257
"Wave_741",-10.3642945161749
"Wave_742",-10.1544467137026
"Wave_743",-9.61892790909317
"Wave_744",-9.27202457322155
"Wave_745",-8.59987172258455
"Wave_746",-7.85329302866979
"Wave_747",-7.37765820428278
"Wave_748",-6.96447877383468
"Wave_749",-6.48320273085578
"Wave_750",-5.68777054342175
"Wave_751",-5.25208538059628
"Wave_752",-4.52949079285551
"Wave_753",-3.90916117520051
"Wave_754",-3.50788137732114
"Wave_755",-3.05063764725892
"Wave_756",-2.86328759417982
"Wave_757",-2.61462356271794
"Wave_758",-1.96993587386025
"Wave_759",-1.23749305461463
"Wave_760",0.0580227930069291
"Wave_761",0.626751894259049
"Wave_762",0.858825555665268
"Wave_763",0.7101963547438
"Wave_764",0.62148390764329
"Wave_765",1.65752550266202
"Wave_766",2.316518482434
"Wave_767",2.29265627307714
"Wave_768",2.72093454706393
"Wave_769",3.08808562977689
"Wave_770",2.98316548466375
"Wave_771",3.11189796447468
"Wave_772",3.57028924145008
"Wave_773",4.16386434894165
"Wave_774",4.34144945424574
"Wave_775",4.22839148205289
"Wave_776",4.43618056768129
"Wave_777",5.13441502374468
"Wave_778",5.39809358156255
"Wave_779",5.35206148449455
"Wave_780",5.37423308547479
"Wave_781",4.54013634235019
"Wave_782",4.63156359086813
"Wave_783",5.07738072309216
"Wave_784",5.23606542827518
"Wave_785",5.55149739325175
"Wave_786",5.73165072104888
"Wave_787",4.73735325671442
"Wave_788",5.20709186034295
"Wave_789",5.27801532018358
"Wave_790",5.38437341744378
"Wave_791",4.82243606721031
"Wave_792",5.38994861735657
"Wave_793",5.66994866449294
"Wave_794",5.25411079837956
"Wave_795",4.82453377029234
"Wave_796",4.50391399840196
"Wave_797",4.5448638559452
"Wave_798",4.66770402423885
"Wave_799",4.78021539063448
"Wave_800",4.84732465800694
"Wave_801",4.55650375179231
"Wave_802",4.43051483938457
"Wave_803",4.15256385891151
"Wave_804",4.16603432490332
"Wave_805",3.92544657282781
"Wave_806",4.14650790736835
"Wave_807",4.44461460162518
"Wave_808",4.20068748512505
"Wave_809",3.7041843150543
"Wave_810",3.06312520508618
"Wave_811",2.62654085421088
"Wave_812",2.94060372619832
"Wave_813",2.99413517917007
"Wave_814",2.30993677693073
"Wave_815",2.28094049990073
"Wave_816",2.0151997378125
"Wave_817",1.82427616919231
"Wave_818",1.45389795226097
"Wave_819",1.75647524687334
"Wave_820",2.24887618113562
"Wave_821",2.47115705185867
"Wave_822",2.0327326918011
"Wave_823",1.1970529571293
"Wave_824",1.63120899271103
"Wave_825",1.15397043977445
"Wave_826",1.17013442787903
"Wave_827",1.29126960153956
"Wave_828",1.30662597492948
"Wave_829",1.47769145787597
"Wave_830",0.731220312995509
"Wave_831",0.593311922776751
"Wave_832",0.685950775447698
"Wave_833",0.209488519561033
"Wave_834",0.681850183473846
"Wave_835",0.713201559378457
"Wave_836",0.605773452010562
"Wave_837",0.486418210998985
"Wave_838",-0.090120495544589
"Wave_839",-0.27298777460575
"Wave_840",0.996954278223114
"Wave_841",0.505668718595015
"Wave_842",0.17001088305086
"Wave_843",-0.328767331624908
"Wave_844",0.0031099069417978
"Wave_845",0.517811376199439
"Wave_846",-0.32402366888865
"Wave_847",0.091970735597558
"Wave_848",0.422654566625825
"Wave_849",0.58972840210787
"Wave_850",0.101061302848966
"Wave_851",-0.690382186619666
"Wave_852",-0.200831367271367
"Wave_853",-0.300738054298982
"Wave_854",-0.747072790711809
"Wave_855",-1.03077932128425
"Wave_856",-0.333847821551288
"Wave_857",0.232760935620387
"Wave_858",-0.166060214201287
"Wave_859",0.506834608119656
"Wave_860",0.950586136810684
"Wave_861",-0.596314119657433
"Wave_862",-0.354169621982436
"Wave_863",-0.129232555670674
"Wave_864",-0.265601436115979
"Wave_865",-0.862966165544764
"Wave_866",-1.06957878529369
"Wave_867",-1.0667781492274
"Wave_868",-1.64311539713289
"Wave_869",-0.534822928185276
"Wave_870",0.636254135520415
"Wave_871",-0.256525682889019
"Wave_872",0.916155127916467
"Wave_873",0.501215267898706
"Wave_874",-0.155747824507141
"Wave_875",-1.20089273918707
"Wave_876",-0.978363224655585
"Wave_877",0.0322229911365792
"Wave_878",0.200984026437552
"Wave_879",-0.686187590944639
"Wave_880",-0.0961711486233101
"Wave_881",0.748273364215042
"Wave_882",0.50555830007915
"Wave_883",0.770763226625229
"Wave_884",-2.1715633433189
"Wave_885",-0.859341312954849
"Wave_886",0.0407721468593312
"Wave_887",0.668703024091339
"Wave_888",0.660675225829764
"Wave_889",-0.482627524755921
"Wave_890",-0.475690180228378
"Wave_891",-0.232458079459577
"Wave_892",0.160274607249446
"Wave_893",0.550247243306831
"Wave_894",0.788661313226391
"Wave_895",0.0946154558008742
"Wave_896",-1.78115617775369
"Wave_897",-0.876662120941245
"Wave_898",-0.492350983704637
"Wave_899",-0.0435334342858763
"Wave_900",0.394866436547643
"Wave_901",-1.06294963674303
"Wave_902",-0.446314663250869
"Wave_903",-1.1748253853168
"Wave_904",-0.86503569744326
"Wave_905",0.388590652628912
"Wave_906",0.676308901609549
"Wave_907",-1.34479235845331
"Wave_908",-2.18063085618754
"Wave_909",-1.99460752533594
"Wave_910",-1.76009137295068
"Wave_911",-0.835371870620562
"Wave_912",0.266718439901491
"Wave_913",0.614384220142899
"Wave_914",-0.553019758287011
"Wave_915",-3.14522968291523
"Wave_916",-1.94430936988901
"Wave_917",-1.43947649139774
"Wave_918",-1.64513261812037
"Wave_919",-1.60669442932894
"Wave_920",-0.784883424649834
"Wave_921",-1.26883724795865
"Wave_922",-2.81542341455733
"Wave_923",-1.6287944265966
"Wave_924",0.399898368405282
"Wave_925",1.12076639777659
"Wave_926",-0.2045430771833
"Wave_927",-2.77562269860937
"Wave_928",-2.31032467613584
"Wave_929",0.872846972019102
"Wave_930",1.59552302047718
"Wave_931",0.603180945017556
"Wave_932",0.283188881404711
"Wave_933",0.654774663603002
"Wave_934",-1.5653706458052
"Wave_935",-3.03894257689389
"Wave_936",-2.32998809230884
"Wave_937",-2.45369079081047
"Wave_938",-1.80322904698778
"Wave_939",-1.07479507381018
"Wave_940",-0.751770820578626
"Wave_941",0.274371652878198
"Wave_942",-1.27747766622854
"Wave_943",-4.38897780682537
"Wave_944",-1.10537864277614
"Wave_945",1.2204160158327
"Wave_946",2.01506216356915
"Wave_947",2.42146192894603
"Wave_948",-1.53727093926452
"Wave_949",-3.30712358480901
"Wave_950",-2.44744183126053
"Wave_951",-1.39929259157601
"Wave_952",-0.354612797700423
"Wave_953",-1.07990567507976
"Wave_954",-2.7458472366438
"Wave_955",-1.95675347808907
"Wave_956",-2.37922238771926
"Wave_957",-3.55173279035432
"Wave_958",-0.212596544718908
"Wave_959",-0.6328890383923
"Wave_960",-3.28193691603079
"Wave_961",-3.06173191428847
"Wave_962",-0.567103684913732
"Wave_963",-2.30985927483718
"Wave_964",-3.82534616000631
"Wave_965",-4.15967586809195
"Wave_966",-3.4721426396542
"Wave_967",-2.60522797797072
"Wave_968",-2.17391711764348
"Wave_969",-1.21350400973355
"Wave_970",0.158215547081275
"Wave_971",-2.23052806531964
"Wave_972",-3.39599969235097
"Wave_973",-4.07913416109531
"Wave_974",-4.76226880090544
"Wave_975",-4.79152546395804
"Wave_976",-4.42780071260764
"Wave_977",-3.7198096910103
"Wave_978",-3.01181819334131
"Wave_979",-2.5404138184524
"Wave_980",-2.50644407935863
"Wave_981",-2.74657315255829
"Wave_982",-2.95020291115427
"Wave_983",-2.82534249187484
"Wave_984",-2.27097518816611
"Wave_985",-1.60923115649356
"Wave_986",-0.982701553171941
"Wave_987",-0.497029553730256
"Wave_988",-1.23869257593312
"Wave_989",-1.9803553201624
"Wave_990",-2.89784319506473
"Wave_991",-3.80038327893017
"Wave_992",-3.5881825270993
"Wave_993",-3.37598172994888
"Wave_994",-2.78024882813613
"Wave_995",-1.9300125597145
"Wave_996",-1.08254020965372
"Wave_997",-0.235067377420503
"Wave_998",-0.213860433335358
"Wave_999",-0.738710390480405
"Wave_1000",-1.45550297213135
"Wave_1001",-2.17229577391217
"Wave_1002",-1.88671936393384
"Wave_1003",-1.65679945493726
"Wave_1004",-1.49846399968527
"Wave_1005",-1.30474003255299
"Wave_1006",-0.792517640777332
"Wave_1007",0.235934168409502
"Wave_1008",1.32174433306285
"Wave_1009",2.23630374741091
"Wave_1010",2.4414943389215
"Wave_1011",2.42739555847679
"Wave_1012",2.41329757576273
"Wave_1013",2.32901773014767
"Wave_1014",2.11037692912682
"Wave_1015",1.82385937675349
"Wave_1016",1.53734161462544
"Wave_1017",1.24183908868983
"Wave_1018",1.08324077331718
"Wave_1019",1.06753650635009
"Wave_1020",1.0518321580714
"Wave_1021",1.07266287395039
"Wave_1022",0.914653899859245
"Wave_1023",0.673289391501951
"Wave_1024",0.431924849430223
"Wave_1025",0.298852460533295
"Wave_1026",0.289939721229172
"Wave_1027",0.293485651585804
"Wave_1028",0.303595385866405
"Wave_1029",0.366665197526132
"Wave_1030",0.374693174284833
"Wave_1031",0.382721024911985
"Wave_1032",0.400250631018233
"Wave_1033",0.485655982223246
"Wave_1034",0.640757783901274
"Wave_1035",0.795859816677735
"Wave_1036",0.941073052477533
"Wave_1037",0.951920416018617
"Wave_1038",0.843235479895048
"Wave_1039",0.734550062621772
"Wave_1040",0.60984008698028
"Wave_1041",0.502720587197956
"Wave_1042",0.407718504663478
"Wave_1043",0.312716922869355
"Wave_1044",0.27238687225875
"Wave_1045",0.35551606574804
"Wave_1046",0.45084455836992
"Wave_1047",0.546173420708722
"Wave_1048",0.607481786991959
"Wave_1049",0.538718005662163
"Wave_1050",0.469954755565755
"Wave_1051",0.401861609667687
"Wave_1052",0.364965935456564
"Wave_1053",0.386771547000285
"Wave_1054",0.408576833411206
"Wave_1055",0.422569138108991
"Wave_1056",0.409278316837146
"Wave_1057",0.386935553704917
"Wave_1058",0.364592723533099
"Wave_1059",0.339888918163217
"Wave_1060",0.326705583505901
"Wave_1061",0.319471471905583
"Wave_1062",0.312237553496982
"Wave_1063",0.347010155552313
"Wave_1064",0.399757104380194
"Wave_1065",0.452501244469622
"Wave_1066",0.505245554510212
"Wave_1067",0.532739405610498
"Wave_1068",0.446840211364258
"Wave_1069",0.360941441887857
"Wave_1070",0.27504223392511
"Wave_1071",0.232173191350712
"Wave_1072",0.227445884834457
"Wave_1073",0.222718841591497
"Wave_1074",0.216043642139561
"Wave_1075",0.262835908244351
"Wave_1076",0.370886936048512
"Wave_1077",0.478937883814122
"Wave_1078",0.579673422392083
"Wave_1079",0.457400984012282
"Wave_1080",0.244257043790348
"Wave_1081",0.0311127297828202
"Wave_1082",-0.156346299403496
"Wave_1083",-0.100382899459971
"Wave_1084",-0.0192752384453109
"Wave_1085",0.0618321658595543
"Wave_1086",0.148519219392721
"Wave_1087",0.192042466079956
"Wave_1088",0.235566303759138
"Wave_1089",0.279090079073302
"Wave_1090",0.275490494909562
"Wave_1091",0.170113704346867
"Wave_1092",0.0647376694716105
"Wave_1093",-0.0351320945164613
"Wave_1094",-0.0412896461009892
"Wave_1095",0.000342496717494867
"Wave_1096",0.0419747853821276
"Wave_1097",0.0572963598159148
"Wave_1098",0.0618512776396843
"Wave_1099",0.0790624642691104
"Wave_1100",0.0962736638968958
"Wave_1101",0.121846204244299
"Wave_1102",0.181228407718679
"Wave_1103",0.240610545910223
"Wave_1104",0.299992902710715
"Wave_1105",0.321622035834698
"Wave_1106",0.223223135563993
"Wave_1107",0.124824152500989
"Wave_1108",0.0264252026634488
"Wave_1109",0.032736903499605
"Wave_1110",0.137406692006009
"Wave_1111",0.242076509469879
"Wave_1112",0.350066389760394
"Wave_1113",0.49453331015785
"Wave_1114",0.643395189640873
"Wave_1115",0.792257269779009
"Wave_1116",0.935987216296219
"Wave_1117",0.800826753700586
"Wave_1118",0.598937156218941
"Wave_1119",0.397047605892762
"Wave_1120",0.2270153774485
"Wave_1121",0.205375519921437
"Wave_1122",0.183735731838475
"Wave_1123",0.162095492509787
"Wave_1124",0.228384865272434
"Wave_1125",0.353232455786536
"Wave_1126",0.478080071933455
"Wave_1127",0.602927814806176
"Wave_1128",0.736004290383116
"Wave_1129",0.832224045922722
"Wave_1130",0.928443453113651
"Wave_1131",1.02897697587909
"Wave_1132",1.09033480737371
"Wave_1133",1.11826316493203
"Wave_1134",1.14619155222099
"Wave_1135",1.17337461824319
"Wave_1136",1.11747182374311
"Wave_1137",1.05253026820465
"Wave_1138",0.987588624639173
"Wave_1139",0.905919653688325
"Wave_1140",0.944961257296964
"Wave_1141",0.984003252314506
"Wave_1142",1.02304502679483
"Wave_1143",0.93855613074135
"Wave_1144",0.680514183199883
"Wave_1145",0.422471820265187
"Wave_1146",0.164429240941775
"Wave_1147",-0.0706868049808697
"Wave_1148",-0.276436120537741
"Wave_1149",-0.482185315860725
"Wave_1150",-0.699284808314038
"Wave_1151",-0.714379831934194
"Wave_1152",-0.653434570851304
"Wave_1153",-0.592489818998813
"Wave_1154",-0.544939677679247
"Wave_1155",-0.870123977630761
"Wave_1156",-1.19530834594505
"Wave_1157",-1.52049245664425
"Wave_1158",-1.80839131265102
"Wave_1159",-1.91134382728972
"Wave_1160",-2.01429623443972
"Wave_1161",-2.11724883030246
"Wave_1162",-2.16009284915673
"Wave_1163",-2.10872185956511
"Wave_1164",-2.05735083449887
"Wave_1165",-2.00597987271001
"Wave_1166",-2.0292965178027
"Wave_1167",-2.07729257795432
"Wave_1168",-2.12528792677068
"Wave_1169",-2.16802600895801
"Wave_1170",-2.13783078804371
"Wave_1171",-2.10186845069522
"Wave_1172",-2.06590623727468
"Wave_1173",-2.04754607109588
"Wave_1174",-2.0842160274353
"Wave_1175",-2.12088615931373
"Wave_1176",-2.15755607843242
"Wave_1177",-2.13151086911266
"Wave_1178",-2.03589356756399
"Wave_1179",-1.94027589537422
"Wave_1180",-1.84465828032027
"Wave_1181",-1.72040093482405
"Wave_1182",-1.59312398094136
"Wave_1183",-1.46584662508044
"Wave_1184",-1.33856943145891
"Wave_1185",-1.22516970366941
"Wave_1186",-1.1177523755578
"Wave_1187",-1.01033501536754
"Wave_1188",-0.908384857191387
"Wave_1189",-0.550465368692869
"Wave_1190",-0.192546922618294
"Wave_1191",0.165372216717654
"Wave_1192",0.399764186555368
"Wave_1193",0.207785714969303
"Wave_1194",0.0158071493090124
"Wave_1195",-0.176171326173299
"Wave_1196",-0.260110252383097
"Wave_1197",-0.211900207367892
"Wave_1198",-0.163689712305919
"Wave_1199",-0.115479391609104
"Wave_1200",0.0125003178767338
"Wave_1201",0.14685449724967
"Wave_1202",0.281208642316219
"Wave_1203",0.406575095409421
"Wave_1204",0.380349670371684
"Wave_1205",0.346268989618891
"Wave_1206",0.312188388045384
"Wave_1207",0.294326108154856
"Wave_1208",0.290815288510852
"Wave_1209",0.287304337462534
"Wave_1210",0.283793613136231
"Wave_1211",0.318070069260672
"Wave_1212",0.402627826436757
"Wave_1213",0.48718540671992
"Wave_1214",0.571743139093844
"Wave_1215",0.589686191639218
"Wave_1216",0.572883805074642
"Wave_1217",0.556081213922497
"Wave_1218",0.539278675613563
"Wave_1219",0.531480374058347
"Wave_1220",0.518665028659748
"Wave_1221",0.505849719791758
"Wave_1222",0.484661248148535
"Wave_1223",0.447495741808415
"Wave_1224",0.410330383033293
"Wave_1225",0.373164508133664
"Wave_1226",0.357476331335356
"Wave_1227",0.37113276541364
"Wave_1228",0.384789449411147
"Wave_1229",0.398445525872881
"Wave_1230",0.39057748562366
"Wave_1231",0.375137756076472
"Wave_1232",0.359697786925286
"Wave_1233",0.34425827144074
"Wave_1234",0.383517698324096
"Wave_1235",0.438011097033972
"Wave_1236",0.492504079323339
"Wave_1237",0.545659197009972
"Wave_1238",0.532610077231471
"Wave_1239",0.519560541262676
"Wave_1240",0.506511100886282
"Wave_1241",0.502900334428761
"Wave_1242",0.517818320958758
"Wave_1243",0.532736710295619
"Wave_1244",0.547654900876399
"Wave_1245",0.515366611083109
"Wave_1246",0.447358011043918
"Wave_1247",0.379349287441047
"Wave_1248",0.311340796637912
"Wave_1249",0.313413276121715
"Wave_1250",0.329775520572999
"Wave_1251",0.346137832254743
"Wave_1252",0.357127264624888
"Wave_1253",0.295036048640039
"Wave_1254",0.232944643242762
"Wave_1255",0.170853525444706
"Wave_1256",0.137973424745828
"Wave_1257",0.173253438464512
"Wave_1258",0.20853334603965
"Wave_1259",0.243812805127255
"Wave_1260",0.241466525509371
"Wave_1261",0.200518037774507
"Wave_1262",0.159569633600338
"Wave_1263",0.118621128580655
"Wave_1264",0.103412700040495
"Wave_1265",0.0946393156496534
"Wave_1266",0.0858662455319447
"Wave_1267",0.0780509071220458
"Wave_1268",0.101361802585641
"Wave_1269",0.124672563284434
"Wave_1270",0.147983466119433
"Wave_1271",0.174706845809556
"Wave_1272",0.19954019926865
"Wave_1273",0.224373375200529
"Wave_1274",0.249206757421965
"Wave_1275",0.256285707940417
"Wave_1276",0.260200038332584
"Wave_1277",0.264114396136139
"Wave_1278",0.268028577929396
"Wave_1279",0.331361559553326
"Wave_1280",0.400384962395409
"Wave_1281",0.469409195169065
"Wave_1282",0.538432389365099
"Wave_1283",0.500659011258801
"Wave_1284",0.462885575321848
"Wave_1285",0.425112129780215
"Wave_1286",0.390841922983163
"Wave_1287",0.377819808703198
"Wave_1288",0.364797837470974
"Wave_1289",0.351775774411638
"Wave_1290",0.363990665341399
"Wave_1291",0.401443332967905
"Wave_1292",0.438895664574536
"Wave_1293",0.476347687584005
"Wave_1294",0.547609456576922
"Wave_1295",0.627323369525465
"Wave_1296",0.707036897945478
"Wave_1297",0.786750617412374
"Wave_1298",0.807900087600477
"Wave_1299",0.829049315317401
"Wave_1300",0.850198866161811
"Wave_1301",0.891226530025632
"Wave_1302",0.978637426647475
"Wave_1303",1.0660479628139
"Wave_1304",1.15345891344477
"Wave_1305",1.1702623015639
"Wave_1306",1.11606354865627
"Wave_1307",1.06186497336924
"Wave_1308",1.00766607162156
"Wave_1309",1.08611430416755
"Wave_1310",1.1977240915324
"Wave_1311",1.30933415713111
"Wave_1312",1.41676325065465
"Wave_1313",1.40340385053892
"Wave_1314",1.39004438613342
"Wave_1315",1.37668489795135
"Wave_1316",1.34993991018802
"Wave_1317",1.29196104176993
"Wave_1318",1.23398226096383
"Wave_1319",1.1760037518691
"Wave_1320",1.15527371285984
"Wave_1321",1.15937623156863
"Wave_1322",1.16347904075078
"Wave_1323",1.1675810985011
"Wave_1324",1.16792221258558
"Wave_1325",1.16732324111811
"Wave_1326",1.16672393566628
"Wave_1327",1.17784305971846
"Wave_1328",1.29442737152741
"Wave_1329",1.41101221360844
"Wave_1330",1.52759686583954
"Wave_1331",1.60754625930013
"Wave_1332",1.61611939490239
"Wave_1333",1.62469260393027
"Wave_1334",1.63326569423557
"Wave_1335",1.58426968604712
"Wave_1336",1.49689376301395
"Wave_1337",1.40951837115772
"Wave_1338",1.3221425251006
"Wave_1339",1.17642619981064
"Wave_1340",1.0242278739996
"Wave_1341",0.872029562978528
"Wave_1342",0.740263252651545
"Wave_1343",0.690226506849697
"Wave_1344",0.640189197540752
"Wave_1345",0.590152183926596
"Wave_1346",0.523875774422593
"Wave_1347",0.433239422540575
"Wave_1348",0.342603381510115
"Wave_1349",0.251967555861487
"Wave_1350",0.236953204507885
"Wave_1351",0.254348432652952
"Wave_1352",0.271743533498119
"Wave_1353",0.289138924964888
"Wave_1354",0.164871065098313
"Wave_1355",0.0406037206781464
"Wave_1356",-0.0836638376446923
"Wave_1357",-0.186996310134849
"Wave_1358",-0.206588007798932
"Wave_1359",-0.226179434785499
"Wave_1360",-0.245770813823668
"Wave_1361",-0.16994517357154
"Wave_1362",0.00129849574161101
"Wave_1363",0.172542165134067
"Wave_1364",0.343785822915439
"Wave_1365",0.494906032635508
"Wave_1366",0.640995680576989
"Wave_1367",0.787085485514194
"Wave_1368",0.939367848466911
"Wave_1369",1.14738656882824
"Wave_1370",1.35540488760237
"Wave_1371",1.56342345656518
"Wave_1372",1.76077816855484
"Wave_1373",1.93325035045623
"Wave_1374",2.10572285300667
"Wave_1375",2.27819538271234
"Wave_1376",2.46663458232465
"Wave_1377",2.66571893862882
"Wave_1378",2.86480261899784
"Wave_1379",3.06388676219829
"Wave_1380",3.21655918751101
"Wave_1381",3.36407505080801
"Wave_1382",3.51159068369421
"Wave_1383",3.62679631417991
"Wave_1384",3.61276057954567
"Wave_1385",3.59872505809398
"Wave_1386",3.58468957469925
"Wave_1387",3.36209181288021
"Wave_1388",2.93093015767489
"Wave_1389",2.49976960631846
"Wave_1390",2.06860842791531
"Wave_1391",1.69991858682586
"Wave_1392",1.30174235436427
"Wave_1393",0.903566604779386
"Wave_1394",0.505390556160873
"Wave_1395",0.115094594244043
"Wave_1396",-0.275201185342843
"Wave_1397",-0.665497174816479
"Wave_1398",-1.02448876137118
"Wave_1399",-1.31043772354136
"Wave_1400",-1.5963863823266
"Wave_1401",-1.88233560803218
"Wave_1402",-2.12542005286141
"Wave_1403",-2.33992849318424
"Wave_1404",-2.5544369421221
"Wave_1405",-2.76894572698821
"Wave_1406",-2.93665473197889
"Wave_1407",-3.0991641447492
"Wave_1408",-3.2616734367671
"Wave_1409",-3.39663968346618
"Wave_1410",-3.42143351120349
"Wave_1411",-3.44622747317108
"Wave_1412",-3.47102126599446
"Wave_1413",-3.4756893387614
"Wave_1414",-3.46023179176613
"Wave_1415",-3.44477380348251
"Wave_1416",-3.42931623731029
"Wave_1417",-3.29539123092327
"Wave_1418",-3.13184936565603
"Wave_1419",-2.96830745771367
"Wave_1420",-2.81141251730275
"Wave_1421",-2.71433453341655
"Wave_1422",-2.61725642684567
"Wave_1423",-2.52017855274679
"Wave_1424",-2.46408013328844
"Wave_1425",-2.436448080736
"Wave_1426",-2.40881616956314
"Wave_1427",-2.38118423391477
"Wave_1428",-2.30288825178751
"Wave_1429",-2.20287930626094
"Wave_1430",-2.10287041702271
"Wave_1431",-2.00286109860055
"Wave_1432",-1.89430938175826
"Wave_1433",-1.77302158355044
"Wave_1434",-1.65173339752426
"Wave_1435",-1.52975847688159
"Wave_1436",-1.3888219185317
"Wave_1437",-1.24788552215523
"Wave_1438",-1.10694900635928
"Wave_1439",-1.06541274377155
"Wave_1440",-1.0901437140618
"Wave_1441",-1.11487428392566
"Wave_1442",-1.13960492783247
"Wave_1443",-1.06494454054708
"Wave_1444",-0.97465102648607
"Wave_1445",-0.884357177739837
"Wave_1446",-0.826917590384632
"Wave_1447",-0.900894192837506
"Wave_1448",-0.974871062012879
"Wave_1449",-1.0488481139231
"Wave_1450",-1.07938059413859
"Wave_1451",-1.0664689194663
"Wave_1452",-1.05355741111552
"Wave_1453",-1.04064564830304
"Wave_1454",-1.06338866181541
"Wave_1455",-1.09504547538589
"Wave_1456",-1.12670255682406
"Wave_1457",-1.15614442231351
"Wave_1458",-1.16565482581893
"Wave_1459",-1.17516512532517
"Wave_1460",-1.18467517891033
"Wave_1461",-1.21389217229493
"Wave_1462",-1.27266935066114
"Wave_1463",-1.33144619522808
"Wave_1464",-1.39022318415594
"Wave_1465",-1.40578244479095
"Wave_1466",-1.40281952613742
"Wave_1467",-1.39985667818783
"Wave_1468",-1.39689395975957
"Wave_1469",-1.42878432974308
"Wave_1470",-1.4606744704688
"Wave_1471",-1.4925650360109
"Wave_1472",-1.51309155287012
"Wave_1473",-1.50710282325266
"Wave_1474",-1.50111395589152
"Wave_1475",-1.49512523951643
"Wave_1476",-1.51490502400774
"Wave_1477",-1.54194595337178
"Wave_1478",-1.56898711078602
"Wave_1479",-1.59602788378299
"Wave_1480",-1.59253400792742
"Wave_1481",-1.5876140562034
"Wave_1482",-1.58269414903466
"Wave_1483",-1.59889907336464
"Wave_1484",-1.66439623517541
"Wave_1485",-1.72989332226366
"Wave_1486",-1.79538977149801
"Wave_1487",-1.80996067822435
"Wave_1488",-1.79058087575676
"Wave_1489",-1.77120088893008
"Wave_1490",-1.75182078761491
"Wave_1491",-1.81694688465477
"Wave_1492",-1.89146256341611
"Wave_1493",-1.96597798564534
"Wave_1494",-2.02617469949752
"Wave_1495",-2.02909602004625
"Wave_1496",-2.03201770308945
"Wave_1497",-2.03493899675671
"Wave_1498",-1.9926411344682
"Wave_1499",-1.92019641792741
"Wave_1500",-1.84775125290973
"Wave_1501",-1.77530659721385
"Wave_1502",-1.82833476670696
"Wave_1503",-1.89530435971432
"Wave_1504",-1.96227438709986
"Wave_1505",-2.0118412844121
"Wave_1506",-1.99179849789752
"Wave_1507",-1.97175565798885
"Wave_1508",-1.95171271551939
"Wave_1509",-1.90412924439644
"Wave_1510",-1.84622453264606
"Wave_1511",-1.7883195651984
"Wave_1512",-1.73041501870191
"Wave_1513",-1.73959834508919
"Wave_1514",-1.75623603361502
"Wave_1515",-1.77287336280191
"Wave_1516",-1.70560023170838
"Wave_1517",-1.30268336042107
"Wave_1518",-0.899766139981517
"Wave_1519",-0.496848986669487
"Wave_1520",-0.46984245367788
"Wave_1521",-0.686622287082178
"Wave_1522",-0.90340211666893
"Wave_1523",-1.12018176852614
"Wave_1524",-1.05178960106098
"Wave_1525",-0.959805225939472
"Wave_1526",-0.867820950518993
"Wave_1527",-0.788331277237685
"Wave_1528",-0.758821606092265
"Wave_1529",-0.729311637680592
"Wave_1530",-0.699801757486248
"Wave_1531",-0.653625099353034
"Wave_1532",-0.592817367042059
"Wave_1533",-0.532010192637505
"Wave_1534",-0.471202716252937
"Wave_1535",-0.34279979852956
"Wave_1536",-0.20688580212037
"Wave_1537",-0.0709720465738054
"Wave_1538",0.066021723519002
"Wave_1539",0.20733760779671
"Wave_1540",0.348653573193932
"Wave_1541",0.489969671069262
"Wave_1542",0.661614169581449
"Wave_1543",0.851610843320998
"Wave_1544",1.04160763496265
"Wave_1545",1.23160476860013
"Wave_1546",1.32439495782523
"Wave_1547",1.40638458975064
"Wave_1548",1.48837457685595
"Wave_1549",1.57410277108801
"Wave_1550",1.66008701166399
"Wave_1551",1.74607104836026
"Wave_1552",1.8320550313475
"Wave_1553",1.91169546810904
"Wave_1554",1.98710631070692
"Wave_1555",2.06251737306196
"Wave_1556",2.13792855894582
"Wave_1557",2.22478136712541
"Wave_1558",2.31675424800061
"Wave_1559",2.40872758304012
"Wave_1560",2.50398271853356
"Wave_1561",2.60689731704346
"Wave_1562",2.7098113767683
"Wave_1563",2.81272611742562
"Wave_1564",2.98493897953093
"Wave_1565",3.19665888180567
"Wave_1566",3.40837890969102
"Wave_1567",3.6200987616675
"Wave_1568",3.501406396046
"Wave_1569",3.38271443512102
"Wave_1570",3.26402217273129
"Wave_1571",3.22294085922218
"Wave_1572",3.30906512690571
"Wave_1573",3.39518951284713
"Wave_1574",3.48131372812081
"Wave_1575",3.54450846045677
"Wave_1576",3.60296855329626
"Wave_1577",3.66142855739767
"Wave_1578",3.72119848125823
"Wave_1579",3.74872753698063
"Wave_1580",3.77625701484014
"Wave_1581",3.80378616612797
"Wave_1582",3.82543225399902
"Wave_1583",3.84815313522895
"Wave_1584",3.87087436415569
"Wave_1585",3.89359565797083
"Wave_1586",3.91933850698245
"Wave_1587",3.94640496743373
"Wave_1588",3.97347153316153
"Wave_1589",4.00023111124937
"Wave_1590",4.03960852317261
"Wave_1591",4.07898537142014
"Wave_1592",4.11836249749631
"Wave_1593",4.10913343920373
"Wave_1594",4.06446690634319
"Wave_1595",4.0198002893997
"Wave_1596",3.97513359663689
"Wave_1597",3.95397512734297
"Wave_1598",3.93195743370826
"Wave_1599",3.90994021002173
"Wave_1600",3.91116978385924
"Wave_1601",3.9944365122915
"Wave_1602",4.07770307971347
"Wave_1603",4.1609697141838
"Wave_1604",4.24976044862537
"Wave_1605",4.31777861373498
"Wave_1606",4.38579686390234
"Wave_1607",4.41440255463929
"Wave_1608",4.14473927702629
"Wave_1609",3.88134806037066
"Wave_1610",3.61795665300046
"Wave_1611",3.47483125977616
"Wave_1612",3.50070427000359
"Wave_1613",3.52657829909556
"Wave_1614",3.55245176038888
"Wave_1615",3.50788714125766
"Wave_1616",3.45007142558143
"Wave_1617",3.39225554544774
"Wave_1618",3.32824285927378
"Wave_1619",3.23622465715059
"Wave_1620",3.14420601088244
"Wave_1621",3.05218739135738
"Wave_1622",2.89949923187945
"Wave_1623",2.68918405235506
"Wave_1624",2.47886896443868
"Wave_1625",2.2685536895245
"Wave_1626",2.25094639458085
"Wave_1627",2.25991166103388
"Wave_1628",2.26887699149921
"Wave_1629",2.24394064747765
"Wave_1630",2.12335463200294
"Wave_1631",2.00276788937992
"Wave_1632",1.88218189194289
"Wave_1633",1.84720693059063
"Wave_1634",1.86494430090724
"Wave_1635",1.88268164505333
"Wave_1636",1.8967802824815
"Wave_1637",1.83390249380692
"Wave_1638",1.76611035980279
"Wave_1639",1.69831810988687
"Wave_1640",1.6653314671199
"Wave_1641",1.67815933813193
"Wave_1642",1.69098726937543
"Wave_1643",1.7038150910568
"Wave_1644",1.6860538675395
"Wave_1645",1.6571059133733
"Wave_1646",1.62815761304518
"Wave_1647",1.59978668315696
"Wave_1648",1.54731710498352
"Wave_1649",1.49484773235118
"Wave_1650",1.4423783013656
"Wave_1651",1.43310287818495
"Wave_1652",1.456383676811
"Wave_1653",1.47966441266224
"Wave_1654",1.49946064739228
"Wave_1655",1.50530186444169
"Wave_1656",1.51549348498619
"Wave_1657",1.52568497226954
"Wave_1658",1.47548073012254
"Wave_1659",1.30256308907039
"Wave_1660",1.12964534646319
"Wave_1661",0.956727561399647
"Wave_1662",0.755300270095241
"Wave_1663",0.55173974317659
"Wave_1664",0.348179030545027
"Wave_1665",0.145526689213751
"Wave_1666",-0.0766816857769523
"Wave_1667",-0.2988911067788
"Wave_1668",-0.521099543156859
"Wave_1669",-0.564235125777632
"Wave_1670",-0.516908888754357
"Wave_1671",-0.469582360795141
"Wave_1672",-0.446664757389766
"Wave_1673",-0.69339732230935
"Wave_1674",-0.952622485876058
"Wave_1675",-1.21184761806158
"Wave_1676",-1.46900206711627
"Wave_1677",-1.74121957274649
"Wave_1678",-2.01343753230981
"Wave_1679",-2.2856552414786
"Wave_1680",-2.38112122124288
"Wave_1681",-2.44947884685845
"Wave_1682",-2.5178365621562
"Wave_1683",-2.61959466438694
"Wave_1684",-2.77484271812372
"Wave_1685",-2.93009108140509
"Wave_1686",-3.0853391601133
"Wave_1687",-3.12125207034311
"Wave_1688",-3.09881826927988
"Wave_1689",-3.07638460691363
"Wave_1690",-3.04930689171308
"Wave_1691",-2.96216216031496
"Wave_1692",-2.87044776710924
"Wave_1693",-2.77873369806334
"Wave_1694",-2.69686416548892
"Wave_1695",-2.60693306618115
"Wave_1696",-2.51700223578259
"Wave_1697",-2.42707086373743
"Wave_1698",-2.3307941094817
"Wave_1699",-2.25647130072672
"Wave_1700",-2.18214839121791
"Wave_1701",-2.1512653978163
"Wave_1702",-2.04961510121005
"Wave_1703",-1.94796462009565
"Wave_1704",-1.84631434696341
"Wave_1705",-1.84454865655015
"Wave_1706",-1.88660477164381
"Wave_1707",-1.92866087524365
"Wave_1708",-1.95409190518029
"Wave_1709",-1.88900424679729
"Wave_1710",-1.81791239815779
"Wave_1711",-1.74682083779806
"Wave_1712",-1.77857349074561
"Wave_1713",-1.88190137071935
"Wave_1714",-1.98522913549004
"Wave_1715",-2.09555344744009
"Wave_1716",-2.26373352780476
"Wave_1717",-2.42850509140032
"Wave_1718",-2.59327632239342
"Wave_1719",-2.72961163420532
"Wave_1720",-2.8368107448784
"Wave_1721",-2.94400990887763
"Wave_1722",-3.05120908906479
"Wave_1723",-3.18464269166551
"Wave_1724",-3.3290683160457
"Wave_1725",-3.47349389922646
"Wave_1726",-3.62044649477268
"Wave_1727",-3.65352549850155
"Wave_1728",-3.67353012085275
"Wave_1729",-3.69353493764212
"Wave_1730",-3.63811912142381
"Wave_1731",-3.5779565819997
"Wave_1732",-3.51779436480886
"Wave_1733",-3.46103165517482
"Wave_1734",-3.35592190945075
"Wave_1735",-3.22669223326528
"Wave_1736",-3.09746272165645
"Wave_1737",-2.95093729588703
"Wave_1738",-2.83997818424358
"Wave_1739",-2.72901857579129
"Wave_1740",-2.60476672156105
"Wave_1741",-2.41951608989025
"Wave_1742",-2.22904668119143
"Wave_1743",-2.03857768196189
"Wave_1744",-1.78422963650519
"Wave_1745",-1.39649586285757
"Wave_1746",-1.00876229802209
"Wave_1747",-0.62279942149535
"Wave_1748",-0.28222905890828
"Wave_1749",0.0141623983093093
"Wave_1750",0.310553816043689
"Wave_1751",0.468333283954816
"Wave_1752",0.498827448945616
"Wave_1753",0.532153033506953
"Wave_1754",0.565478526584267
"Wave_1755",0.719446184756771
"Wave_1756",0.86741152035076
"Wave_1757",1.01537695180765
"Wave_1758",1.12388331789436
"Wave_1759",1.21752112143818
"Wave_1760",1.33015311847159
"Wave_1761",1.44278536931228
"Wave_1762",1.62929478249428
"Wave_1763",1.88816993439549
"Wave_1764",2.14704519504094
"Wave_1765",2.37843027169002
"Wave_1766",2.53925819561297
"Wave_1767",2.69581057196932
"Wave_1768",2.8523629733253
"Wave_1769",2.96222896392252
"Wave_1770",2.97277922709312
"Wave_1771",2.98332977492322
"Wave_1772",3.04109861368371
"Wave_1773",3.23037848078047
"Wave_1774",3.33361625521245
"Wave_1775",3.43685372088672
"Wave_1776",3.36147644503046
"Wave_1777",3.16143226361647
"Wave_1778",2.95604196005343
"Wave_1779",2.79342321697936
"Wave_1780",2.78741762487179
"Wave_1781",2.74764488084834
"Wave_1782",2.70787196811951
"Wave_1783",2.61357935243998
"Wave_1784",2.54607025885557
"Wave_1785",2.49434249020167
"Wave_1786",2.43853732328236
"Wave_1787",2.34722361666462
"Wave_1788",2.26067878630926
"Wave_1789",2.17413403128933
"Wave_1790",2.04617216463376
"Wave_1791",1.88725328361334
"Wave_1792",1.72690073242803
"Wave_1793",1.56917510472445
"Wave_1794",1.43806875656357
"Wave_1795",1.33376195108838
"Wave_1796",1.22945507459244
"Wave_1797",1.196050730281
"Wave_1798",1.21996220673376
"Wave_1799",1.23481557785859
"Wave_1800",1.24966919843046
"Wave_1801",1.12890201425639
"Wave_1802",1.05060501030656
"Wave_1803",0.972308661855441
"Wave_1804",0.976067788227636
"Wave_1805",1.05389146871868
"Wave_1806",1.12372448828557
"Wave_1807",1.19355749441449
"Wave_1808",1.08146290173443
"Wave_1809",0.939121460048993
"Wave_1810",0.793419654302157
"Wave_1811",0.664853212948543
"Wave_1812",0.574317380770117
"Wave_1813",0.5022721529144
"Wave_1814",0.430226757094811
"Wave_1815",0.401361663029489
"Wave_1816",0.326355586645555
"Wave_1817",0.238614720582938
"Wave_1818",0.144537850692324
"Wave_1819",0.0577796999531204
"Wave_1820",0.0102733827113753
"Wave_1821",-0.0372325309420479
"Wave_1822",-0.0708860770037518
"Wave_1823",-0.0126017988719709
"Wave_1824",0.0682821558422397
"Wave_1825",0.120442111622806
"Wave_1826",0.117793241650198
"Wave_1827",0.0682474559394134
"Wave_1828",0.0187019467721777
"Wave_1829",0.0358776311070444
"Wave_1830",0.0249132391919475
"Wave_1831",-0.00128852156860892
"Wave_1832",-0.0807171382945321
"Wave_1833",-0.221647068922939
"Wave_1834",-0.289221132043624
"Wave_1835",-0.35679494955487
"Wave_1836",-0.293566918303337
"Wave_1837",-0.249206664826422
"Wave_1838",-0.227114184974721
"Wave_1839",-0.219655969809553
"Wave_1840",-0.228804684505595
"Wave_1841",-0.18985030459975
"Wave_1842",-0.150896158452497
"Wave_1843",0.0456176339430523
"Wave_1844",0.205826439491382
"Wave_1845",0.330161316376503
"Wave_1846",0.4121173943726
"Wave_1847",0.426973714299788
"Wave_1848",0.410058145564768
"Wave_1849",0.393143050730957
"Wave_1850",0.35740201881779
"Wave_1851",0.300490594577924
"Wave_1852",0.224500561174112
"Wave_1853",0.291622787947536
"Wave_1854",0.573413214922703
"Wave_1855",0.810115633459686
"Wave_1856",1.04681833526665
"Wave_1857",1.13443122561575
"Wave_1858",1.17024040875732
"Wave_1859",1.15424636275331
"Wave_1860",1.21682805338092
"Wave_1861",1.35798555132786
"Wave_1862",1.3080350383242
"Wave_1863",1.25808454246808
"Wave_1864",1.66168488892751
"Wave_1865",1.95928386438693
"Wave_1866",2.09788096442216
"Wave_1867",2.32727626558619
"Wave_1868",2.64746979441891
"Wave_1869",2.73055125343364
"Wave_1870",2.82639167504819
"Wave_1871",3.27417556995913
"Wave_1872",3.58390217807467
"Wave_1873",3.6865434786083
"Wave_1874",3.97104586599561
"Wave_1875",4.37678893897257
"Wave_1876",4.48381383625301
"Wave_1877",4.57025315515802
"Wave_1878",4.77013651692216
"Wave_1879",4.853401142484
"Wave_1880",4.76173724003909
"Wave_1881",4.78736704494025
"Wave_1882",4.89119279570415
"Wave_1883",4.93680709626635
"Wave_1884",4.95588244326065
"Wave_1885",4.89467351953545
"Wave_1886",4.84430035779313
"Wave_1887",4.81018088212048
"Wave_1888",4.63737583270953
"Wave_1889",4.4051340813733
"Wave_1890",4.33605964317764
"Wave_1891",4.24842069145541
"Wave_1892",4.01400497990282
"Wave_1893",3.93110334506902
"Wave_1894",4.0754727710916
"Wave_1895",3.87418565254622
"Wave_1896",3.58648434401094
"Wave_1897",3.59146896343663
"Wave_1898",2.68698535396703
"Wave_1899",-0.415472386199634
"Wave_1900",-2.43006623230322
"Wave_1901",-2.47457191113689
"Wave_1902",0.525553430465291
"Wave_1903",2.59424066249695
"Wave_1904",2.3003742364761
"Wave_1905",1.7227108843636
"Wave_1906",1.4195272868521
"Wave_1907",1.36712468718774
"Wave_1908",1.33167064365292
"Wave_1909",1.42483829166992
"Wave_1910",1.57199236759263
"Wave_1911",1.74728483717246
"Wave_1912",1.87326065840415
"Wave_1913",1.75643126489798
"Wave_1914",1.71642962169077
"Wave_1915",1.69530241490093
"Wave_1916",1.66031342321969
"Wave_1917",1.8434642286492
"Wave_1918",1.78397727932125
"Wave_1919",1.73494371400841
"Wave_1920",1.7232132947013
"Wave_1921",1.70471718809345
"Wave_1922",1.70641996901052
"Wave_1923",1.72495103218511
"Wave_1924",1.74203752482462
"Wave_1925",1.74157102738679
"Wave_1926",1.70525774679397
"Wave_1927",1.68501136453801
"Wave_1928",1.69995405849359
"Wave_1929",1.67127885178507
"Wave_1930",1.65869904056871
"Wave_1931",1.63656305932959
"Wave_1932",1.60343346294225
"Wave_1933",1.59673471835219
"Wave_1934",1.57689753720481
"Wave_1935",1.57369492846021
"Wave_1936",1.60299946446055
"Wave_1937",1.58125733135276
"Wave_1938",1.55736281291873
"Wave_1939",1.54863731176935
"Wave_1940",1.54424212758644
"Wave_1941",1.58234284811733
"Wave_1942",1.59511433214379
"Wave_1943",1.6218916673713
"Wave_1944",1.67262270455959
"Wave_1945",1.67524951769291
"Wave_1946",1.66689534326893
"Wave_1947",1.57402637494637
"Wave_1948",1.46277393385848
"Wave_1949",1.34557766939389
"Wave_1950",1.20484855628531
"Wave_1951",1.06866852717969
"Wave_1952",0.998044619510345
"Wave_1953",0.974780845420399
"Wave_1954",0.955042150810831
"Wave_1955",0.91827462481356
"Wave_1956",0.879353890775585
"Wave_1957",0.869703922562034
"Wave_1958",0.772397172326269
"Wave_1959",0.698805869072461
"Wave_1960",0.677771914684784
"Wave_1961",0.654885409367012
"Wave_1962",0.587448292831803
"Wave_1963",0.498979063730406
"Wave_1964",0.410509820451872
"Wave_1965",0.365157405037984
"Wave_1966",0.353859032957512
"Wave_1967",0.3474742459828
"Wave_1968",0.294604858448329
"Wave_1969",0.218654709602739
"Wave_1970",0.15953124217195
"Wave_1971",0.069933217978734
"Wave_1972",-0.0210192525463806
"Wave_1973",-0.102566545406628
"Wave_1974",-0.151721245198639
"Wave_1975",-0.197324994734635
"Wave_1976",-0.310622012743458
"Wave_1977",-0.441730098635538
"Wave_1978",-0.540620996483085
"Wave_1979",-0.65303728276365
"Wave_1980",-0.76211663750856
"Wave_1981",-0.782493506906029
"Wave_1982",-0.752633848757634
"Wave_1983",-0.696737159887181
"Wave_1984",-0.760459189461999
"Wave_1985",-0.824181200774268
"Wave_1986",-0.963531747034258
"Wave_1987",-1.10382281399202
"Wave_1988",-1.2226270693248
"Wave_1989",-1.29437040383814
"Wave_1990",-1.36743157756336
"Wave_1991",-1.45113460429896
"Wave_1992",-1.54203819775504
"Wave_1993",-1.63451482147958
"Wave_1994",-1.74940913796858
"Wave_1995",-1.87256425378984
"Wave_1996",-1.97316321082789
"Wave_1997",-1.90029028993374
"Wave_1998",-1.81064890550331
"Wave_1999",-1.76536629785183
"Wave_2000",-1.83691332634882
"Wave_2001",-1.92104035254329
"Wave_2002",-2.00125611900683
"Wave_2003",-2.0672156065489
"Wave_2004",-2.11332005220432
"Wave_2005",-2.17323979683688
"Wave_2006",-2.23565497603614
"Wave_2007",-2.33208793012634
"Wave_2008",-2.44007997031836
"Wave_2009",-2.51033590605313
"Wave_2010",-2.48787542566746
"Wave_2011",-2.45930602373244
"Wave_2012",-2.46523567647032
"Wave_2013",-2.44044200876877
"Wave_2014",-2.43160420790041
"Wave_2015",-2.412412066206
"Wave_2016",-2.38132376894096
"Wave_2017",-2.37043523916547
"Wave_2018",-2.52391068303363
"Wave_2019",-2.67724387889205
"Wave_2020",-2.74113787936162
"Wave_2021",-2.74625915339652
"Wave_2022",-2.76589749494208
"Wave_2023",-2.87670734494954
"Wave_2024",-2.98751719974469
"Wave_2025",-3.01402103328575
"Wave_2026",-2.97788036671474
"Wave_2027",-2.97069653876298
"Wave_2028",-2.98952705094245
"Wave_2029",-2.99796970766882
"Wave_2030",-2.9967255044342
"Wave_2031",-2.97329306802001
"Wave_2032",-2.94679831014999
"Wave_2033",-2.97388414594926
"Wave_2034",-3.02918278507215
"Wave_2035",-3.05260716676439
"Wave_2036",-2.9429922298852
"Wave_2037",-2.83337727599382
"Wave_2038",-2.78432530326269
"Wave_2039",-2.75727867803381
"Wave_2040",-2.80129424802636
"Wave_2041",-2.84013681096164
"Wave_2042",-2.87897933908618
"Wave_2043",-2.84307399588783
"Wave_2044",-2.82268254547319
"Wave_2045",-2.81518303763475
"Wave_2046",-2.80982733945741
"Wave_2047",-2.80136761968593
"Wave_2048",-2.81334260925292
"Wave_2049",-2.83836605161002
"Wave_2050",-2.85464251478369
"Wave_2051",-2.85126873458588
"Wave_2052",-2.85446832814077
"Wave_2053",-2.83064510766415
"Wave_2054",-2.71168016884636
"Wave_2055",-2.6013826445538
"Wave_2056",-2.51547526887688
"Wave_2057",-2.39382314969613
"Wave_2058",-2.24509304973289
"Wave_2059",-2.14111246122327
"Wave_2060",-2.03713188387461
"Wave_2061",-1.88397239382416
"Wave_2062",-1.69931569724168
"Wave_2063",-1.54035967722698
"Wave_2064",-1.36543915919511
"Wave_2065",-1.19051860602241
"Wave_2066",-1.0057307392798
"Wave_2067",-0.811243114586562
"Wave_2068",-0.605265667997554
"Wave_2069",-0.489294881904515
"Wave_2070",-0.386303649627797
"Wave_2071",-0.270007924749132
"Wave_2072",-0.0765162861634383
"Wave_2073",0.13024642434372
"Wave_2074",0.480371676707293
"Wave_2075",0.853066607257043
"Wave_2076",1.14244254071162
"Wave_2077",1.24674529071558
"Wave_2078",1.34588956941992
"Wave_2079",1.50985735581686
"Wave_2080",1.70163799512447
"Wave_2081",1.84971094752736
"Wave_2082",2.03222114000423
"Wave_2083",2.23375315362294
"Wave_2084",2.54292428026666
"Wave_2085",2.82485687155207
"Wave_2086",3.02446986870225
"Wave_2087",3.13358894017653
"Wave_2088",3.24270803856352
"Wave_2089",3.42926187857234
"Wave_2090",3.57299576330733
"Wave_2091",3.67616968980203
"Wave_2092",3.86290905493322
"Wave_2093",4.04964843511479
"Wave_2094",4.15463794873575
"Wave_2095",4.22278757677805
"Wave_2096",4.28840787231379
"Wave_2097",4.36865793943561
"Wave_2098",4.44890801202067
"Wave_2099",4.57148003636691
"Wave_2100",4.68451198861891
"Wave_2101",4.80608931746804
"Wave_2102",4.91992472969061
"Wave_2103",5.03376016124118
"Wave_2104",5.10871019349461
"Wave_2105",5.17200727362954
"Wave_2106",5.18738485632239
"Wave_2107",5.23940920356053
"Wave_2108",5.29143356645993
"Wave_2109",5.41121622432725
"Wave_2110",5.44379551959526
"Wave_2111",5.43309360584863
"Wave_2112",5.43585153955126
"Wave_2113",5.43860912837852
"Wave_2114",5.45190146477381
"Wave_2115",5.46775773942979
"Wave_2116",5.53780928564059
"Wave_2117",5.5826886491179
"Wave_2118",5.62756793074874
"Wave_2119",5.55808460926177
"Wave_2120",5.52365483211564
"Wave_2121",5.48655589337735
"Wave_2122",5.40950109482166
"Wave_2123",5.33244654067331
"Wave_2124",5.22899950679028
"Wave_2125",5.0730658428991
"Wave_2126",4.92882759568758
"Wave_2127",4.87919026255083
"Wave_2128",4.82955261917887
"Wave_2129",4.57169784757519
"Wave_2130",4.24282917174241
"Wave_2131",3.98073328103709
"Wave_2132",3.78987505919965
"Wave_2133",3.59901667439481
"Wave_2134",3.28868091632929
"Wave_2135",3.02107341722947
"Wave_2136",2.7779661702734
"Wave_2137",2.55514386439871
"Wave_2138",2.3323217054418
"Wave_2139",1.97659782615073
"Wave_2140",1.54014319259623
"Wave_2141",1.11668423785875
"Wave_2142",0.786983103808257
"Wave_2143",0.457281680463376
"Wave_2144",0.220244520098747
"Wave_2145",-0.0416128167750014
"Wave_2146",-0.325169262760138
"Wave_2147",-0.625370959459922
"Wave_2148",-0.925572784582552
"Wave_2149",-1.39277899909424
"Wave_2150",-1.84313484390347
"Wave_2151",-2.217697524682
"Wave_2152",-2.46554180556686
"Wave_2153",-2.7091879384236
"Wave_2154",-3.11618175060048
"Wave_2155",-3.57345883863394
"Wave_2156",-3.95203718668169
"Wave_2157",-4.23956629474185
"Wave_2158",-4.53689456750036
"Wave_2159",-4.76735564898948
"Wave_2160",-4.9805876647484
"Wave_2161",-5.22295524112922
"Wave_2162",-5.47948100323979
"Wave_2163",-5.70806893234109
"Wave_2164",-6.0297618331928
"Wave_2165",-6.35145467265297
"Wave_2166",-6.66720607884174
"Wave_2167",-6.95475495411803
"Wave_2168",-7.24605031140076
"Wave_2169",-7.47180182621548
"Wave_2170",-7.6975533547695
"Wave_2171",-7.9142291273334
"Wave_2172",-8.12385645001812
"Wave_2173",-8.33495025817882
"Wave_2174",-8.7171865143409
"Wave_2175",-9.09942299014607
"Wave_2176",-9.44664603181223
"Wave_2177",-9.73356932438542
"Wave_2178",-9.91375809286487
"Wave_2179",-9.91616765254041
"Wave_2180",-9.91857793044773
"Wave_2181",-9.98747726706756
"Wave_2182",-10.0792479926784
"Wave_2183",-10.2476813426724
"Wave_2184",-10.4132515135726
"Wave_2185",-10.5526775930156
"Wave_2186",-10.5460450888454
"Wave_2187",-10.5394125293847
"Wave_2188",-10.5408269581984
"Wave_2189",-10.5205227482238
"Wave_2190",-10.4847785438694
"Wave_2191",-10.467389240555
"Wave_2192",-10.4500000475502
"Wave_2193",-10.522176354951
"Wave_2194",-10.6237941081976
"Wave_2195",-10.6849086376628
"Wave_2196",-10.6462924660058
"Wave_2197",-10.6076763532699
"Wave_2198",-10.5906988928589
"Wave_2199",-10.5771538672141
"Wave_2200",-10.4035503636536
"Wave_2201",-10.0981562142694
"Wave_2202",-9.79863557707161
"Wave_2203",-9.54803461932941
"Wave_2204",-9.29743364798574
"Wave_2205",-9.21418160500595
"Wave_2206",-9.2189929224965
"Wave_2207",-9.28742206319553
"Wave_2208",-9.54509271031849
"Wave_2209",-9.8027629486307
"Wave_2210",-9.75714403003019
"Wave_2211",-9.66174597583133
"Wave_2212",-9.52348924776373
"Wave_2213",-9.29710430231536
"Wave_2214",-9.0804806113841
"Wave_2215",-8.95995659828953
"Wave_2216",-8.84034909433436
"Wave_2217",-8.70056855118614
"Wave_2218",-8.52697619301416
"Wave_2219",-8.35350170867297
"Wave_2220",-8.14428990031017
"Wave_2221",-7.93507808228475
"Wave_2222",-7.7747920253068
"Wave_2223",-7.65695273242748
"Wave_2224",-7.53019619430329
"Wave_2225",-7.39949618839866
"Wave_2226",-7.26879571511249
"Wave_2227",-7.17781875098199
"Wave_2228",-7.07369580552855
"Wave_2229",-6.94864098746126
"Wave_2230",-6.78760899708603
"Wave_2231",-6.62164468506989
"Wave_2232",-6.47121385108275
"Wave_2233",-6.32078323378111
"Wave_2234",-6.1541391382895
"Wave_2235",-5.98344176302608
"Wave_2236",-5.83302070119437
"Wave_2237",-5.71301326972274
"Wave_2238",-5.60519828809704
"Wave_2239",-5.50106492439696
"Wave_2240",-5.3969321947822
"Wave_2241",-5.36319500777045
"Wave_2242",-5.38651350875373
"Wave_2243",-5.3843345420166
"Wave_2244",-5.26671094847686
"Wave_2245",-5.14908730510145
"Wave_2246",-4.99372994930564
"Wave_2247",-4.82022590695818
"Wave_2248",-4.63901559841455
"Wave_2249",-4.47297633614412
"Wave_2250",-4.31618555219825
"Wave_2251",-4.24263087991834
"Wave_2252",-4.16907640370973
"Wave_2253",-4.10842394509462
"Wave_2254",-4.04942646691325
"Wave_2255",-4.00205400599808
"Wave_2256",-3.91826050609083
"Wave_2257",-3.83446609287241
"Wave_2258",-3.54271564050377
"Wave_2259",-3.25096534786149
"Wave_2260",-3.01727787574697
"Wave_2261",-2.82229938202572
"Wave_2262",-2.57331818977748
"Wave_2263",-2.14146254750133
"Wave_2264",-1.70960644890951
"Wave_2265",-1.54113999980256
"Wave_2266",-1.40193884086764
"Wave_2267",-1.28500137833829
"Wave_2268",-1.18461225167466
"Wave_2269",-1.03423935115168
"Wave_2270",-0.683929503092809
"Wave_2271",-0.333619680664122
"Wave_2272",-0.066136053661257
"Wave_2273",0.180641161036719
"Wave_2274",0.414227404023938
"Wave_2275",0.634622568770251
"Wave_2276",0.842245917825917
"Wave_2277",0.934920332752573
"Wave_2278",1.02759475806445
"Wave_2279",1.16794667375758
"Wave_2280",1.32021780733228
"Wave_2281",1.46815091728343
"Wave_2282",1.6095765512901
"Wave_2283",1.74999927440934
"Wave_2284",1.88139604290859
"Wave_2285",2.01279296614584
"Wave_2286",2.09633587587728
"Wave_2287",2.16357490913512
"Wave_2288",2.14725490714715
"Wave_2289",2.00559682013439
"Wave_2290",1.87861398358516
"Wave_2291",1.88371091387773
"Wave_2292",1.88880807641691
"Wave_2293",2.10594748275748
"Wave_2294",2.41396180435173
"Wave_2295",2.66840012336184
"Wave_2296",2.84247383591047
"Wave_2297",3.02766337459727
"Wave_2298",3.31289618456682
"Wave_2299",3.59812937430742
"Wave_2300",3.97537564616402
"Wave_2301",4.39205619580044
"Wave_2302",4.68715704996504
"Wave_2303",4.79988823637643
"Wave_2304",4.9322085337594
"Wave_2305",5.24083292389424
"Wave_2306",5.54945744995947
"Wave_2307",5.77181677045809
"Wave_2308",5.97260926772762
"Wave_2309",6.17374533644375
"Wave_2310",6.37539661037831
"Wave_2311",6.57950546063466
"Wave_2312",6.80573159324883
"Wave_2313",7.03195783593957
"Wave_2314",7.17653887264068
"Wave_2315",7.30070825250736
"Wave_2316",7.35062833553221
"Wave_2317",7.32629866157683
"Wave_2318",7.23236616722634
"Wave_2319",6.86002183626255
"Wave_2320",6.48767768978108
"Wave_2321",6.02582908093922
"Wave_2322",5.55403550008821
"Wave_2323",5.59206222395282
"Wave_2324",5.9699691707615
"Wave_2325",6.2499510324953
"Wave_2326",6.30144166648116
"Wave_2327",6.35293203363121
"Wave_2328",6.22953675246917
"Wave_2329",6.10614133055867
"Wave_2330",5.89653319108144
"Wave_2331",5.64997677851088
"Wave_2332",5.4695797171582
"Wave_2333",5.38842218916138
"Wave_2334",5.31521045698613
"Wave_2335",5.31351092027335
"Wave_2336",5.31181130155109
"Wave_2337",5.21721642783576
"Wave_2338",5.09939752582786
"Wave_2339",4.94687412735193
"Wave_2340",4.75964588533137
"Wave_2341",4.63131302295101
"Wave_2342",4.73856032026153
"Wave_2343",4.84580777271328
"Wave_2344",5.00223918014026
"Wave_2345",5.16413555203774
"Wave_2346",5.12902653013678
"Wave_2347",5.01810559177323
"Wave_2348",4.81206860939177
"Wave_2349",4.46778562959928
"Wave_2350",4.15462077112128
"Wave_2351",4.12152059433313
"Wave_2352",4.08842028117597
"Wave_2353",4.09995180488387
"Wave_2354",4.12264125092256
"Wave_2355",4.11178909606577
"Wave_2356",4.08797678827195
"Wave_2357",4.15148278093996
"Wave_2358",4.41383201784193
"Wave_2359",4.67618123951835
"Wave_2360",4.62492436355438
"Wave_2361",4.57366737076105
"Wave_2362",4.73094047399056
"Wave_2363",4.95167329127286
"Wave_2364",5.15513648762445
"Wave_2365",5.31133078953682
"Wave_2366",5.4274496335021
"Wave_2367",5.38326740654281
"Wave_2368",5.3390852012224
"Wave_2369",5.03341107185586
"Wave_2370",4.72958275975247
"Wave_2371",4.72380214631778
"Wave_2372",4.84575604606904
"Wave_2373",5.01215627724769
"Wave_2374",5.2452258734828
"Wave_2375",5.45929863524226
"Wave_2376",5.40727844288821
"Wave_2377",5.35525825469898
"Wave_2378",5.34613691760363
"Wave_2379",5.34178227710745
"Wave_2380",5.36977405631225
"Wave_2381",5.41856981402437
"Wave_2382",5.26653320222091
"Wave_2383",4.81324844558495
"Wave_2384",4.41394390285584
"Wave_2385",4.23056069855252
"Wave_2386",4.04717728577268
"Wave_2387",4.11924345518283
"Wave_2388",4.16736007765103
"Wave_2389",4.23894689152315
"Wave_2390",4.32059235245235
"Wave_2391",4.16819547734696
"Wave_2392",3.80578856456893
"Wave_2393",3.58520433083634
"Wave_2394",3.66993388203026
"Wave_2395",3.75466348899492
"Wave_2396",3.83586918807114
"Wave_2397",3.91707486283343
"Wave_2398",3.83500396481406
"Wave_2399",3.73166938525497
"Wave_2400",3.66225692869955
